codigo_municipio,anio,trimestre,accesos
05001,2022,1,647782
05001,2022,2,656454
05001,2022,3,662809
05001,2022,4,678288
05001,2023,1,676375
05001,2023,2,682263
05001,2023,3,685683
05001,2023,4,681466
05001,2024,1,687804
05001,2024,2,681854
05001,2024,3,691886
05001,2024,4,702155
05001,2025,1,714944
05001,2025,2,726541
05001,2025,3,764748
05001,2025,4,775850
05002,2022,1,2309
05002,2022,2,2323
05002,2022,3,2284
05002,2022,4,2220
05002,2023,1,993
05002,2023,2,865
05002,2023,3,860
05002,2023,4,843
05002,2024,1,811
05002,2024,2,659
05002,2024,3,584
05002,2024,4,546
05002,2025,1,387
05002,2025,2,431
05002,2025,3,397
05002,2025,4,338
05004,2022,1,139
05004,2022,2,140
05004,2022,3,130
05004,2022,4,130
05004,2023,1,123
05004,2023,2,121
05004,2023,3,104
05004,2023,4,94
05004,2024,1,89
05004,2024,2,76
05004,2024,3,68
05004,2024,4,63
05004,2025,1,59
05004,2025,2,55
05004,2025,3,48
05004,2025,4,43
05021,2022,1,243
05021,2022,2,171
05021,2022,3,221
05021,2022,4,253
05021,2023,1,203
05021,2023,2,235
05021,2023,3,219
05021,2023,4,264
05021,2024,1,248
05021,2024,2,207
05021,2024,3,228
05021,2024,4,344
05021,2025,1,313
05021,2025,2,333
05021,2025,3,333
05021,2025,4,320
05030,2022,1,3425
05030,2022,2,3354
05030,2022,3,3376
05030,2022,4,3240
05030,2023,1,3358
05030,2023,2,3180
05030,2023,3,3001
05030,2023,4,3969
05030,2024,1,3693
05030,2024,2,3958
05030,2024,3,3984
05030,2024,4,4545
05030,2025,1,4875
05030,2025,2,5684
05030,2025,3,5954
05030,2025,4,4528
05031,2022,1,1408
05031,2022,2,1273
05031,2022,3,1287
05031,2022,4,1244
05031,2023,1,1323
05031,2023,2,893
05031,2023,3,917
05031,2023,4,1147
05031,2024,1,1491
05031,2024,2,4555
05031,2024,3,2685
05031,2024,4,2366
05031,2025,1,2244
05031,2025,2,2441
05031,2025,3,1992
05031,2025,4,2045
05034,2022,1,3775
05034,2022,2,3735
05034,2022,3,3852
05034,2022,4,3743
05034,2023,1,3723
05034,2023,2,3116
05034,2023,3,3000
05034,2023,4,2862
05034,2024,1,2722
05034,2024,2,5364
05034,2024,3,4160
05034,2024,4,4187
05034,2025,1,4166
05034,2025,2,4583
05034,2025,3,6760
05034,2025,4,10918
05036,2022,1,366
05036,2022,2,316
05036,2022,3,304
05036,2022,4,253
05036,2023,1,253
05036,2023,2,78
05036,2023,3,63
05036,2023,4,617
05036,2024,1,568
05036,2024,2,625
05036,2024,3,619
05036,2024,4,609
05036,2025,1,686
05036,2025,2,703
05036,2025,3,727
05036,2025,4,760
05038,2022,1,466
05038,2022,2,485
05038,2022,3,407
05038,2022,4,382
05038,2023,1,342
05038,2023,2,305
05038,2023,3,278
05038,2023,4,246
05038,2024,1,430
05038,2024,2,407
05038,2024,3,385
05038,2024,4,298
05038,2025,1,281
05038,2025,2,234
05038,2025,3,201
05038,2025,4,484
05040,2022,1,1189
05040,2022,2,1707
05040,2022,3,1799
05040,2022,4,1777
05040,2023,1,1317
05040,2023,2,1703
05040,2023,3,1739
05040,2023,4,1745
05040,2024,1,1743
05040,2024,2,1738
05040,2024,3,1719
05040,2024,4,1720
05040,2025,1,1512
05040,2025,2,603
05040,2025,3,598
05040,2025,4,665
05042,2022,1,3309
05042,2022,2,3334
05042,2022,3,3482
05042,2022,4,3546
05042,2023,1,3479
05042,2023,2,3014
05042,2023,3,2955
05042,2023,4,2882
05042,2024,1,2786
05042,2024,2,2683
05042,2024,3,2662
05042,2024,4,2647
05042,2025,1,2680
05042,2025,2,2607
05042,2025,3,2614
05042,2025,4,2613
05044,2022,1,396
05044,2022,2,394
05044,2022,3,515
05044,2022,4,503
05044,2023,1,383
05044,2023,2,437
05044,2023,3,421
05044,2023,4,412
05044,2024,1,468
05044,2024,2,283
05044,2024,3,455
05044,2024,4,467
05044,2025,1,770
05044,2025,2,361
05044,2025,3,405
05044,2025,4,605
05045,2022,1,26593
05045,2022,2,26522
05045,2022,3,27000
05045,2022,4,26729
05045,2023,1,26320
05045,2023,2,19592
05045,2023,3,19216
05045,2023,4,21209
05045,2024,1,21676
05045,2024,2,22871
05045,2024,3,24219
05045,2024,4,24931
05045,2025,1,26059
05045,2025,2,27720
05045,2025,3,29318
05045,2025,4,30389
05051,2022,1,1484
05051,2022,2,1500
05051,2022,3,1451
05051,2022,4,1390
05051,2023,1,1328
05051,2023,2,1013
05051,2023,3,971
05051,2023,4,907
05051,2024,1,580
05051,2024,2,356
05051,2024,3,493
05051,2024,4,497
05051,2025,1,468
05051,2025,2,501
05051,2025,3,510
05051,2025,4,1030
05055,2022,1,184
05055,2022,2,199
05055,2022,3,200
05055,2022,4,193
05055,2023,1,173
05055,2023,2,161
05055,2023,3,146
05055,2023,4,137
05055,2024,1,113
05055,2024,2,97
05055,2024,3,82
05055,2024,4,75
05055,2025,1,45
05055,2025,2,34
05055,2025,3,20
05055,2025,4,10
05059,2022,1,274
05059,2022,2,273
05059,2022,3,404
05059,2022,4,372
05059,2023,1,278
05059,2023,2,337
05059,2023,3,292
05059,2023,4,277
05059,2024,1,408
05059,2024,2,148
05059,2024,3,425
05059,2024,4,386
05059,2025,1,915
05059,2025,2,349
05059,2025,3,523
05059,2025,4,909
05079,2022,1,7878
05079,2022,2,7948
05079,2022,3,7953
05079,2022,4,8201
05079,2023,1,8117
05079,2023,2,8206
05079,2023,3,8162
05079,2023,4,8463
05079,2024,1,8355
05079,2024,2,9459
05079,2024,3,8812
05079,2024,4,9880
05079,2025,1,10421
05079,2025,2,10737
05079,2025,3,10522
05079,2025,4,11164
05086,2022,1,365
05086,2022,2,359
05086,2022,3,354
05086,2022,4,349
05086,2023,1,348
05086,2023,2,336
05086,2023,3,321
05086,2023,4,308
05086,2024,1,274
05086,2024,2,251
05086,2024,3,222
05086,2024,4,213
05086,2025,1,227
05086,2025,2,502
05086,2025,3,575
05086,2025,4,525
05088,2022,1,132389
05088,2022,2,134309
05088,2022,3,135917
05088,2022,4,137985
05088,2023,1,141156
05088,2023,2,141313
05088,2023,3,141875
05088,2023,4,139713
05088,2024,1,140945
05088,2024,2,145830
05088,2024,3,150350
05088,2024,4,158935
05088,2025,1,163631
05088,2025,2,166953
05088,2025,3,171291
05088,2025,4,176311
05091,2022,1,750
05091,2022,2,708
05091,2022,3,795
05091,2022,4,738
05091,2023,1,721
05091,2023,2,782
05091,2023,3,662
05091,2023,4,676
05091,2024,1,623
05091,2024,2,616
05091,2024,3,624
05091,2024,4,603
05091,2025,1,541
05091,2025,2,542
05091,2025,3,556
05091,2025,4,552
05093,2022,1,1477
05093,2022,2,1484
05093,2022,3,1605
05093,2022,4,1563
05093,2023,1,1797
05093,2023,2,1084
05093,2023,3,1047
05093,2023,4,1022
05093,2024,1,1378
05093,2024,2,845
05093,2024,3,1879
05093,2024,4,1571
05093,2025,1,1558
05093,2025,2,1153
05093,2025,3,1220
05093,2025,4,1702
05101,2022,1,2230
05101,2022,2,2340
05101,2022,3,2954
05101,2022,4,2963
05101,2023,1,2726
05101,2023,2,1752
05101,2023,3,1510
05101,2023,4,1644
05101,2024,1,1334
05101,2024,2,1141
05101,2024,3,1088
05101,2024,4,1708
05101,2025,1,1618
05101,2025,2,1648
05101,2025,3,2039
05101,2025,4,2412
05107,2022,1,546
05107,2022,2,570
05107,2022,3,614
05107,2022,4,707
05107,2023,1,657
05107,2023,2,581
05107,2023,3,592
05107,2023,4,587
05107,2024,1,436
05107,2024,2,482
05107,2024,3,470
05107,2024,4,647
05107,2025,1,609
05107,2025,2,522
05107,2025,3,473
05107,2025,4,527
05113,2022,1,416
05113,2022,2,435
05113,2022,3,427
05113,2022,4,932
05113,2023,1,843
05113,2023,2,810
05113,2023,3,1108
05113,2023,4,937
05113,2024,1,700
05113,2024,2,631
05113,2024,3,644
05113,2024,4,909
05113,2025,1,895
05113,2025,2,937
05113,2025,3,880
05113,2025,4,982
05120,2022,1,1725
05120,2022,2,1685
05120,2022,3,1646
05120,2022,4,1448
05120,2023,1,1225
05120,2023,2,776
05120,2023,3,724
05120,2023,4,644
05120,2024,1,600
05120,2024,2,500
05120,2024,3,417
05120,2024,4,377
05120,2025,1,372
05120,2025,2,288
05120,2025,3,961
05120,2025,4,874
05125,2022,1,321
05125,2022,2,324
05125,2022,3,328
05125,2022,4,339
05125,2023,1,588
05125,2023,2,672
05125,2023,3,359
05125,2023,4,362
05125,2024,1,334
05125,2024,2,1034
05125,2024,3,263
05125,2024,4,728
05125,2025,1,439
05125,2025,2,686
05125,2025,3,642
05125,2025,4,123
05129,2022,1,19956
05129,2022,2,20330
05129,2022,3,20380
05129,2022,4,20473
05129,2023,1,20596
05129,2023,2,20798
05129,2023,3,21031
05129,2023,4,21089
05129,2024,1,21183
05129,2024,2,21524
05129,2024,3,21738
05129,2024,4,22537
05129,2025,1,22988
05129,2025,2,23478
05129,2025,3,24167
05129,2025,4,24837
05134,2022,1,417
05134,2022,2,358
05134,2022,3,376
05134,2022,4,366
05134,2023,1,387
05134,2023,2,388
05134,2023,3,381
05134,2023,4,395
05134,2024,1,395
05134,2024,2,387
05134,2024,3,372
05134,2024,4,421
05134,2025,1,435
05134,2025,2,99
05134,2025,3,82
05134,2025,4,323
05138,2022,1,614
05138,2022,2,663
05138,2022,3,666
05138,2022,4,669
05138,2023,1,641
05138,2023,2,611
05138,2023,3,647
05138,2023,4,618
05138,2024,1,566
05138,2024,2,574
05138,2024,3,528
05138,2024,4,550
05138,2025,1,536
05138,2025,2,540
05138,2025,3,494
05138,2025,4,547
05142,2022,1,393
05142,2022,2,388
05142,2022,3,385
05142,2022,4,381
05142,2023,1,367
05142,2023,2,339
05142,2023,3,330
05142,2023,4,321
05142,2024,1,328
05142,2024,2,321
05142,2024,3,303
05142,2024,4,284
05142,2025,1,263
05142,2025,2,246
05142,2025,3,228
05142,2025,4,202
05145,2022,1,370
05145,2022,2,425
05145,2022,3,431
05145,2022,4,433
05145,2023,1,432
05145,2023,2,428
05145,2023,3,431
05145,2023,4,432
05145,2024,1,433
05145,2024,2,429
05145,2024,3,436
05145,2024,4,423
05145,2025,1,373
05145,2025,2,330
05145,2025,3,487
05145,2025,4,486
05147,2022,1,6703
05147,2022,2,6475
05147,2022,3,6524
05147,2022,4,6598
05147,2023,1,6757
05147,2023,2,5225
05147,2023,3,5186
05147,2023,4,5319
05147,2024,1,5303
05147,2024,2,5295
05147,2024,3,5419
05147,2024,4,5633
05147,2025,1,5880
05147,2025,2,6769
05147,2025,3,7299
05147,2025,4,7669
05148,2022,1,9343
05148,2022,2,8589
05148,2022,3,8469
05148,2022,4,8712
05148,2023,1,10319
05148,2023,2,8697
05148,2023,3,9255
05148,2023,4,9985
05148,2024,1,10208
05148,2024,2,10715
05148,2024,3,10932
05148,2024,4,10529
05148,2025,1,12472
05148,2025,2,12295
05148,2025,3,13012
05148,2025,4,12335
05150,2022,1,434
05150,2022,2,533
05150,2022,3,434
05150,2022,4,455
05150,2023,1,393
05150,2023,2,387
05150,2023,3,343
05150,2023,4,325
05150,2024,1,295
05150,2024,2,261
05150,2024,3,219
05150,2024,4,617
05150,2025,1,608
05150,2025,2,669
05150,2025,3,611
05150,2025,4,630
05154,2022,1,15898
05154,2022,2,15678
05154,2022,3,16695
05154,2022,4,15553
05154,2023,1,15201
05154,2023,2,11187
05154,2023,3,10483
05154,2023,4,9725
05154,2024,1,8947
05154,2024,2,9084
05154,2024,3,10119
05154,2024,4,11650
05154,2025,1,12679
05154,2025,2,14383
05154,2025,3,15546
05154,2025,4,16706
05172,2022,1,9866
05172,2022,2,9518
05172,2022,3,9851
05172,2022,4,9626
05172,2023,1,9650
05172,2023,2,7758
05172,2023,3,8000
05172,2023,4,7945
05172,2024,1,7896
05172,2024,2,8100
05172,2024,3,8384
05172,2024,4,8873
05172,2025,1,9213
05172,2025,2,9507
05172,2025,3,10200
05172,2025,4,11175
05190,2022,1,2068
05190,2022,2,2058
05190,2022,3,2073
05190,2022,4,2067
05190,2023,1,2037
05190,2023,2,1832
05190,2023,3,1818
05190,2023,4,1761
05190,2024,1,1729
05190,2024,2,1658
05190,2024,3,1757
05190,2024,4,2177
05190,2025,1,1517
05190,2025,2,1351
05190,2025,3,1447
05190,2025,4,1423
05197,2022,1,2395
05197,2022,2,1793
05197,2022,3,1200
05197,2022,4,1857
05197,2023,1,2542
05197,2023,2,1862
05197,2023,3,1877
05197,2023,4,1920
05197,2024,1,1951
05197,2024,2,1979
05197,2024,3,1968
05197,2024,4,2136
05197,2025,1,3627
05197,2025,2,2289
05197,2025,3,2009
05197,2025,4,1499
05206,2022,1,250
05206,2022,2,249
05206,2022,3,245
05206,2022,4,233
05206,2023,1,212
05206,2023,2,198
05206,2023,3,177
05206,2023,4,165
05206,2024,1,142
05206,2024,2,122
05206,2024,3,111
05206,2024,4,104
05206,2025,1,93
05206,2025,2,87
05206,2025,3,73
05206,2025,4,61
05209,2022,1,923
05209,2022,2,1256
05209,2022,3,1267
05209,2022,4,1271
05209,2023,1,1331
05209,2023,2,1490
05209,2023,3,1501
05209,2023,4,1041
05209,2024,1,1070
05209,2024,2,1016
05209,2024,3,982
05209,2024,4,939
05209,2025,1,818
05209,2025,2,850
05209,2025,3,929
05209,2025,4,909
05212,2022,1,20785
05212,2022,2,20974
05212,2022,3,21135
05212,2022,4,21476
05212,2023,1,21711
05212,2023,2,21818
05212,2023,3,21830
05212,2023,4,24574
05212,2024,1,24733
05212,2024,2,25419
05212,2024,3,25905
05212,2024,4,23217
05212,2025,1,24001
05212,2025,2,24343
05212,2025,3,24712
05212,2025,4,25123
05234,2022,1,1097
05234,2022,2,1057
05234,2022,3,1002
05234,2022,4,965
05234,2023,1,865
05234,2023,2,805
05234,2023,3,750
05234,2023,4,697
05234,2024,1,643
05234,2024,2,590
05234,2024,3,515
05234,2024,4,469
05234,2025,1,411
05234,2025,2,392
05234,2025,3,347
05234,2025,4,313
05237,2022,1,3852
05237,2022,2,3780
05237,2022,3,2159
05237,2022,4,1979
05237,2023,1,3613
05237,2023,2,4778
05237,2023,3,3433
05237,2023,4,3071
05237,2024,1,3398
05237,2024,2,3885
05237,2024,3,3589
05237,2024,4,3698
05237,2025,1,3789
05237,2025,2,3823
05237,2025,3,3852
05237,2025,4,4390
05240,2022,1,1103
05240,2022,2,1095
05240,2022,3,969
05240,2022,4,862
05240,2023,1,1070
05240,2023,2,845
05240,2023,3,838
05240,2023,4,820
05240,2024,1,1057
05240,2024,2,753
05240,2024,3,1347
05240,2024,4,1163
05240,2025,1,2278
05240,2025,2,1352
05240,2025,3,1498
05240,2025,4,2415
05250,2022,1,5074
05250,2022,2,5913
05250,2022,3,5005
05250,2022,4,5035
05250,2023,1,4722
05250,2023,2,3996
05250,2023,3,3636
05250,2023,4,3562
05250,2024,1,3424
05250,2024,2,3902
05250,2024,3,3339
05250,2024,4,3348
05250,2025,1,3198
05250,2025,2,5785
05250,2025,3,2863
05250,2025,4,2602
05264,2022,1,1633
05264,2022,2,1843
05264,2022,3,1730
05264,2022,4,761
05264,2023,1,1512
05264,2023,2,1995
05264,2023,3,1625
05264,2023,4,2008
05264,2024,1,1603
05264,2024,2,1703
05264,2024,3,1670
05264,2024,4,2258
05264,2025,1,2293
05264,2025,2,2398
05264,2025,3,1886
05264,2025,4,1922
05266,2022,1,77159
05266,2022,2,77720
05266,2022,3,77910
05266,2022,4,78449
05266,2023,1,78506
05266,2023,2,78573
05266,2023,3,78318
05266,2023,4,78123
05266,2024,1,77794
05266,2024,2,80026
05266,2024,3,80399
05266,2024,4,80956
05266,2025,1,82411
05266,2025,2,87554
05266,2025,3,84978
05266,2025,4,85927
05282,2022,1,2173
05282,2022,2,2186
05282,2022,3,2250
05282,2022,4,1669
05282,2023,1,1736
05282,2023,2,1711
05282,2023,3,1638
05282,2023,4,2049
05282,2024,1,1965
05282,2024,2,1396
05282,2024,3,2197
05282,2024,4,2609
05282,2025,1,3955
05282,2025,2,4291
05282,2025,3,2254
05282,2025,4,4352
05284,2022,1,1771
05284,2022,2,1760
05284,2022,3,1778
05284,2022,4,1814
05284,2023,1,1511
05284,2023,2,1213
05284,2023,3,1749
05284,2023,4,1764
05284,2024,1,1754
05284,2024,2,1772
05284,2024,3,1888
05284,2024,4,1805
05284,2025,1,5020
05284,2025,2,4663
05284,2025,3,4280
05284,2025,4,4466
05306,2022,1,166
05306,2022,2,161
05306,2022,3,156
05306,2022,4,564
05306,2023,1,489
05306,2023,2,430
05306,2023,3,602
05306,2023,4,387
05306,2024,1,258
05306,2024,2,233
05306,2024,3,241
05306,2024,4,319
05306,2025,1,300
05306,2025,2,327
05306,2025,3,313
05306,2025,4,338
05308,2022,1,9484
05308,2022,2,9721
05308,2022,3,9824
05308,2022,4,10044
05308,2023,1,10159
05308,2023,2,10287
05308,2023,3,11312
05308,2023,4,13029
05308,2024,1,12702
05308,2024,2,13339
05308,2024,3,13248
05308,2024,4,12337
05308,2025,1,13119
05308,2025,2,13860
05308,2025,3,14483
05308,2025,4,14113
05310,2022,1,864
05310,2022,2,862
05310,2022,3,821
05310,2022,4,800
05310,2023,1,783
05310,2023,2,621
05310,2023,3,641
05310,2023,4,461
05310,2024,1,436
05310,2024,2,469
05310,2024,3,403
05310,2024,4,1082
05310,2025,1,1119
05310,2025,2,1220
05310,2025,3,1230
05310,2025,4,1214
05313,2022,1,1249
05313,2022,2,1210
05313,2022,3,1255
05313,2022,4,1260
05313,2023,1,1876
05313,2023,2,1306
05313,2023,3,1375
05313,2023,4,1391
05313,2024,1,1432
05313,2024,2,1506
05313,2024,3,1535
05313,2024,4,1501
05313,2025,1,1723
05313,2025,2,1709
05313,2025,3,1796
05313,2025,4,1640
05315,2022,1,408
05315,2022,2,396
05315,2022,3,394
05315,2022,4,378
05315,2023,1,363
05315,2023,2,375
05315,2023,3,372
05315,2023,4,356
05315,2024,1,386
05315,2024,2,371
05315,2024,3,331
05315,2024,4,346
05315,2025,1,119
05315,2025,2,307
05315,2025,3,289
05315,2025,4,345
05318,2022,1,12542
05318,2022,2,12153
05318,2022,3,17019
05318,2022,4,20751
05318,2023,1,13309
05318,2023,2,12966
05318,2023,3,13912
05318,2023,4,14473
05318,2024,1,15246
05318,2024,2,14817
05318,2024,3,15935
05318,2024,4,15993
05318,2025,1,16658
05318,2025,2,16781
05318,2025,3,16720
05318,2025,4,17167
05321,2022,1,1225
05321,2022,2,1757
05321,2022,3,1763
05321,2022,4,1737
05321,2023,1,1871
05321,2023,2,1726
05321,2023,3,1700
05321,2023,4,1708
05321,2024,1,1704
05321,2024,2,2355
05321,2024,3,1680
05321,2024,4,1959
05321,2025,1,1936
05321,2025,2,1919
05321,2025,3,2086
05321,2025,4,2256
05347,2022,1,499
05347,2022,2,492
05347,2022,3,448
05347,2022,4,445
05347,2023,1,417
05347,2023,2,493
05347,2023,3,488
05347,2023,4,445
05347,2024,1,406
05347,2024,2,250
05347,2024,3,479
05347,2024,4,427
05347,2025,1,893
05347,2025,2,541
05347,2025,3,570
05347,2025,4,943
05353,2022,1,471
05353,2022,2,427
05353,2022,3,455
05353,2022,4,423
05353,2023,1,400
05353,2023,2,356
05353,2023,3,306
05353,2023,4,423
05353,2024,1,417
05353,2024,2,414
05353,2024,3,444
05353,2024,4,486
05353,2025,1,521
05353,2025,2,633
05353,2025,3,606
05353,2025,4,654
05360,2022,1,77079
05360,2022,2,78130
05360,2022,3,78333
05360,2022,4,79119
05360,2023,1,79529
05360,2023,2,80067
05360,2023,3,80261
05360,2023,4,80001
05360,2024,1,80741
05360,2024,2,83809
05360,2024,3,84829
05360,2024,4,85951
05360,2025,1,88041
05360,2025,2,90242
05360,2025,3,91735
05360,2025,4,93114
05361,2022,1,1109
05361,2022,2,1054
05361,2022,3,1051
05361,2022,4,994
05361,2023,1,976
05361,2023,2,843
05361,2023,3,815
05361,2023,4,798
05361,2024,1,760
05361,2024,2,701
05361,2024,3,660
05361,2024,4,608
05361,2025,1,551
05361,2025,2,480
05361,2025,3,420
05361,2025,4,370
05364,2022,1,1354
05364,2022,2,1523
05364,2022,3,1700
05364,2022,4,1376
05364,2023,1,1232
05364,2023,2,1331
05364,2023,3,1410
05364,2023,4,1408
05364,2024,1,1475
05364,2024,2,1536
05364,2024,3,1544
05364,2024,4,1571
05364,2025,1,2062
05364,2025,2,2430
05364,2025,3,2362
05364,2025,4,2347
05368,2022,1,1775
05368,2022,2,1840
05368,2022,3,1853
05368,2022,4,1850
05368,2023,1,2243
05368,2023,2,2122
05368,2023,3,2299
05368,2023,4,2334
05368,2024,1,2451
05368,2024,2,2406
05368,2024,3,2407
05368,2024,4,1737
05368,2025,1,1708
05368,2025,2,1205
05368,2025,3,1843
05368,2025,4,1826
05376,2022,1,15041
05376,2022,2,14053
05376,2022,3,20608
05376,2022,4,19553
05376,2023,1,19885
05376,2023,2,21276
05376,2023,3,21786
05376,2023,4,21720
05376,2024,1,22301
05376,2024,2,18702
05376,2024,3,19012
05376,2024,4,22980
05376,2025,1,22160
05376,2025,2,22983
05376,2025,3,16198
05376,2025,4,16569
05380,2022,1,21316
05380,2022,2,21907
05380,2022,3,21857
05380,2022,4,22058
05380,2023,1,22084
05380,2023,2,22206
05380,2023,3,22393
05380,2023,4,22255
05380,2024,1,22381
05380,2024,2,22922
05380,2024,3,23546
05380,2024,4,24257
05380,2025,1,25296
05380,2025,2,27437
05380,2025,3,26385
05380,2025,4,26932
05390,2022,1,934
05390,2022,2,933
05390,2022,3,941
05390,2022,4,930
05390,2023,1,1623
05390,2023,2,1470
05390,2023,3,1425
05390,2023,4,1468
05390,2024,1,1522
05390,2024,2,1415
05390,2024,3,1407
05390,2024,4,1557
05390,2025,1,200
05390,2025,2,174
05390,2025,3,927
05390,2025,4,894
05400,2022,1,1474
05400,2022,2,1396
05400,2022,3,1394
05400,2022,4,1378
05400,2023,1,3595
05400,2023,2,3693
05400,2023,3,3674
05400,2023,4,3710
05400,2024,1,880
05400,2024,2,798
05400,2024,3,4470
05400,2024,4,4492
05400,2025,1,4982
05400,2025,2,5185
05400,2025,3,6227
05400,2025,4,6025
05411,2022,1,404
05411,2022,2,400
05411,2022,3,405
05411,2022,4,406
05411,2023,1,397
05411,2023,2,374
05411,2023,3,359
05411,2023,4,342
05411,2024,1,308
05411,2024,2,228
05411,2024,3,181
05411,2024,4,163
05411,2025,1,141
05411,2025,2,129
05411,2025,3,108
05411,2025,4,79
05425,2022,1,363
05425,2022,2,293
05425,2022,3,290
05425,2022,4,335
05425,2023,1,287
05425,2023,2,295
05425,2023,3,263
05425,2023,4,249
05425,2024,1,317
05425,2024,2,229
05425,2024,3,216
05425,2024,4,326
05425,2025,1,605
05425,2025,2,602
05425,2025,3,904
05425,2025,4,549
05440,2022,1,18209
05440,2022,2,16837
05440,2022,3,15924
05440,2022,4,16201
05440,2023,1,19858
05440,2023,2,17601
05440,2023,3,17807
05440,2023,4,18149
05440,2024,1,18591
05440,2024,2,18842
05440,2024,3,19360
05440,2024,4,18080
05440,2025,1,22038
05440,2025,2,20783
05440,2025,3,21565
05440,2025,4,21748
05467,2022,1,465
05467,2022,2,473
05467,2022,3,694
05467,2022,4,445
05467,2023,1,427
05467,2023,2,521
05467,2023,3,516
05467,2023,4,486
05467,2024,1,413
05467,2024,2,107
05467,2024,3,202
05467,2024,4,207
05467,2025,1,232
05467,2025,2,265
05467,2025,3,275
05467,2025,4,297
05475,2022,1,101
05475,2022,2,101
05475,2022,3,94
05475,2022,4,88
05475,2023,1,75
05475,2023,2,72
05475,2023,3,63
05475,2023,4,57
05475,2024,1,51
05475,2024,2,46
05475,2024,3,38
05475,2024,4,31
05475,2025,1,20
05475,2025,2,12
05475,2025,3,8
05475,2025,4,5
05480,2022,1,1071
05480,2022,2,1096
05480,2022,3,1084
05480,2022,4,1043
05480,2023,1,946
05480,2023,2,857
05480,2023,3,779
05480,2023,4,747
05480,2024,1,729
05480,2024,2,779
05480,2024,3,805
05480,2024,4,985
05480,2025,1,1287
05480,2025,2,1279
05480,2025,3,1272
05480,2025,4,772
05483,2022,1,438
05483,2022,2,410
05483,2022,3,395
05483,2022,4,396
05483,2023,1,408
05483,2023,2,396
05483,2023,3,389
05483,2023,4,389
05483,2024,1,312
05483,2024,2,279
05483,2024,3,261
05483,2024,4,242
05483,2025,1,218
05483,2025,2,242
05483,2025,3,356
05483,2025,4,203
05490,2022,1,2548
05490,2022,2,2547
05490,2022,3,2364
05490,2022,4,2434
05490,2023,1,2313
05490,2023,2,1676
05490,2023,3,2199
05490,2023,4,2208
05490,2024,1,1270
05490,2024,2,1778
05490,2024,3,1103
05490,2024,4,1088
05490,2025,1,2802
05490,2025,2,1235
05490,2025,3,1826
05490,2025,4,2228
05495,2022,1,1350
05495,2022,2,2075
05495,2022,3,2215
05495,2022,4,2114
05495,2023,1,1443
05495,2023,2,1176
05495,2023,3,1139
05495,2023,4,1174
05495,2024,1,1307
05495,2024,2,1015
05495,2024,3,900
05495,2024,4,550
05495,2025,1,708
05495,2025,2,698
05495,2025,3,662
05495,2025,4,1060
05501,2022,1,293
05501,2022,2,304
05501,2022,3,322
05501,2022,4,326
05501,2023,1,328
05501,2023,2,328
05501,2023,3,332
05501,2023,4,322
05501,2024,1,318
05501,2024,2,300
05501,2024,3,268
05501,2024,4,233
05501,2025,1,197
05501,2025,2,165
05501,2025,3,131
05501,2025,4,115
05541,2022,1,4119
05541,2022,2,3641
05541,2022,3,3644
05541,2022,4,3652
05541,2023,1,4442
05541,2023,2,4367
05541,2023,3,4648
05541,2023,4,4469
05541,2024,1,4570
05541,2024,2,4673
05541,2024,3,5801
05541,2024,4,4840
05541,2025,1,5115
05541,2025,2,7429
05541,2025,3,5430
05541,2025,4,5123
05543,2022,1,354
05543,2022,2,350
05543,2022,3,357
05543,2022,4,349
05543,2023,1,350
05543,2023,2,344
05543,2023,3,367
05543,2023,4,344
05543,2024,1,325
05543,2024,2,277
05543,2024,3,234
05543,2024,4,215
05543,2025,1,173
05543,2025,2,125
05543,2025,3,63
05543,2025,4,43
05576,2022,1,267
05576,2022,2,274
05576,2022,3,450
05576,2022,4,695
05576,2023,1,692
05576,2023,2,677
05576,2023,3,651
05576,2023,4,631
05576,2024,1,600
05576,2024,2,556
05576,2024,3,537
05576,2024,4,505
05576,2025,1,472
05576,2025,2,477
05576,2025,3,302
05576,2025,4,405
05579,2022,1,6091
05579,2022,2,5678
05579,2022,3,5862
05579,2022,4,5765
05579,2023,1,5670
05579,2023,2,4529
05579,2023,3,4522
05579,2023,4,4588
05579,2024,1,4233
05579,2024,2,4056
05579,2024,3,3541
05579,2024,4,1861
05579,2025,1,2895
05579,2025,2,2699
05579,2025,3,2743
05579,2025,4,2748
05585,2022,1,992
05585,2022,2,977
05585,2022,3,933
05585,2022,4,887
05585,2023,1,792
05585,2023,2,745
05585,2023,3,705
05585,2023,4,684
05585,2024,1,645
05585,2024,2,518
05585,2024,3,400
05585,2024,4,437
05585,2025,1,337
05585,2025,2,324
05585,2025,3,233
05585,2025,4,160
05591,2022,1,1273
05591,2022,2,1194
05591,2022,3,1145
05591,2022,4,1099
05591,2023,1,1030
05591,2023,2,971
05591,2023,3,917
05591,2023,4,870
05591,2024,1,780
05591,2024,2,682
05591,2024,3,599
05591,2024,4,1462
05591,2025,1,1009
05591,2025,2,1303
05591,2025,3,969
05591,2025,4,889
05604,2022,1,3652
05604,2022,2,3515
05604,2022,3,3554
05604,2022,4,3542
05604,2023,1,3518
05604,2023,2,3356
05604,2023,3,3256
05604,2023,4,3115
05604,2024,1,2773
05604,2024,2,2783
05604,2024,3,2727
05604,2024,4,2587
05604,2025,1,2369
05604,2025,2,2429
05604,2025,3,2086
05604,2025,4,1995
05607,2022,1,6373
05607,2022,2,6542
05607,2022,3,6797
05607,2022,4,6836
05607,2023,1,7010
05607,2023,2,7070
05607,2023,3,7134
05607,2023,4,7317
05607,2024,1,7510
05607,2024,2,7629
05607,2024,3,7796
05607,2024,4,7785
05607,2025,1,7798
05607,2025,2,7928
05607,2025,3,7978
05607,2025,4,8091
05615,2022,1,37227
05615,2022,2,37188
05615,2022,3,37548
05615,2022,4,37984
05615,2023,1,47197
05615,2023,2,46608
05615,2023,3,49278
05615,2023,4,42368
05615,2024,1,51531
05615,2024,2,53155
05615,2024,3,54537
05615,2024,4,45677
05615,2025,1,47560
05615,2025,2,50654
05615,2025,3,51491
05615,2025,4,53287
05628,2022,1,439
05628,2022,2,438
05628,2022,3,428
05628,2022,4,408
05628,2023,1,382
05628,2023,2,338
05628,2023,3,286
05628,2023,4,257
05628,2024,1,229
05628,2024,2,350
05628,2024,3,324
05628,2024,4,301
05628,2025,1,602
05628,2025,2,102
05628,2025,3,326
05628,2025,4,425
05631,2022,1,38545
05631,2022,2,39335
05631,2022,3,39084
05631,2022,4,39331
05631,2023,1,39369
05631,2023,2,38796
05631,2023,3,38299
05631,2023,4,37918
05631,2024,1,37388
05631,2024,2,43231
05631,2024,3,44319
05631,2024,4,44991
05631,2025,1,46521
05631,2025,2,41245
05631,2025,3,48793
05631,2025,4,50048
05642,2022,1,546
05642,2022,2,544
05642,2022,3,524
05642,2022,4,510
05642,2023,1,1438
05642,2023,2,1460
05642,2023,3,1399
05642,2023,4,1418
05642,2024,1,1401
05642,2024,2,1424
05642,2024,3,1431
05642,2024,4,2109
05642,2025,1,2151
05642,2025,2,2075
05642,2025,3,2092
05642,2025,4,1407
05647,2022,1,633
05647,2022,2,783
05647,2022,3,632
05647,2022,4,612
05647,2023,1,596
05647,2023,2,552
05647,2023,3,506
05647,2023,4,456
05647,2024,1,407
05647,2024,2,374
05647,2024,3,348
05647,2024,4,352
05647,2025,1,378
05647,2025,2,365
05647,2025,3,351
05647,2025,4,357
05649,2022,1,1519
05649,2022,2,1810
05649,2022,3,2202
05649,2022,4,1783
05649,2023,1,1684
05649,2023,2,2085
05649,2023,3,2302
05649,2023,4,2173
05649,2024,1,2223
05649,2024,2,2630
05649,2024,3,2412
05649,2024,4,4634
05649,2025,1,2593
05649,2025,2,1829
05649,2025,3,1968
05649,2025,4,2064
05652,2022,1,330
05652,2022,2,485
05652,2022,3,470
05652,2022,4,493
05652,2023,1,544
05652,2023,2,191
05652,2023,3,428
05652,2023,4,412
05652,2024,1,291
05652,2024,2,422
05652,2024,3,423
05652,2024,4,1053
05652,2025,1,1272
05652,2025,2,1219
05652,2025,3,1287
05652,2025,4,224
05656,2022,1,2396
05656,2022,2,2297
05656,2022,3,2239
05656,2022,4,2169
05656,2023,1,2204
05656,2023,2,2455
05656,2023,3,2450
05656,2023,4,2270
05656,2024,1,1679
05656,2024,2,1247
05656,2024,3,1775
05656,2024,4,1836
05656,2025,1,2028
05656,2025,2,1612
05656,2025,3,1488
05656,2025,4,1871
05658,2022,1,385
05658,2022,2,388
05658,2022,3,374
05658,2022,4,357
05658,2023,1,325
05658,2023,2,282
05658,2023,3,249
05658,2023,4,227
05658,2024,1,193
05658,2024,2,160
05658,2024,3,138
05658,2024,4,120
05658,2025,1,92
05658,2025,2,59
05658,2025,3,406
05658,2025,4,49
05659,2022,1,892
05659,2022,2,848
05659,2022,3,808
05659,2022,4,762
05659,2023,1,731
05659,2023,2,456
05659,2023,3,422
05659,2023,4,384
05659,2024,1,339
05659,2024,2,385
05659,2024,3,555
05659,2024,4,541
05659,2025,1,512
05659,2025,2,513
05659,2025,3,502
05659,2025,4,814
05660,2022,1,1140
05660,2022,2,1179
05660,2022,3,1255
05660,2022,4,2950
05660,2023,1,1369
05660,2023,2,1394
05660,2023,3,1416
05660,2023,4,1414
05660,2024,1,1431
05660,2024,2,1548
05660,2024,3,1542
05660,2024,4,1607
05660,2025,1,1604
05660,2025,2,1426
05660,2025,3,1684
05660,2025,4,1718
05664,2022,1,3198
05664,2022,2,3423
05664,2022,3,4274
05664,2022,4,3305
05664,2023,1,3425
05664,2023,2,4421
05664,2023,3,4537
05664,2023,4,4849
05664,2024,1,3529
05664,2024,2,3710
05664,2024,3,3776
05664,2024,4,6038
05664,2025,1,6230
05664,2025,2,6343
05664,2025,3,6465
05664,2025,4,6648
05665,2022,1,4255
05665,2022,2,4191
05665,2022,3,4050
05665,2022,4,3955
05665,2023,1,3920
05665,2023,2,3589
05665,2023,3,3596
05665,2023,4,5789
05665,2024,1,5788
05665,2024,2,5628
05665,2024,3,5830
05665,2024,4,1117
05665,2025,1,1087
05665,2025,2,1093
05665,2025,3,1054
05665,2025,4,1039
05667,2022,1,1151
05667,2022,2,1536
05667,2022,3,1507
05667,2022,4,1460
05667,2023,1,1402
05667,2023,2,1324
05667,2023,3,1264
05667,2023,4,1236
05667,2024,1,768
05667,2024,2,763
05667,2024,3,954
05667,2024,4,3250
05667,2025,1,2725
05667,2025,2,2584
05667,2025,3,2675
05667,2025,4,2719
05670,2022,1,2097
05670,2022,2,2108
05670,2022,3,2136
05670,2022,4,2139
05670,2023,1,2102
05670,2023,2,2098
05670,2023,3,2102
05670,2023,4,1850
05670,2024,1,1866
05670,2024,2,1842
05670,2024,3,1994
05670,2024,4,1955
05670,2025,1,1910
05670,2025,2,1803
05670,2025,3,1667
05670,2025,4,1565
05674,2022,1,1663
05674,2022,2,1185
05674,2022,3,1491
05674,2022,4,1108
05674,2023,1,1975
05674,2023,2,1173
05674,2023,3,1221
05674,2023,4,1093
05674,2024,1,1010
05674,2024,2,1090
05674,2024,3,1102
05674,2024,4,940
05674,2025,1,1460
05674,2025,2,1200
05674,2025,3,1182
05674,2025,4,1253
05679,2022,1,2813
05679,2022,2,2810
05679,2022,3,2656
05679,2022,4,2756
05679,2023,1,2943
05679,2023,2,3042
05679,2023,3,3059
05679,2023,4,3051
05679,2024,1,2532
05679,2024,2,2606
05679,2024,3,3188
05679,2024,4,2370
05679,2025,1,1987
05679,2025,2,2926
05679,2025,3,3207
05679,2025,4,3225
05686,2022,1,3725
05686,2022,2,3545
05686,2022,3,3458
05686,2022,4,4837
05686,2023,1,3732
05686,2023,2,2201
05686,2023,3,1909
05686,2023,4,1649
05686,2024,1,1126
05686,2024,2,2506
05686,2024,3,2513
05686,2024,4,2580
05686,2025,1,2701
05686,2025,2,2713
05686,2025,3,2826
05686,2025,4,2878
05690,2022,1,408
05690,2022,2,408
05690,2022,3,405
05690,2022,4,387
05690,2023,1,389
05690,2023,2,385
05690,2023,3,383
05690,2023,4,374
05690,2024,1,362
05690,2024,2,600
05690,2024,3,286
05690,2024,4,919
05690,2025,1,313
05690,2025,2,324
05690,2025,3,440
05690,2025,4,460
05697,2022,1,4661
05697,2022,2,4145
05697,2022,3,4565
05697,2022,4,4764
05697,2023,1,5768
05697,2023,2,4786
05697,2023,3,5142
05697,2023,4,5338
05697,2024,1,5512
05697,2024,2,5670
05697,2024,3,5685
05697,2024,4,5309
05697,2025,1,7075
05697,2025,2,6469
05697,2025,3,6807
05697,2025,4,6990
05736,2022,1,5138
05736,2022,2,5115
05736,2022,3,5177
05736,2022,4,5276
05736,2023,1,5255
05736,2023,2,4419
05736,2023,3,4495
05736,2023,4,4422
05736,2024,1,4484
05736,2024,2,4659
05736,2024,3,4469
05736,2024,4,3929
05736,2025,1,4016
05736,2025,2,3827
05736,2025,3,3553
05736,2025,4,4640
05756,2022,1,2716
05756,2022,2,2576
05756,2022,3,3692
05756,2022,4,3634
05756,2023,1,4660
05756,2023,2,4408
05756,2023,3,4418
05756,2023,4,4437
05756,2024,1,4556
05756,2024,2,4463
05756,2024,3,4515
05756,2024,4,4452
05756,2025,1,4453
05756,2025,2,4489
05756,2025,3,4475
05756,2025,4,4512
05761,2022,1,2639
05761,2022,2,2501
05761,2022,3,2536
05761,2022,4,2407
05761,2023,1,2428
05761,2023,2,2100
05761,2023,3,2041
05761,2023,4,1947
05761,2024,1,1768
05761,2024,2,1328
05761,2024,3,1646
05761,2024,4,1702
05761,2025,1,2253
05761,2025,2,1427
05761,2025,3,1500
05761,2025,4,2171
05789,2022,1,1419
05789,2022,2,1388
05789,2022,3,1367
05789,2022,4,1352
05789,2023,1,1281
05789,2023,2,1086
05789,2023,3,937
05789,2023,4,1054
05789,2024,1,820
05789,2024,2,694
05789,2024,3,594
05789,2024,4,598
05789,2025,1,554
05789,2025,2,513
05789,2025,3,457
05789,2025,4,484
05790,2022,1,2868
05790,2022,2,2808
05790,2022,3,2814
05790,2022,4,2653
05790,2023,1,2476
05790,2023,2,1540
05790,2023,3,1420
05790,2023,4,1303
05790,2024,1,963
05790,2024,2,793
05790,2024,3,626
05790,2024,4,563
05790,2025,1,689
05790,2025,2,559
05790,2025,3,394
05790,2025,4,371
05792,2022,1,408
05792,2022,2,393
05792,2022,3,385
05792,2022,4,380
05792,2023,1,342
05792,2023,2,326
05792,2023,3,303
05792,2023,4,408
05792,2024,1,368
05792,2024,2,354
05792,2024,3,285
05792,2024,4,362
05792,2025,1,342
05792,2025,2,323
05792,2025,3,519
05792,2025,4,644
05809,2022,1,1079
05809,2022,2,1081
05809,2022,3,1258
05809,2022,4,1234
05809,2023,1,1103
05809,2023,2,1092
05809,2023,3,1050
05809,2023,4,1324
05809,2024,1,1163
05809,2024,2,1056
05809,2024,3,1110
05809,2024,4,998
05809,2025,1,1223
05809,2025,2,1081
05809,2025,3,1026
05809,2025,4,1161
05819,2022,1,153
05819,2022,2,146
05819,2022,3,142
05819,2022,4,136
05819,2023,1,134
05819,2023,2,131
05819,2023,3,127
05819,2023,4,330
05819,2024,1,123
05819,2024,2,113
05819,2024,3,106
05819,2024,4,102
05819,2025,1,93
05819,2025,2,88
05819,2025,3,81
05819,2025,4,76
05837,2022,1,13875
05837,2022,2,13666
05837,2022,3,13401
05837,2022,4,13372
05837,2023,1,11730
05837,2023,2,9968
05837,2023,3,9949
05837,2023,4,9069
05837,2024,1,8538
05837,2024,2,8478
05837,2024,3,8275
05837,2024,4,9066
05837,2025,1,9790
05837,2025,2,10547
05837,2025,3,10576
05837,2025,4,11014
05842,2022,1,321
05842,2022,2,299
05842,2022,3,278
05842,2022,4,260
05842,2023,1,245
05842,2023,2,221
05842,2023,3,206
05842,2023,4,203
05842,2024,1,189
05842,2024,2,164
05842,2024,3,143
05842,2024,4,136
05842,2025,1,124
05842,2025,2,113
05842,2025,3,99
05842,2025,4,92
05847,2022,1,2370
05847,2022,2,2338
05847,2022,3,2351
05847,2022,4,2293
05847,2023,1,2282
05847,2023,2,1840
05847,2023,3,1832
05847,2023,4,1833
05847,2024,1,1809
05847,2024,2,1738
05847,2024,3,1649
05847,2024,4,1541
05847,2025,1,2902
05847,2025,2,2798
05847,2025,3,2555
05847,2025,4,2527
05854,2022,1,964
05854,2022,2,935
05854,2022,3,1013
05854,2022,4,942
05854,2023,1,922
05854,2023,2,619
05854,2023,3,583
05854,2023,4,597
05854,2024,1,642
05854,2024,2,619
05854,2024,3,574
05854,2024,4,880
05854,2025,1,885
05854,2025,2,720
05854,2025,3,693
05854,2025,4,772
05856,2022,1,566
05856,2022,2,549
05856,2022,3,567
05856,2022,4,554
05856,2023,1,390
05856,2023,2,507
05856,2023,3,473
05856,2023,4,323
05856,2024,1,279
05856,2024,2,250
05856,2024,3,294
05856,2024,4,383
05856,2025,1,404
05856,2025,2,395
05856,2025,3,487
05856,2025,4,528
05858,2022,1,691
05858,2022,2,688
05858,2022,3,683
05858,2022,4,683
05858,2023,1,646
05858,2023,2,628
05858,2023,3,1492
05858,2023,4,1495
05858,2024,1,1349
05858,2024,2,1375
05858,2024,3,1379
05858,2024,4,1381
05858,2025,1,1425
05858,2025,2,1435
05858,2025,3,1456
05858,2025,4,1458
05861,2022,1,1598
05861,2022,2,1550
05861,2022,3,1541
05861,2022,4,1451
05861,2023,1,1439
05861,2023,2,1270
05861,2023,3,1133
05861,2023,4,1402
05861,2024,1,1144
05861,2024,2,1941
05861,2024,3,1685
05861,2024,4,1621
05861,2025,1,1721
05861,2025,2,1567
05861,2025,3,3733
05861,2025,4,1615
05873,2022,1,215
05873,2022,2,193
05873,2022,3,168
05873,2022,4,149
05873,2023,1,179
05873,2023,2,132
05873,2023,3,108
05873,2023,4,91
05873,2024,1,75
05873,2024,2,92
05873,2024,3,50
05873,2024,4,50
05873,2025,1,24
05873,2025,2,26
05873,2025,3,31
05873,2025,4,56
05885,2022,1,186
05885,2022,2,159
05885,2022,3,218
05885,2022,4,157
05885,2023,1,176
05885,2023,2,199
05885,2023,3,305
05885,2023,4,157
05885,2024,1,180
05885,2024,2,4047
05885,2024,3,3368
05885,2024,4,447
05885,2025,1,620
05885,2025,2,595
05885,2025,3,74
05885,2025,4,839
05887,2022,1,3561
05887,2022,2,3683
05887,2022,3,3656
05887,2022,4,4598
05887,2023,1,4571
05887,2023,2,5636
05887,2023,3,5516
05887,2023,4,5898
05887,2024,1,4794
05887,2024,2,4065
05887,2024,3,4112
05887,2024,4,4318
05887,2025,1,4320
05887,2025,2,4208
05887,2025,3,4892
05887,2025,4,5032
05890,2022,1,935
05890,2022,2,943
05890,2022,3,995
05890,2022,4,971
05890,2023,1,927
05890,2023,2,838
05890,2023,3,759
05890,2023,4,676
05890,2024,1,624
05890,2024,2,562
05890,2024,3,504
05890,2024,4,755
05890,2025,1,743
05890,2025,2,1413
05890,2025,3,1917
05890,2025,4,1596
05893,2022,1,1430
05893,2022,2,1402
05893,2022,3,1467
05893,2022,4,1405
05893,2023,1,1373
05893,2023,2,1013
05893,2023,3,988
05893,2023,4,967
05893,2024,1,782
05893,2024,2,740
05893,2024,3,662
05893,2024,4,561
05893,2025,1,462
05893,2025,2,477
05893,2025,3,347
05893,2025,4,426
05895,2022,1,2481
05895,2022,2,1702
05895,2022,3,2702
05895,2022,4,2505
05895,2023,1,2453
05895,2023,2,1840
05895,2023,3,1758
05895,2023,4,1438
05895,2024,1,1739
05895,2024,2,1621
05895,2024,3,1481
05895,2024,4,1377
05895,2025,1,1304
05895,2025,2,1237
05895,2025,3,403
05895,2025,4,329
08001,2022,1,238567
08001,2022,2,239448
08001,2022,3,242460
08001,2022,4,249092
08001,2023,1,246427
08001,2023,2,248986
08001,2023,3,246880
08001,2023,4,263979
08001,2024,1,257824
08001,2024,2,255490
08001,2024,3,251377
08001,2024,4,249784
08001,2025,1,261072
08001,2025,2,264453
08001,2025,3,272076
08001,2025,4,276618
08078,2022,1,5118
08078,2022,2,5732
08078,2022,3,5608
08078,2022,4,5400
08078,2023,1,5393
08078,2023,2,6442
08078,2023,3,5853
08078,2023,4,5551
08078,2024,1,6792
08078,2024,2,7525
08078,2024,3,4288
08078,2024,4,3941
08078,2025,1,4141
08078,2025,2,3712
08078,2025,3,5001
08078,2025,4,6136
08137,2022,1,345
08137,2022,2,342
08137,2022,3,805
08137,2022,4,838
08137,2023,1,423
08137,2023,2,455
08137,2023,3,536
08137,2023,4,326
08137,2024,1,635
08137,2024,2,410
08137,2024,3,398
08137,2024,4,346
08137,2025,1,334
08137,2025,2,774
08137,2025,3,761
08137,2025,4,779
08141,2022,1,256
08141,2022,2,509
08141,2022,3,598
08141,2022,4,607
08141,2023,1,253
08141,2023,2,254
08141,2023,3,343
08141,2023,4,154
08141,2024,1,143
08141,2024,2,143
08141,2024,3,139
08141,2024,4,139
08141,2025,1,132
08141,2025,2,490
08141,2025,3,702
08141,2025,4,720
08296,2022,1,6807
08296,2022,2,6640
08296,2022,3,7072
08296,2022,4,7325
08296,2023,1,6932
08296,2023,2,7657
08296,2023,3,7291
08296,2023,4,7946
08296,2024,1,6719
08296,2024,2,7406
08296,2024,3,6432
08296,2024,4,6376
08296,2025,1,6784
08296,2025,2,6383
08296,2025,3,7189
08296,2025,4,6978
08372,2022,1,908
08372,2022,2,891
08372,2022,3,767
08372,2022,4,668
08372,2023,1,786
08372,2023,2,1368
08372,2023,3,574
08372,2023,4,578
08372,2024,1,1352
08372,2024,2,510
08372,2024,3,250
08372,2024,4,425
08372,2025,1,471
08372,2025,2,503
08372,2025,3,462
08372,2025,4,537
08421,2022,1,615
08421,2022,2,660
08421,2022,3,609
08421,2022,4,579
08421,2023,1,530
08421,2023,2,511
08421,2023,3,300
08421,2023,4,440
08421,2024,1,613
08421,2024,2,687
08421,2024,3,382
08421,2024,4,377
08421,2025,1,306
08421,2025,2,629
08421,2025,3,600
08421,2025,4,607
08433,2022,1,13211
08433,2022,2,13035
08433,2022,3,12851
08433,2022,4,12750
08433,2023,1,12513
08433,2023,2,12664
08433,2023,3,12094
08433,2023,4,11224
08433,2024,1,13439
08433,2024,2,11506
08433,2024,3,11066
08433,2024,4,10296
08433,2025,1,11061
08433,2025,2,11450
08433,2025,3,11452
08433,2025,4,11902
08436,2022,1,847
08436,2022,2,862
08436,2022,3,867
08436,2022,4,864
08436,2023,1,874
08436,2023,2,873
08436,2023,3,706
08436,2023,4,797
08436,2024,1,821
08436,2024,2,879
08436,2024,3,866
08436,2024,4,935
08436,2025,1,865
08436,2025,2,920
08436,2025,3,1213
08436,2025,4,1149
08520,2022,1,1480
08520,2022,2,1383
08520,2022,3,1361
08520,2022,4,1338
08520,2023,1,1299
08520,2023,2,1445
08520,2023,3,1132
08520,2023,4,1180
08520,2024,1,920
08520,2024,2,1092
08520,2024,3,1202
08520,2024,4,1092
08520,2025,1,1702
08520,2025,2,1936
08520,2025,3,2441
08520,2025,4,2412
08549,2022,1,10
08549,2022,2,9
08549,2022,3,13
08549,2022,4,11
08549,2023,1,10
08549,2023,2,10
08549,2023,3,9
08549,2023,4,8
08549,2024,1,8
08549,2024,2,8
08549,2024,3,7
08549,2024,4,42
08549,2025,1,134
08549,2025,2,155
08549,2025,3,143
08549,2025,4,141
08558,2022,1,345
08558,2022,2,343
08558,2022,3,342
08558,2022,4,342
08558,2023,1,340
08558,2023,2,405
08558,2023,3,216
08558,2023,4,253
08558,2024,1,288
08558,2024,2,409
08558,2024,3,310
08558,2024,4,318
08558,2025,1,417
08558,2025,2,542
08558,2025,3,649
08558,2025,4,680
08560,2022,1,542
08560,2022,2,506
08560,2022,3,566
08560,2022,4,541
08560,2023,1,508
08560,2023,2,473
08560,2023,3,225
08560,2023,4,144
08560,2024,1,238
08560,2024,2,239
08560,2024,3,217
08560,2024,4,166
08560,2025,1,168
08560,2025,2,383
08560,2025,3,503
08560,2025,4,396
08573,2022,1,6877
08573,2022,2,6931
08573,2022,3,6298
08573,2022,4,6660
08573,2023,1,6687
08573,2023,2,6992
08573,2023,3,6835
08573,2023,4,7026
08573,2024,1,7545
08573,2024,2,8062
08573,2024,3,8750
08573,2024,4,8496
08573,2025,1,9766
08573,2025,2,10366
08573,2025,3,10926
08573,2025,4,12507
08606,2022,1,781
08606,2022,2,789
08606,2022,3,758
08606,2022,4,744
08606,2023,1,694
08606,2023,2,694
08606,2023,3,489
08606,2023,4,500
08606,2024,1,484
08606,2024,2,270
08606,2024,3,256
08606,2024,4,293
08606,2025,1,365
08606,2025,2,643
08606,2025,3,623
08606,2025,4,592
08634,2022,1,2553
08634,2022,2,2477
08634,2022,3,3015
08634,2022,4,2916
08634,2023,1,2619
08634,2023,2,2885
08634,2023,3,2344
08634,2023,4,2502
08634,2024,1,2422
08634,2024,2,2575
08634,2024,3,2774
08634,2024,4,2826
08634,2025,1,3563
08634,2025,2,3637
08634,2025,3,3661
08634,2025,4,3767
08638,2022,1,4978
08638,2022,2,4585
08638,2022,3,4354
08638,2022,4,5135
08638,2023,1,3996
08638,2023,2,5202
08638,2023,3,4187
08638,2023,4,4902
08638,2024,1,5848
08638,2024,2,5867
08638,2024,3,5159
08638,2024,4,3731
08638,2025,1,5211
08638,2025,2,5001
08638,2025,3,6059
08638,2025,4,6354
08675,2022,1,291
08675,2022,2,289
08675,2022,3,286
08675,2022,4,285
08675,2023,1,285
08675,2023,2,284
08675,2023,3,152
08675,2023,4,157
08675,2024,1,155
08675,2024,2,162
08675,2024,3,164
08675,2024,4,165
08675,2025,1,156
08675,2025,2,152
08675,2025,3,395
08675,2025,4,410
08685,2022,1,2445
08685,2022,2,2344
08685,2022,3,2334
08685,2022,4,2287
08685,2023,1,2148
08685,2023,2,2512
08685,2023,3,2198
08685,2023,4,2200
08685,2024,1,1588
08685,2024,2,1796
08685,2024,3,2031
08685,2024,4,1513
08685,2025,1,2262
08685,2025,2,2385
08685,2025,3,2472
08685,2025,4,2409
08758,2022,1,94905
08758,2022,2,94790
08758,2022,3,95567
08758,2022,4,97411
08758,2023,1,98788
08758,2023,2,100582
08758,2023,3,99083
08758,2023,4,103088
08758,2024,1,100726
08758,2024,2,101634
08758,2024,3,99916
08758,2024,4,99317
08758,2025,1,101041
08758,2025,2,100494
08758,2025,3,102880
08758,2025,4,104407
08770,2022,1,482
08770,2022,2,357
08770,2022,3,352
08770,2022,4,311
08770,2023,1,276
08770,2023,2,282
08770,2023,3,267
08770,2023,4,208
08770,2024,1,296
08770,2024,2,241
08770,2024,3,222
08770,2024,4,935
08770,2025,1,155
08770,2025,2,334
08770,2025,3,318
08770,2025,4,310
08832,2022,1,330
08832,2022,2,348
08832,2022,3,353
08832,2022,4,356
08832,2023,1,365
08832,2023,2,404
08832,2023,3,379
08832,2023,4,388
08832,2024,1,377
08832,2024,2,408
08832,2024,3,412
08832,2024,4,425
08832,2025,1,599
08832,2025,2,625
08832,2025,3,603
08832,2025,4,545
08849,2022,1,532
08849,2022,2,751
08849,2022,3,781
08849,2022,4,1135
08849,2023,1,1143
08849,2023,2,1177
08849,2023,3,914
08849,2023,4,639
08849,2024,1,1321
08849,2024,2,1472
08849,2024,3,605
08849,2024,4,764
08849,2025,1,500
08849,2025,2,588
08849,2025,3,775
08849,2025,4,894
11001,2022,1,2018975
11001,2022,2,2011765
11001,2022,3,2019430
11001,2022,4,2022078
11001,2023,1,2047027
11001,2023,2,2053820
11001,2023,3,2054018
11001,2023,4,2010921
11001,2024,1,2056850
11001,2024,2,2039040
11001,2024,3,2083045
11001,2024,4,2102857
11001,2025,1,2153115
11001,2025,2,2163892
11001,2025,3,2208949
11001,2025,4,2250053
13001,2022,1,169858
13001,2022,2,171936
13001,2022,3,175956
13001,2022,4,178495
13001,2023,1,181402
13001,2023,2,184181
13001,2023,3,184079
13001,2023,4,176598
13001,2024,1,182408
13001,2024,2,181049
13001,2024,3,193425
13001,2024,4,209606
13001,2025,1,222280
13001,2025,2,231000
13001,2025,3,239051
13001,2025,4,247160
13006,2022,1,139
13006,2022,2,132
13006,2022,3,42
13006,2022,4,199
13006,2023,1,170
13006,2023,2,176
13006,2023,3,183
13006,2023,4,143
13006,2024,1,929
13006,2024,2,149
13006,2024,3,142
13006,2024,4,132
13006,2025,1,27
13006,2025,2,22
13006,2025,3,20
13006,2025,4,18
13030,2022,1,792
13030,2022,2,809
13030,2022,3,807
13030,2022,4,803
13030,2023,1,800
13030,2023,2,800
13030,2023,3,169
13030,2023,4,152
13030,2024,1,83
13030,2024,2,70
13030,2024,3,57
13030,2024,4,53
13030,2025,1,5
13030,2025,2,6
13030,2025,3,5
13030,2025,4,5
13042,2022,1,508
13042,2022,2,552
13042,2022,3,549
13042,2022,4,551
13042,2023,1,564
13042,2023,2,573
13042,2023,3,171
13042,2023,4,170
13042,2024,1,269
13042,2024,2,154
13042,2024,3,144
13042,2024,4,162
13042,2025,1,6
13042,2025,2,5
13042,2025,3,176
13042,2025,4,167
13052,2022,1,1186
13052,2022,2,1274
13052,2022,3,1134
13052,2022,4,1123
13052,2023,1,1079
13052,2023,2,1027
13052,2023,3,1188
13052,2023,4,1008
13052,2024,1,1574
13052,2024,2,2095
13052,2024,3,4183
13052,2024,4,4935
13052,2025,1,8107
13052,2025,2,8214
13052,2025,3,8776
13052,2025,4,9091
13062,2022,1,576
13062,2022,2,645
13062,2022,3,677
13062,2022,4,652
13062,2023,1,639
13062,2023,2,624
13062,2023,3,212
13062,2023,4,173
13062,2024,1,253
13062,2024,2,152
13062,2024,3,167
13062,2024,4,286
13062,2025,1,221
13062,2025,2,214
13062,2025,3,336
13062,2025,4,235
13074,2022,1,1284
13074,2022,2,1295
13074,2022,3,1241
13074,2022,4,1206
13074,2023,1,1218
13074,2023,2,1186
13074,2023,3,416
13074,2023,4,399
13074,2024,1,340
13074,2024,2,448
13074,2024,3,483
13074,2024,4,294
13074,2025,1,169
13074,2025,2,183
13074,2025,3,201
13074,2025,4,213
13140,2022,1,1217
13140,2022,2,1202
13140,2022,3,1181
13140,2022,4,1190
13140,2023,1,1184
13140,2023,2,1176
13140,2023,3,434
13140,2023,4,293
13140,2024,1,483
13140,2024,2,423
13140,2024,3,394
13140,2024,4,250
13140,2025,1,172
13140,2025,2,317
13140,2025,3,340
13140,2025,4,286
13160,2022,1,147
13160,2022,2,123
13160,2022,3,96
13160,2022,4,87
13160,2023,1,82
13160,2023,2,75
13160,2023,3,67
13160,2023,4,244
13160,2024,1,58
13160,2024,2,154
13160,2024,3,51
13160,2024,4,141
13160,2025,1,131
13160,2025,2,34
13160,2025,3,28
13160,2025,4,23
13188,2022,1,627
13188,2022,2,627
13188,2022,3,628
13188,2022,4,625
13188,2023,1,625
13188,2023,2,625
13188,2023,3,151
13188,2023,4,103
13188,2024,1,233
13188,2024,2,271
13188,2024,3,356
13188,2024,4,208
13188,2025,1,282
13188,2025,2,424
13188,2025,3,450
13188,2025,4,434
13212,2022,1,180
13212,2022,2,181
13212,2022,3,162
13212,2022,4,157
13212,2023,1,504
13212,2023,2,127
13212,2023,3,113
13212,2023,4,106
13212,2024,1,93
13212,2024,2,84
13212,2024,3,78
13212,2024,4,69
13212,2025,1,53
13212,2025,2,48
13212,2025,3,41
13212,2025,4,39
13222,2022,1,833
13222,2022,2,916
13222,2022,3,934
13222,2022,4,897
13222,2023,1,892
13222,2023,2,909
13222,2023,3,326
13222,2023,4,232
13222,2024,1,166
13222,2024,2,179
13222,2024,3,177
13222,2024,4,183
13222,2025,1,60
13222,2025,2,165
13222,2025,3,417
13222,2025,4,461
13244,2022,1,2439
13244,2022,2,2317
13244,2022,3,2058
13244,2022,4,2205
13244,2023,1,2513
13244,2023,2,2272
13244,2023,3,2295
13244,2023,4,1438
13244,2024,1,2130
13244,2024,2,2107
13244,2024,3,2275
13244,2024,4,2070
13244,2025,1,2408
13244,2025,2,2675
13244,2025,3,3019
13244,2025,4,3203
13248,2022,1,81
13248,2022,2,71
13248,2022,3,53
13248,2022,4,43
13248,2023,1,42
13248,2023,2,55
13248,2023,3,60
13248,2023,4,54
13248,2024,1,46
13248,2024,2,33
13248,2024,3,32
13248,2024,4,25
13248,2025,1,21
13248,2025,2,16
13248,2025,3,8
13248,2025,4,7
13268,2022,1,20
13268,2022,2,18
13268,2022,3,13
13268,2022,4,11
13268,2023,1,10
13268,2023,2,9
13268,2023,3,9
13268,2023,4,8
13268,2024,1,3
13268,2024,2,4
13268,2024,3,6
13268,2024,4,6
13268,2025,1,5
13268,2025,2,5
13268,2025,3,88
13268,2025,4,5
13300,2022,1,25
13300,2022,2,17
13300,2022,3,16
13300,2022,4,14
13300,2023,1,16
13300,2023,2,16
13300,2023,3,17
13300,2023,4,17
13300,2024,1,297
13300,2024,2,371
13300,2024,3,127
13300,2024,4,54
13300,2025,1,182
13300,2025,2,237
13300,2025,3,230
13300,2025,4,199
13430,2022,1,5591
13430,2022,2,5421
13430,2022,3,5169
13430,2022,4,5333
13430,2023,1,5335
13430,2023,2,5177
13430,2023,3,5521
13430,2023,4,5360
13430,2024,1,8715
13430,2024,2,4891
13430,2024,3,4803
13430,2024,4,4133
13430,2025,1,4455
13430,2025,2,4613
13430,2025,3,4533
13430,2025,4,4499
13433,2022,1,1392
13433,2022,2,1218
13433,2022,3,1190
13433,2022,4,1146
13433,2023,1,1196
13433,2023,2,934
13433,2023,3,344
13433,2023,4,250
13433,2024,1,392
13433,2024,2,437
13433,2024,3,228
13433,2024,4,241
13433,2025,1,77
13433,2025,2,92
13433,2025,3,1035
13433,2025,4,1456
13440,2022,1,40
13440,2022,2,33
13440,2022,3,25
13440,2022,4,21
13440,2023,1,18
13440,2023,2,16
13440,2023,3,16
13440,2023,4,13
13440,2024,1,356
13440,2024,2,356
13440,2024,3,309
13440,2024,4,306
13440,2025,1,439
13440,2025,2,497
13440,2025,3,570
13440,2025,4,427
13442,2022,1,2970
13442,2022,2,2985
13442,2022,3,2987
13442,2022,4,2919
13442,2023,1,3015
13442,2023,2,3064
13442,2023,3,1705
13442,2023,4,1456
13442,2024,1,1890
13442,2024,2,149
13442,2024,3,1894
13442,2024,4,2106
13442,2025,1,2010
13442,2025,2,1942
13442,2025,3,2253
13442,2025,4,2412
13458,2022,1,1849
13458,2022,2,1847
13458,2022,3,1860
13458,2022,4,1866
13458,2023,1,1867
13458,2023,2,1870
13458,2023,3,1195
13458,2023,4,1113
13458,2024,1,606
13458,2024,2,408
13458,2024,3,482
13458,2024,4,280
13458,2025,1,195
13458,2025,2,240
13458,2025,3,462
13458,2025,4,455
13468,2022,1,623
13468,2022,2,1534
13468,2022,3,2250
13468,2022,4,3679
13468,2023,1,3147
13468,2023,2,3051
13468,2023,3,3495
13468,2023,4,4844
13468,2024,1,5535
13468,2024,2,2029
13468,2024,3,2047
13468,2024,4,2204
13468,2025,1,1985
13468,2025,2,1795
13468,2025,3,1797
13468,2025,4,1879
13473,2022,1,1252
13473,2022,2,1164
13473,2022,3,1063
13473,2022,4,966
13473,2023,1,893
13473,2023,2,850
13473,2023,3,416
13473,2023,4,315
13473,2024,1,317
13473,2024,2,304
13473,2024,3,274
13473,2024,4,252
13473,2025,1,105
13473,2025,2,86
13473,2025,3,187
13473,2025,4,189
13490,2022,1,247
13490,2022,2,200
13490,2022,3,187
13490,2022,4,162
13490,2023,1,159
13490,2023,2,160
13490,2023,3,149
13490,2023,4,148
13490,2024,1,169
13490,2024,2,136
13490,2024,3,115
13490,2024,4,91
13490,2025,1,75
13490,2025,2,61
13490,2025,3,51
13490,2025,4,38
13549,2022,1,31
13549,2022,2,26
13549,2022,3,21
13549,2022,4,19
13549,2023,1,18
13549,2023,2,18
13549,2023,3,19
13549,2023,4,20
13549,2024,1,25
13549,2024,2,39
13549,2024,3,78
13549,2024,4,66
13549,2025,1,49
13549,2025,2,19
13549,2025,3,22
13549,2025,4,26
13580,2022,1,69
13580,2022,2,69
13580,2022,3,68
13580,2022,4,61
13580,2023,1,78
13580,2023,2,82
13580,2023,3,91
13580,2023,4,89
13580,2024,1,110
13580,2024,2,110
13580,2024,3,128
13580,2024,4,147
13580,2025,1,9
13580,2025,2,164
13580,2025,3,171
13580,2025,4,170
13600,2022,1,1185
13600,2022,2,1124
13600,2022,3,1104
13600,2022,4,1082
13600,2023,1,1040
13600,2023,2,1008
13600,2023,3,384
13600,2023,4,272
13600,2024,1,237
13600,2024,2,215
13600,2024,3,220
13600,2024,4,289
13600,2025,1,46
13600,2025,2,178
13600,2025,3,186
13600,2025,4,175
13620,2022,1,516
13620,2022,2,513
13620,2022,3,497
13620,2022,4,482
13620,2023,1,477
13620,2023,2,481
13620,2023,3,149
13620,2023,4,101
13620,2024,1,70
13620,2024,2,87
13620,2024,3,162
13620,2024,4,151
13620,2025,1,210
13620,2025,2,214
13620,2025,3,204
13620,2025,4,140
13647,2022,1,990
13647,2022,2,981
13647,2022,3,976
13647,2022,4,975
13647,2023,1,982
13647,2023,2,1003
13647,2023,3,355
13647,2023,4,253
13647,2024,1,200
13647,2024,2,349
13647,2024,3,285
13647,2024,4,240
13647,2025,1,338
13647,2025,2,293
13647,2025,3,641
13647,2025,4,634
13650,2022,1,124
13650,2022,2,103
13650,2022,3,101
13650,2022,4,99
13650,2023,1,113
13650,2023,2,113
13650,2023,3,88
13650,2023,4,88
13650,2024,1,270
13650,2024,2,269
13650,2024,3,144
13650,2024,4,75
13650,2025,1,127
13650,2025,2,257
13650,2025,3,260
13650,2025,4,240
13654,2022,1,2369
13654,2022,2,2330
13654,2022,3,2300
13654,2022,4,2283
13654,2023,1,2226
13654,2023,2,2171
13654,2023,3,1001
13654,2023,4,868
13654,2024,1,701
13654,2024,2,725
13654,2024,3,685
13654,2024,4,738
13654,2025,1,243
13654,2025,2,230
13654,2025,3,1017
13654,2025,4,1030
13655,2022,1,12
13655,2022,2,8
13655,2022,3,7
13655,2022,4,7
13655,2023,1,8
13655,2023,2,6
13655,2023,3,6
13655,2023,4,7
13655,2024,1,7
13655,2024,2,7
13655,2024,3,5
13655,2024,4,5
13655,2025,1,5
13655,2025,2,6
13655,2025,3,8
13655,2025,4,8
13657,2022,1,1043
13657,2022,2,1038
13657,2022,3,1053
13657,2022,4,995
13657,2023,1,892
13657,2023,2,718
13657,2023,3,915
13657,2023,4,694
13657,2024,1,650
13657,2024,2,53
13657,2024,3,51
13657,2024,4,6
13657,2025,1,5
13657,2025,2,15
13657,2025,3,260
13657,2025,4,255
13667,2022,1,839
13667,2022,2,841
13667,2022,3,823
13667,2022,4,805
13667,2023,1,815
13667,2023,2,805
13667,2023,3,259
13667,2023,4,265
13667,2024,1,205
13667,2024,2,249
13667,2024,3,424
13667,2024,4,383
13667,2025,1,444
13667,2025,2,355
13667,2025,3,355
13667,2025,4,417
13670,2022,1,4388
13670,2022,2,3549
13670,2022,3,4433
13670,2022,4,4015
13670,2023,1,4281
13670,2023,2,4144
13670,2023,3,2247
13670,2023,4,2131
13670,2024,1,2072
13670,2024,2,1677
13670,2024,3,823
13670,2024,4,1677
13670,2025,1,3778
13670,2025,2,1834
13670,2025,3,2364
13670,2025,4,2370
13673,2022,1,8
13673,2022,2,6
13673,2022,3,8
13673,2022,4,27
13673,2023,1,43
13673,2023,2,26
13673,2023,3,4
13673,2023,4,3
13673,2024,1,3
13673,2024,2,5
13673,2024,3,4
13673,2024,4,4
13673,2025,1,3
13673,2025,2,2
13673,2025,3,13
13673,2025,4,13
13683,2022,1,286
13683,2022,2,294
13683,2022,3,316
13683,2022,4,329
13683,2023,1,329
13683,2023,2,318
13683,2023,3,304
13683,2023,4,295
13683,2024,1,349
13683,2024,2,302
13683,2024,3,197
13683,2024,4,187
13683,2025,1,183
13683,2025,2,528
13683,2025,3,551
13683,2025,4,560
13688,2022,1,4746
13688,2022,2,5147
13688,2022,3,4738
13688,2022,4,5330
13688,2023,1,4536
13688,2023,2,4501
13688,2023,3,2318
13688,2023,4,2248
13688,2024,1,1633
13688,2024,2,1520
13688,2024,3,1566
13688,2024,4,1760
13688,2025,1,973
13688,2025,2,436
13688,2025,3,1278
13688,2025,4,2687
13744,2022,1,1037
13744,2022,2,1154
13744,2022,3,1628
13744,2022,4,1660
13744,2023,1,1497
13744,2023,2,1666
13744,2023,3,655
13744,2023,4,984
13744,2024,1,415
13744,2024,2,558
13744,2024,3,510
13744,2024,4,619
13744,2025,1,461
13744,2025,2,432
13744,2025,3,912
13744,2025,4,937
13760,2022,1,688
13760,2022,2,693
13760,2022,3,713
13760,2022,4,716
13760,2023,1,696
13760,2023,2,700
13760,2023,3,259
13760,2023,4,190
13760,2024,1,372
13760,2024,2,342
13760,2024,3,368
13760,2024,4,871
13760,2025,1,399
13760,2025,2,279
13760,2025,3,525
13760,2025,4,524
13780,2022,1,454
13780,2022,2,449
13780,2022,3,446
13780,2022,4,437
13780,2023,1,432
13780,2023,2,437
13780,2023,3,76
13780,2023,4,48
13780,2024,1,462
13780,2024,2,274
13780,2024,3,354
13780,2024,4,211
13780,2025,1,316
13780,2025,2,467
13780,2025,3,502
13780,2025,4,764
13810,2022,1,574
13810,2022,2,569
13810,2022,3,572
13810,2022,4,572
13810,2023,1,578
13810,2023,2,580
13810,2023,3,206
13810,2023,4,125
13810,2024,1,47
13810,2024,2,123
13810,2024,3,132
13810,2024,4,122
13810,2025,1,119
13810,2025,2,122
13810,2025,3,123
13810,2025,4,115
13836,2022,1,15700
13836,2022,2,16426
13836,2022,3,16737
13836,2022,4,17470
13836,2023,1,17731
13836,2023,2,18083
13836,2023,3,18132
13836,2023,4,18278
13836,2024,1,19118
13836,2024,2,19390
13836,2024,3,20772
13836,2024,4,21194
13836,2025,1,22000
13836,2025,2,25241
13836,2025,3,22572
13836,2025,4,23256
13838,2022,1,616
13838,2022,2,642
13838,2022,3,641
13838,2022,4,631
13838,2023,1,739
13838,2023,2,722
13838,2023,3,784
13838,2023,4,735
13838,2024,1,1291
13838,2024,2,998
13838,2024,3,959
13838,2024,4,946
13838,2025,1,11
13838,2025,2,1240
13838,2025,3,1540
13838,2025,4,1510
13873,2022,1,1562
13873,2022,2,1542
13873,2022,3,1541
13873,2022,4,1531
13873,2023,1,1532
13873,2023,2,1837
13873,2023,3,838
13873,2023,4,400
13873,2024,1,504
13873,2024,2,629
13873,2024,3,428
13873,2024,4,143
13873,2025,1,141
13873,2025,2,431
13873,2025,3,845
13873,2025,4,1033
13894,2022,1,1153
13894,2022,2,1139
13894,2022,3,1107
13894,2022,4,1097
13894,2023,1,1055
13894,2023,2,1034
13894,2023,3,366
13894,2023,4,295
13894,2024,1,263
13894,2024,2,252
13894,2024,3,243
13894,2024,4,238
13894,2025,1,42
13894,2025,2,46
13894,2025,3,241
13894,2025,4,240
15001,2022,1,47330
15001,2022,2,47383
15001,2022,3,47770
15001,2022,4,46889
15001,2023,1,44710
15001,2023,2,44932
15001,2023,3,44833
15001,2023,4,44989
15001,2024,1,48162
15001,2024,2,49786
15001,2024,3,49976
15001,2024,4,51030
15001,2025,1,51979
15001,2025,2,53945
15001,2025,3,54146
15001,2025,4,53499
15022,2023,4,1
15022,2024,1,1
15022,2024,2,2
15022,2024,3,157
15022,2024,4,151
15022,2025,1,7
15022,2025,2,8
15022,2025,3,6
15022,2025,4,4
15047,2022,1,169
15047,2022,2,527
15047,2022,3,545
15047,2022,4,634
15047,2023,1,694
15047,2023,2,728
15047,2023,3,762
15047,2023,4,774
15047,2024,1,785
15047,2024,2,755
15047,2024,3,764
15047,2024,4,789
15047,2025,1,780
15047,2025,2,852
15047,2025,3,919
15047,2025,4,1009
15051,2022,1,327
15051,2022,2,460
15051,2022,3,311
15051,2022,4,141
15051,2023,1,355
15051,2023,2,385
15051,2023,3,149
15051,2023,4,151
15051,2024,1,303
15051,2024,2,380
15051,2024,3,438
15051,2024,4,426
15051,2025,1,500
15051,2025,2,499
15051,2025,3,119
15051,2025,4,156
15087,2022,1,579
15087,2022,2,629
15087,2022,3,662
15087,2022,4,651
15087,2023,1,657
15087,2023,2,672
15087,2023,3,677
15087,2023,4,724
15087,2024,1,669
15087,2024,2,650
15087,2024,3,447
15087,2024,4,439
15087,2025,1,453
15087,2025,2,490
15087,2025,3,520
15087,2025,4,459
15090,2022,1,39
15090,2022,2,98
15090,2022,3,90
15090,2022,4,24
15090,2023,1,45
15090,2023,2,35
15090,2023,3,32
15090,2023,4,26
15090,2024,1,31
15090,2024,2,32
15090,2024,3,32
15090,2024,4,34
15090,2025,1,33
15090,2025,2,32
15090,2025,3,32
15090,2025,4,32
15092,2022,1,21
15092,2022,2,18
15092,2022,3,19
15092,2022,4,20
15092,2023,1,21
15092,2023,2,21
15092,2023,3,23
15092,2023,4,19
15092,2024,1,23
15092,2024,2,18
15092,2024,3,18
15092,2024,4,20
15092,2025,1,29
15092,2025,2,27
15092,2025,3,27
15092,2025,4,30
15097,2022,1,4
15097,2022,2,5
15097,2022,3,4
15097,2022,4,91
15097,2023,1,77
15097,2023,2,82
15097,2023,3,87
15097,2023,4,99
15097,2024,1,83
15097,2024,2,131
15097,2024,3,128
15097,2024,4,63
15097,2025,1,155
15097,2025,2,170
15097,2025,3,126
15097,2025,4,147
15104,2022,1,68
15104,2022,2,69
15104,2022,3,73
15104,2022,4,81
15104,2023,1,89
15104,2023,2,93
15104,2023,3,116
15104,2023,4,84
15104,2024,1,117
15104,2024,2,120
15104,2024,3,112
15104,2024,4,133
15104,2025,1,132
15104,2025,2,168
15104,2025,3,247
15104,2025,4,203
15106,2022,1,3
15106,2022,2,2
15106,2022,3,2
15106,2022,4,5
15106,2023,1,3
15106,2023,2,2
15106,2023,3,2
15106,2023,4,1
15106,2024,1,1
15106,2024,2,2
15106,2024,3,2
15106,2024,4,141
15106,2025,1,17
15106,2025,2,1
15106,2025,3,22
15106,2025,4,25
15109,2022,1,62
15109,2022,2,60
15109,2022,3,59
15109,2022,4,74
15109,2023,1,74
15109,2023,2,76
15109,2023,3,76
15109,2023,4,75
15109,2024,1,75
15109,2024,2,75
15109,2024,3,73
15109,2024,4,73
15109,2025,1,78
15109,2025,2,82
15109,2025,3,90
15109,2025,4,93
15114,2022,1,42
15114,2022,2,40
15114,2022,3,39
15114,2022,4,43
15114,2023,1,44
15114,2023,2,43
15114,2023,3,46
15114,2023,4,41
15114,2024,1,46
15114,2024,2,44
15114,2024,3,52
15114,2024,4,48
15114,2025,1,52
15114,2025,2,49
15114,2025,3,50
15114,2025,4,43
15131,2022,1,7
15131,2022,2,5
15131,2022,3,3
15131,2022,4,3
15131,2023,1,3
15131,2023,2,3
15131,2023,3,2
15131,2023,4,2
15131,2024,1,2
15131,2024,2,2
15131,2024,3,2
15131,2024,4,2
15131,2025,1,2
15131,2025,2,3
15131,2025,3,3
15131,2025,4,3
15135,2022,1,2
15135,2022,2,1
15135,2022,3,1
15135,2022,4,623
15135,2023,2,723
15135,2023,3,23
15135,2023,4,35
15135,2024,3,1
15135,2024,4,205
15135,2025,1,6
15135,2025,2,1
15135,2025,4,1
15162,2022,1,175
15162,2022,2,234
15162,2022,3,157
15162,2022,4,194
15162,2023,1,215
15162,2023,2,277
15162,2023,3,176
15162,2023,4,180
15162,2024,1,287
15162,2024,2,277
15162,2024,3,343
15162,2024,4,365
15162,2025,1,429
15162,2025,2,446
15162,2025,3,449
15162,2025,4,468
15172,2022,1,14
15172,2022,2,16
15172,2022,3,12
15172,2022,4,9
15172,2023,1,8
15172,2023,2,8
15172,2023,3,7
15172,2023,4,5
15172,2024,1,27
15172,2024,2,25
15172,2024,3,24
15172,2024,4,22
15172,2025,1,28
15172,2025,2,46
15172,2025,3,61
15172,2025,4,77
15176,2022,1,5200
15176,2022,2,5066
15176,2022,3,5531
15176,2022,4,5014
15176,2023,1,4878
15176,2023,2,5238
15176,2023,3,5362
15176,2023,4,7183
15176,2024,1,6960
15176,2024,2,6712
15176,2024,3,6983
15176,2024,4,6919
15176,2025,1,6965
15176,2025,2,6955
15176,2025,3,7326
15176,2025,4,7710
15180,2022,1,86
15180,2022,2,67
15180,2022,3,55
15180,2022,4,54
15180,2023,1,46
15180,2023,2,44
15180,2023,3,41
15180,2023,4,38
15180,2024,1,36
15180,2024,2,32
15180,2024,3,40
15180,2024,4,39
15180,2025,1,26
15180,2025,2,35
15180,2025,3,34
15180,2025,4,82
15183,2022,1,17
15183,2022,2,27
15183,2022,3,25
15183,2022,4,59
15183,2023,1,73
15183,2023,2,68
15183,2023,3,64
15183,2023,4,65
15183,2024,1,71
15183,2024,2,70
15183,2024,3,63
15183,2024,4,68
15183,2025,1,62
15183,2025,2,60
15183,2025,3,55
15183,2025,4,60
15185,2022,1,11
15185,2022,2,12
15185,2022,3,10
15185,2022,4,9
15185,2023,1,7
15185,2023,2,6
15185,2023,3,4
15185,2023,4,4
15185,2024,1,61
15185,2024,2,18
15185,2024,3,17
15185,2024,4,16
15185,2025,1,6
15185,2025,2,14
15185,2025,3,14
15185,2025,4,14
15187,2022,1,104
15187,2022,2,103
15187,2022,3,99
15187,2022,4,121
15187,2023,1,117
15187,2023,2,147
15187,2023,3,147
15187,2023,4,163
15187,2024,1,170
15187,2024,2,173
15187,2024,3,187
15187,2024,4,222
15187,2025,1,189
15187,2025,2,311
15187,2025,3,249
15187,2025,4,257
15189,2022,1,119
15189,2022,2,189
15189,2022,3,207
15189,2022,4,208
15189,2023,1,218
15189,2023,2,202
15189,2023,3,205
15189,2023,4,148
15189,2024,1,263
15189,2024,2,286
15189,2024,3,293
15189,2024,4,299
15189,2025,1,302
15189,2025,2,344
15189,2025,3,347
15189,2025,4,370
15204,2022,1,414
15204,2022,2,471
15204,2022,3,468
15204,2022,4,565
15204,2023,1,447
15204,2023,2,535
15204,2023,3,513
15204,2023,4,523
15204,2024,1,548
15204,2024,2,562
15204,2024,3,625
15204,2024,4,695
15204,2025,1,690
15204,2025,2,857
15204,2025,3,671
15204,2025,4,838
15212,2022,1,1
15212,2022,2,1
15212,2022,3,1
15212,2022,4,1
15212,2023,1,1
15212,2023,2,1
15212,2023,3,1
15212,2023,4,1
15212,2024,1,1
15212,2025,2,895
15215,2022,1,95
15215,2022,2,92
15215,2022,3,105
15215,2022,4,113
15215,2023,1,112
15215,2023,2,114
15215,2023,3,119
15215,2023,4,150
15215,2024,1,132
15215,2024,2,126
15215,2024,3,113
15215,2024,4,119
15215,2025,1,118
15215,2025,2,128
15215,2025,3,121
15215,2025,4,116
15218,2022,1,57
15218,2022,2,55
15218,2022,3,57
15218,2022,4,56
15218,2023,1,33
15218,2023,2,45
15218,2023,3,52
15218,2023,4,52
15218,2024,1,52
15218,2024,2,54
15218,2024,3,37
15218,2024,4,51
15218,2025,1,55
15218,2025,2,59
15218,2025,3,67
15218,2025,4,66
15223,2022,1,205
15223,2022,2,157
15223,2022,3,136
15223,2022,4,122
15223,2023,1,119
15223,2023,2,112
15223,2023,3,94
15223,2023,4,85
15223,2024,1,238
15223,2024,2,233
15223,2024,3,239
15223,2024,4,231
15223,2025,1,241
15223,2025,2,216
15223,2025,3,194
15223,2025,4,194
15224,2022,1,26
15224,2022,2,49
15224,2022,3,120
15224,2022,4,121
15224,2023,1,138
15224,2023,2,145
15224,2023,3,173
15224,2023,4,183
15224,2024,1,217
15224,2024,2,204
15224,2024,3,178
15224,2024,4,177
15224,2025,1,179
15224,2025,2,222
15224,2025,3,186
15224,2025,4,200
15226,2022,1,60
15226,2022,2,52
15226,2022,3,53
15226,2022,4,53
15226,2023,1,53
15226,2023,2,53
15226,2023,3,55
15226,2023,4,71
15226,2024,1,76
15226,2024,2,91
15226,2024,3,102
15226,2024,4,103
15226,2025,1,103
15226,2025,2,108
15226,2025,3,112
15226,2025,4,114
15232,2022,1,18
15232,2022,2,18
15232,2022,3,20
15232,2022,4,23
15232,2023,1,22
15232,2023,2,20
15232,2023,3,20
15232,2023,4,21
15232,2024,1,28
15232,2024,2,27
15232,2024,3,33
15232,2024,4,32
15232,2025,1,28
15232,2025,2,30
15232,2025,3,15
15232,2025,4,16
15236,2022,1,2
15236,2022,2,1
15236,2022,3,1
15236,2024,2,1
15236,2024,3,49
15236,2024,4,255
15238,2022,1,25790
15238,2022,2,24933
15238,2022,3,28347
15238,2022,4,26077
15238,2023,1,26941
15238,2023,2,27178
15238,2023,3,26922
15238,2023,4,28600
15238,2024,1,27254
15238,2024,2,27243
15238,2024,3,27147
15238,2024,4,27582
15238,2025,1,28302
15238,2025,2,28682
15238,2025,3,29688
15238,2025,4,29803
15244,2022,1,21
15244,2022,2,26
15244,2022,3,30
15244,2022,4,93
15244,2023,1,93
15244,2023,2,87
15244,2023,3,87
15244,2023,4,94
15244,2024,1,108
15244,2024,2,113
15244,2024,3,113
15244,2024,4,136
15244,2025,1,134
15244,2025,2,138
15244,2025,3,121
15244,2025,4,132
15248,2022,1,1
15248,2024,2,14
15248,2024,3,19
15248,2024,4,271
15248,2025,1,10
15248,2025,2,13
15248,2025,3,10
15248,2025,4,90
15272,2022,1,386
15272,2022,2,424
15272,2022,3,464
15272,2022,4,475
15272,2023,1,477
15272,2023,2,489
15272,2023,3,500
15272,2023,4,416
15272,2024,1,910
15272,2024,2,823
15272,2024,3,1050
15272,2024,4,883
15272,2025,1,774
15272,2025,2,505
15272,2025,3,645
15272,2025,4,704
15276,2022,1,107
15276,2022,2,119
15276,2022,3,141
15276,2022,4,152
15276,2023,1,159
15276,2023,2,165
15276,2023,3,170
15276,2023,4,166
15276,2024,1,168
15276,2024,2,190
15276,2024,3,189
15276,2024,4,184
15276,2025,1,191
15276,2025,2,175
15276,2025,3,191
15276,2025,4,184
15293,2022,1,153
15293,2022,2,159
15293,2022,3,173
15293,2022,4,171
15293,2023,1,148
15293,2023,2,152
15293,2023,3,152
15293,2023,4,159
15293,2024,1,197
15293,2024,2,226
15293,2024,3,214
15293,2024,4,198
15293,2025,1,191
15293,2025,2,192
15293,2025,3,177
15293,2025,4,177
15296,2022,1,67
15296,2022,2,65
15296,2022,3,79
15296,2022,4,85
15296,2023,1,85
15296,2023,2,97
15296,2023,3,114
15296,2023,4,144
15296,2024,1,187
15296,2024,2,162
15296,2024,3,169
15296,2024,4,189
15296,2025,1,221
15296,2025,2,209
15296,2025,3,219
15296,2025,4,196
15299,2022,1,1158
15299,2022,2,910
15299,2022,3,124
15299,2022,4,112
15299,2023,1,952
15299,2023,2,1837
15299,2023,3,1840
15299,2023,4,1817
15299,2024,1,1889
15299,2024,2,1051
15299,2024,3,1836
15299,2024,4,1697
15299,2025,1,1937
15299,2025,2,1951
15299,2025,3,1966
15299,2025,4,2007
15317,2024,2,5
15317,2024,3,14
15317,2024,4,15
15317,2025,1,5
15317,2025,2,28
15317,2025,3,23
15317,2025,4,33
15322,2022,1,97
15322,2022,2,93
15322,2022,3,91
15322,2022,4,84
15322,2023,1,1594
15322,2023,2,1607
15322,2023,3,1536
15322,2023,4,1458
15322,2024,1,1552
15322,2024,2,1457
15322,2024,3,1457
15322,2024,4,1472
15322,2025,1,1489
15322,2025,2,1493
15322,2025,3,1512
15322,2025,4,1639
15325,2023,1,13
15325,2023,2,19
15325,2023,3,26
15325,2023,4,30
15325,2024,1,45
15325,2024,2,5
15325,2024,3,13
15325,2024,4,12
15325,2025,1,3
15325,2025,2,3
15325,2025,3,15
15325,2025,4,13
15332,2022,1,6
15332,2022,2,3
15332,2022,3,2
15332,2022,4,2
15332,2023,1,2
15332,2023,2,2
15332,2023,3,37
15332,2023,4,9
15332,2024,1,9
15332,2024,2,12
15332,2024,3,10
15332,2024,4,102
15332,2025,1,7
15332,2025,2,7
15332,2025,3,7
15332,2025,4,3
15362,2022,1,225
15362,2022,2,322
15362,2022,3,235
15362,2022,4,236
15362,2023,1,224
15362,2023,2,232
15362,2023,3,232
15362,2023,4,143
15362,2024,1,204
15362,2024,2,463
15362,2024,3,467
15362,2024,4,251
15362,2025,1,236
15362,2025,2,168
15362,2025,3,251
15362,2025,4,194
15367,2022,1,224
15367,2022,2,172
15367,2022,3,173
15367,2022,4,162
15367,2023,1,177
15367,2023,2,250
15367,2023,3,342
15367,2023,4,313
15367,2024,1,444
15367,2024,2,459
15367,2024,3,695
15367,2024,4,791
15367,2025,1,811
15367,2025,2,888
15367,2025,3,958
15367,2025,4,1010
15368,2022,1,40
15368,2022,2,33
15368,2022,3,35
15368,2022,4,33
15368,2023,1,68
15368,2023,2,31
15368,2023,3,29
15368,2023,4,28
15368,2024,1,93
15368,2024,2,29
15368,2024,3,29
15368,2024,4,51
15368,2025,1,43
15368,2025,2,51
15368,2025,3,38
15368,2025,4,48
15377,2022,1,2
15377,2022,2,1
15377,2022,3,1
15377,2023,1,15
15377,2023,2,27
15377,2023,3,27
15377,2023,4,7
15377,2024,1,16
15377,2024,2,1
15377,2024,3,1
15377,2024,4,1
15377,2025,1,1
15380,2024,1,18
15380,2024,2,23
15380,2024,3,23
15380,2024,4,18
15380,2025,1,26
15380,2025,2,28
15380,2025,3,33
15380,2025,4,35
15401,2022,1,1
15401,2022,2,1
15401,2022,3,1
15401,2022,4,1
15401,2023,1,1
15401,2023,2,1
15401,2023,3,1
15401,2023,4,1
15401,2024,1,1
15401,2024,2,1
15401,2024,3,1
15401,2024,4,1
15401,2025,1,1
15401,2025,2,1
15401,2025,3,1
15401,2025,4,259
15403,2022,1,8
15403,2022,2,3
15403,2022,3,3
15403,2022,4,3
15403,2023,1,3
15403,2023,2,4
15403,2023,3,5
15403,2023,4,8
15403,2024,1,11
15403,2024,2,22
15403,2024,3,16
15403,2024,4,33
15403,2025,1,29
15403,2025,2,32
15403,2025,3,31
15403,2025,4,37
15407,2022,1,3101
15407,2022,2,2448
15407,2022,3,3500
15407,2022,4,3475
15407,2023,1,3360
15407,2023,2,3413
15407,2023,3,3591
15407,2023,4,3673
15407,2024,1,3961
15407,2024,2,4236
15407,2024,3,4354
15407,2024,4,4492
15407,2025,1,3076
15407,2025,2,4508
15407,2025,3,4571
15407,2025,4,4624
15425,2022,1,223
15425,2022,2,323
15425,2022,3,250
15425,2022,4,241
15425,2023,1,242
15425,2023,2,250
15425,2023,3,247
15425,2023,4,236
15425,2024,1,147
15425,2024,2,606
15425,2024,3,326
15425,2024,4,23
15425,2025,1,653
15425,2025,2,593
15425,2025,3,589
15425,2025,4,633
15442,2022,1,5
15442,2022,2,3
15442,2022,3,4
15442,2022,4,4
15442,2023,1,4
15442,2023,2,5
15442,2023,3,5
15442,2023,4,4
15442,2024,1,335
15442,2024,2,3
15442,2024,3,3
15442,2024,4,2
15442,2025,1,2
15442,2025,2,1
15455,2022,1,834
15455,2022,2,907
15455,2022,3,1079
15455,2022,4,802
15455,2023,1,1157
15455,2023,2,865
15455,2023,3,842
15455,2023,4,809
15455,2024,1,770
15455,2024,2,802
15455,2024,3,808
15455,2024,4,821
15455,2025,1,817
15455,2025,2,825
15455,2025,3,818
15455,2025,4,809
15464,2022,1,45
15464,2022,2,41
15464,2022,3,44
15464,2022,4,57
15464,2023,1,48
15464,2023,2,47
15464,2023,3,52
15464,2023,4,66
15464,2024,1,84
15464,2024,2,145
15464,2024,3,136
15464,2024,4,148
15464,2025,1,172
15464,2025,2,139
15464,2025,3,147
15464,2025,4,112
15466,2022,1,266
15466,2022,2,275
15466,2022,3,292
15466,2022,4,331
15466,2023,1,351
15466,2023,2,351
15466,2023,3,363
15466,2023,4,358
15466,2024,1,376
15466,2024,2,380
15466,2024,3,197
15466,2024,4,246
15466,2025,1,261
15466,2025,2,251
15466,2025,3,362
15466,2025,4,116
15469,2022,1,1574
15469,2022,2,2552
15469,2022,3,1511
15469,2022,4,49
15469,2023,1,1296
15469,2023,2,1043
15469,2023,3,43
15469,2023,4,39
15469,2024,1,725
15469,2024,2,1005
15469,2024,3,1474
15469,2024,4,1628
15469,2025,1,1934
15469,2025,2,1429
15469,2025,3,55
15469,2025,4,45
15476,2022,1,92
15476,2022,2,254
15476,2022,3,241
15476,2022,4,282
15476,2023,1,254
15476,2023,2,293
15476,2023,3,270
15476,2023,4,272
15476,2024,1,273
15476,2024,2,272
15476,2024,3,337
15476,2024,4,291
15476,2025,1,301
15476,2025,2,333
15476,2025,3,337
15476,2025,4,308
15480,2022,1,53
15480,2022,2,103
15480,2022,3,112
15480,2022,4,351
15480,2023,1,332
15480,2023,2,342
15480,2023,3,342
15480,2023,4,336
15480,2024,1,425
15480,2024,2,425
15480,2024,3,425
15480,2024,4,425
15480,2025,1,425
15480,2025,2,425
15480,2025,3,302
15480,2025,4,302
15491,2022,1,1205
15491,2022,2,1282
15491,2022,3,1255
15491,2022,4,1217
15491,2023,1,1274
15491,2023,2,1615
15491,2023,3,1810
15491,2023,4,1944
15491,2024,1,1984
15491,2024,2,2604
15491,2024,3,2794
15491,2024,4,2706
15491,2025,1,2651
15491,2025,2,3051
15491,2025,3,3263
15491,2025,4,3213
15494,2022,1,84
15494,2022,2,74
15494,2022,3,72
15494,2022,4,73
15494,2023,1,64
15494,2023,2,49
15494,2023,3,135
15494,2023,4,43
15494,2024,1,48
15494,2024,2,47
15494,2024,3,57
15494,2024,4,57
15494,2025,1,58
15494,2025,2,76
15494,2025,3,102
15494,2025,4,128
15500,2022,1,142
15500,2022,2,194
15500,2022,3,193
15500,2022,4,177
15500,2023,1,181
15500,2023,2,185
15500,2023,3,182
15500,2023,4,195
15500,2024,1,213
15500,2024,2,223
15500,2024,3,255
15500,2024,4,194
15500,2025,1,167
15500,2025,2,359
15500,2025,3,232
15500,2025,4,254
15507,2022,1,377
15507,2022,2,394
15507,2022,3,399
15507,2022,4,354
15507,2023,1,417
15507,2023,2,512
15507,2023,3,470
15507,2023,4,440
15507,2024,1,457
15507,2024,2,268
15507,2024,3,283
15507,2024,4,242
15507,2025,1,316
15507,2025,2,302
15507,2025,3,175
15507,2025,4,278
15511,2022,1,5
15511,2022,2,5
15511,2022,3,4
15511,2022,4,4
15511,2023,1,8
15511,2023,2,7
15511,2023,3,5
15511,2023,4,8
15511,2024,1,77
15511,2024,2,24
15511,2024,3,23
15511,2024,4,20
15511,2025,1,23
15511,2025,2,25
15511,2025,3,53
15511,2025,4,83
15514,2022,1,9
15514,2022,2,9
15514,2022,3,15
15514,2022,4,10
15514,2023,1,6
15514,2023,2,5
15514,2023,3,2
15514,2023,4,4
15514,2024,1,5
15514,2024,2,1
15514,2024,3,3
15514,2024,4,144
15514,2025,1,6
15514,2025,2,4
15514,2025,3,61
15514,2025,4,60
15516,2022,1,7593
15516,2022,2,7339
15516,2022,3,7237
15516,2022,4,7454
15516,2023,1,7856
15516,2023,2,7545
15516,2023,3,7658
15516,2023,4,7800
15516,2024,1,8016
15516,2024,2,7927
15516,2024,3,8225
15516,2024,4,8184
15516,2025,1,8360
15516,2025,2,8205
15516,2025,3,8116
15516,2025,4,8577
15518,2022,1,72
15518,2022,2,70
15518,2022,3,66
15518,2022,4,59
15518,2023,1,53
15518,2023,2,52
15518,2023,3,48
15518,2023,4,46
15518,2024,1,45
15518,2024,2,45
15518,2024,3,40
15518,2024,4,39
15518,2025,1,41
15518,2025,2,46
15518,2025,3,47
15518,2025,4,66
15522,2025,2,15
15522,2025,3,15
15522,2025,4,21
15531,2022,1,109
15531,2022,2,112
15531,2022,3,122
15531,2022,4,266
15531,2023,1,266
15531,2023,2,255
15531,2023,3,245
15531,2023,4,232
15531,2024,1,226
15531,2024,2,223
15531,2024,3,233
15531,2024,4,243
15531,2025,1,259
15531,2025,2,264
15531,2025,3,260
15531,2025,4,261
15533,2022,1,3
15533,2022,2,2
15537,2022,1,100
15537,2022,2,264
15537,2022,3,96
15537,2022,4,165
15537,2023,1,253
15537,2023,2,343
15537,2023,3,273
15537,2023,4,286
15537,2024,1,352
15537,2024,2,275
15537,2024,3,281
15537,2024,4,337
15537,2025,1,378
15537,2025,2,466
15537,2025,3,443
15537,2025,4,483
15542,2022,1,176
15542,2022,2,159
15542,2022,3,169
15542,2022,4,165
15542,2023,1,165
15542,2023,2,178
15542,2023,3,176
15542,2023,4,282
15542,2024,1,293
15542,2024,2,355
15542,2024,3,328
15542,2024,4,265
15542,2025,1,301
15542,2025,2,241
15542,2025,3,310
15542,2025,4,255
15550,2022,1,4
15550,2022,2,2
15550,2022,3,1
15550,2022,4,2
15550,2023,1,2
15550,2023,2,2
15550,2023,3,2
15550,2023,4,2
15550,2024,1,3
15550,2024,2,3
15550,2024,3,3
15550,2024,4,2
15550,2025,1,2
15572,2022,1,4067
15572,2022,2,3882
15572,2022,3,3714
15572,2022,4,3550
15572,2023,1,3258
15572,2023,2,3064
15572,2023,3,2872
15572,2023,4,2648
15572,2024,1,2238
15572,2024,2,2152
15572,2024,3,2065
15572,2024,4,1923
15572,2025,1,1799
15572,2025,2,1835
15572,2025,3,1644
15572,2025,4,1982
15580,2022,1,12
15580,2022,2,4
15580,2022,3,3
15580,2022,4,3
15580,2023,1,4
15580,2023,2,3
15580,2023,3,3
15580,2023,4,3
15580,2024,1,2
15580,2024,2,1
15580,2024,3,1
15580,2024,4,1
15580,2025,1,1
15599,2022,1,639
15599,2022,2,669
15599,2022,3,677
15599,2022,4,830
15599,2023,1,809
15599,2023,2,687
15599,2023,3,943
15599,2023,4,968
15599,2024,1,983
15599,2024,2,1028
15599,2024,3,1240
15599,2024,4,1310
15599,2025,1,1473
15599,2025,2,1612
15599,2025,3,1738
15599,2025,4,2317
15600,2022,1,639
15600,2022,2,10
15600,2022,3,9
15600,2022,4,8
15600,2023,1,27
15600,2023,2,10
15600,2023,3,27
15600,2023,4,27
15600,2024,1,47
15600,2024,2,39
15600,2024,3,134
15600,2024,4,137
15600,2025,1,245
15600,2025,2,239
15600,2025,3,238
15600,2025,4,106
15621,2022,1,1
15621,2022,3,4
15621,2023,1,4
15621,2023,2,7
15621,2023,3,7
15621,2023,4,7
15621,2024,1,7
15621,2024,2,7
15621,2024,3,7
15621,2024,4,13
15621,2025,1,28
15621,2025,2,27
15621,2025,3,26
15621,2025,4,27
15632,2022,1,15
15632,2022,2,14
15632,2022,3,11
15632,2022,4,7
15632,2023,1,7
15632,2023,2,6
15632,2023,3,7
15632,2023,4,6
15632,2024,1,6
15632,2024,2,5
15632,2024,3,4
15632,2024,4,5
15632,2025,1,4
15632,2025,2,3
15632,2025,3,3
15632,2025,4,3
15638,2022,1,276
15638,2022,2,145
15638,2022,3,121
15638,2022,4,119
15638,2023,1,262
15638,2023,2,150
15638,2023,3,278
15638,2023,4,285
15638,2024,1,386
15638,2024,2,605
15638,2024,3,578
15638,2024,4,538
15638,2025,1,586
15638,2025,2,503
15638,2025,3,510
15638,2025,4,511
15646,2022,1,983
15646,2022,2,902
15646,2022,3,661
15646,2022,4,659
15646,2023,1,591
15646,2023,2,441
15646,2023,3,823
15646,2023,4,465
15646,2024,1,690
15646,2024,2,849
15646,2024,3,796
15646,2024,4,867
15646,2025,1,876
15646,2025,2,1022
15646,2025,3,1184
15646,2025,4,1466
15660,2022,1,55
15660,2022,2,76
15660,2022,3,79
15660,2022,4,28
15660,2023,1,39
15660,2023,2,36
15660,2023,3,118
15660,2023,4,109
15660,2024,1,125
15660,2024,2,30
15660,2024,3,30
15660,2024,4,29
15660,2025,1,28
15660,2025,2,28
15660,2025,3,26
15660,2025,4,26
15664,2022,1,133
15664,2022,2,15
15664,2022,3,133
15664,2022,4,144
15664,2023,1,171
15664,2023,2,99
15664,2023,3,78
15664,2023,4,100
15664,2024,1,142
15664,2024,2,110
15664,2024,3,113
15664,2024,4,140
15664,2025,1,205
15664,2025,2,11
15664,2025,3,20
15664,2025,4,20
15667,2022,1,4
15667,2022,2,3
15667,2022,3,3
15667,2022,4,3
15667,2023,1,4
15667,2023,2,5
15667,2023,3,4
15667,2023,4,4
15667,2024,1,3
15667,2024,2,3
15667,2024,3,3
15667,2024,4,3
15667,2025,1,3
15667,2025,2,4
15667,2025,3,1
15673,2022,1,5
15673,2022,2,5
15673,2022,3,2
15673,2022,4,109
15673,2023,1,118
15673,2023,2,117
15673,2023,3,165
15673,2023,4,127
15673,2024,1,61
15673,2024,2,59
15673,2024,3,55
15673,2024,4,30
15673,2025,1,64
15673,2025,2,58
15673,2025,3,57
15673,2025,4,14
15676,2022,1,103
15676,2022,2,104
15676,2022,3,103
15676,2022,4,90
15676,2023,1,88
15676,2023,2,103
15676,2023,3,104
15676,2023,4,102
15676,2024,1,102
15676,2024,2,108
15676,2024,3,108
15676,2024,4,108
15676,2025,1,106
15676,2025,2,109
15676,2025,3,111
15676,2025,4,112
15681,2022,1,24
15681,2022,2,24
15681,2022,3,24
15681,2022,4,24
15681,2023,1,28
15681,2023,2,30
15681,2023,3,35
15681,2023,4,35
15681,2024,1,34
15681,2024,2,264
15681,2024,3,265
15681,2024,4,244
15681,2025,1,210
15681,2025,2,236
15681,2025,3,227
15681,2025,4,228
15686,2022,1,178
15686,2022,2,14
15686,2022,3,172
15686,2022,4,188
15686,2023,1,85
15686,2023,2,86
15686,2023,3,56
15686,2023,4,138
15686,2024,1,198
15686,2024,2,196
15686,2024,3,183
15686,2024,4,475
15686,2025,1,635
15686,2025,2,106
15686,2025,3,113
15686,2025,4,266
15690,2022,1,91
15690,2022,2,81
15690,2022,3,73
15690,2022,4,74
15690,2023,1,64
15690,2023,2,59
15690,2023,3,63
15690,2023,4,61
15690,2024,1,64
15690,2024,2,65
15690,2024,3,74
15690,2024,4,73
15690,2025,1,62
15690,2025,2,56
15690,2025,3,32
15690,2025,4,31
15693,2022,1,306
15693,2022,2,319
15693,2022,3,397
15693,2022,4,400
15693,2023,1,411
15693,2023,2,395
15693,2023,3,411
15693,2023,4,410
15693,2024,1,445
15693,2024,2,433
15693,2024,3,442
15693,2024,4,403
15693,2025,1,410
15693,2025,2,418
15693,2025,3,1162
15693,2025,4,1207
15696,2022,1,36
15696,2022,2,42
15696,2022,3,51
15696,2022,4,55
15696,2023,1,66
15696,2023,2,58
15696,2023,3,78
15696,2023,4,81
15696,2024,1,108
15696,2024,2,94
15696,2024,3,89
15696,2024,4,82
15696,2025,1,433
15696,2025,2,247
15696,2025,3,67
15696,2025,4,127
15720,2022,1,4
15720,2022,2,5
15720,2022,3,3
15720,2022,4,3
15720,2023,1,3
15720,2023,2,3
15720,2023,3,3
15720,2023,4,2
15720,2024,1,6
15720,2024,2,3
15720,2024,3,34
15720,2024,4,43
15720,2025,2,1
15723,2022,1,15
15723,2022,2,15
15723,2022,3,12
15723,2022,4,13
15723,2023,1,30
15723,2023,2,15
15723,2023,3,11
15723,2023,4,11
15723,2024,1,24
15723,2024,2,13
15723,2024,3,13
15723,2024,4,20
15723,2025,1,16
15723,2025,2,16
15723,2025,3,12
15723,2025,4,19
15740,2022,1,194
15740,2022,2,89
15740,2022,3,97
15740,2022,4,237
15740,2023,1,128
15740,2023,2,193
15740,2023,3,197
15740,2023,4,205
15740,2024,1,252
15740,2024,2,257
15740,2024,3,278
15740,2024,4,468
15740,2025,1,427
15740,2025,2,346
15740,2025,3,372
15740,2025,4,495
15753,2022,1,272
15753,2022,2,247
15753,2022,3,244
15753,2022,4,208
15753,2023,1,210
15753,2023,2,198
15753,2023,3,437
15753,2023,4,447
15753,2024,1,516
15753,2024,2,640
15753,2024,3,505
15753,2024,4,321
15753,2025,1,610
15753,2025,2,578
15753,2025,3,544
15753,2025,4,670
15755,2022,1,74
15755,2022,2,66
15755,2022,3,63
15755,2022,4,69
15755,2023,1,112
15755,2023,2,61
15755,2023,3,56
15755,2023,4,52
15755,2024,1,160
15755,2024,2,142
15755,2024,3,105
15755,2024,4,114
15755,2025,1,171
15755,2025,2,165
15755,2025,3,157
15755,2025,4,169
15757,2022,1,342
15757,2022,2,459
15757,2022,3,352
15757,2022,4,483
15757,2023,1,451
15757,2023,2,439
15757,2023,3,549
15757,2023,4,550
15757,2024,1,448
15757,2024,2,736
15757,2024,3,671
15757,2024,4,442
15757,2025,1,460
15757,2025,2,376
15757,2025,3,427
15757,2025,4,523
15759,2022,1,27976
15759,2022,2,28020
15759,2022,3,27671
15759,2022,4,27348
15759,2023,1,28754
15759,2023,2,27925
15759,2023,3,28942
15759,2023,4,28995
15759,2024,1,28725
15759,2024,2,28615
15759,2024,3,28887
15759,2024,4,28680
15759,2025,1,29487
15759,2025,2,31767
15759,2025,3,32630
15759,2025,4,32935
15761,2022,1,1
15761,2023,1,50
15761,2023,2,63
15761,2023,3,66
15761,2023,4,60
15761,2024,1,69
15761,2024,2,44
15761,2024,3,55
15761,2024,4,63
15761,2025,1,282
15761,2025,2,348
15761,2025,3,353
15761,2025,4,405
15762,2022,1,46
15762,2022,2,52
15762,2022,3,74
15762,2022,4,52
15762,2023,1,69
15762,2023,2,83
15762,2023,3,79
15762,2023,4,85
15762,2024,1,89
15762,2024,2,86
15762,2024,3,96
15762,2024,4,96
15762,2025,1,84
15762,2025,2,106
15762,2025,3,85
15762,2025,4,92
15763,2022,1,466
15763,2022,2,450
15763,2022,3,438
15763,2022,4,443
15763,2023,1,326
15763,2023,2,427
15763,2023,3,431
15763,2023,4,427
15763,2024,1,442
15763,2024,2,453
15763,2024,3,394
15763,2024,4,400
15763,2025,1,408
15763,2025,2,690
15763,2025,3,415
15763,2025,4,801
15764,2022,1,214
15764,2022,2,196
15764,2022,3,177
15764,2022,4,107
15764,2023,1,134
15764,2023,2,188
15764,2023,3,181
15764,2023,4,205
15764,2024,1,301
15764,2024,2,305
15764,2024,3,339
15764,2024,4,317
15764,2025,1,297
15764,2025,2,383
15764,2025,3,411
15764,2025,4,440
15774,2022,4,1
15774,2023,1,1
15774,2023,2,1
15774,2023,3,1
15774,2023,4,1
15774,2024,1,14
15774,2024,2,52
15774,2024,3,54
15774,2024,4,105
15774,2025,1,78
15774,2025,2,74
15774,2025,3,77
15774,2025,4,27
15776,2022,1,490
15776,2022,2,86
15776,2022,3,89
15776,2022,4,44
15776,2023,1,162
15776,2023,2,52
15776,2023,3,170
15776,2023,4,171
15776,2024,1,212
15776,2024,2,94
15776,2024,3,90
15776,2024,4,86
15776,2025,1,251
15776,2025,2,98
15776,2025,3,142
15776,2025,4,137
15778,2022,1,3
15778,2022,2,2
15778,2022,3,2
15778,2022,4,1
15778,2023,1,56
15778,2023,2,61
15778,2023,3,60
15778,2023,4,54
15778,2024,1,230
15778,2024,2,30
15778,2024,3,32
15778,2024,4,31
15778,2025,1,34
15778,2025,2,35
15778,2025,3,39
15778,2025,4,49
15790,2022,1,37
15790,2022,2,42
15790,2022,3,60
15790,2022,4,62
15790,2023,1,89
15790,2023,2,130
15790,2023,3,136
15790,2023,4,135
15790,2024,1,163
15790,2024,2,164
15790,2024,3,155
15790,2024,4,157
15790,2025,1,157
15790,2025,2,163
15790,2025,3,175
15790,2025,4,182
15798,2024,1,220
15798,2024,2,243
15798,2024,3,233
15798,2024,4,267
15798,2025,1,291
15798,2025,2,266
15798,2025,3,287
15798,2025,4,306
15804,2022,1,205
15804,2022,2,177
15804,2022,3,175
15804,2022,4,195
15804,2023,1,195
15804,2023,2,219
15804,2023,3,261
15804,2023,4,205
15804,2024,1,306
15804,2024,2,339
15804,2024,3,327
15804,2024,4,373
15804,2025,1,383
15804,2025,2,440
15804,2025,3,476
15804,2025,4,478
15806,2022,1,1264
15806,2022,2,1405
15806,2022,3,1292
15806,2022,4,1314
15806,2023,1,1463
15806,2023,2,1695
15806,2023,3,1752
15806,2023,4,1714
15806,2024,1,2245
15806,2024,2,2155
15806,2024,3,2199
15806,2024,4,2071
15806,2025,1,2148
15806,2025,2,2107
15806,2025,3,2332
15806,2025,4,2259
15808,2022,1,141
15808,2022,2,4
15808,2022,3,4
15808,2022,4,4
15808,2023,1,31
15808,2023,2,4
15808,2023,3,32
15808,2023,4,34
15808,2024,1,64
15808,2024,2,38
15808,2024,3,22
15808,2024,4,126
15808,2025,1,30
15808,2025,2,32
15808,2025,3,34
15808,2025,4,36
15810,2022,1,1
15810,2022,2,1
15810,2022,3,1
15810,2022,4,1
15810,2023,1,1
15810,2023,2,1
15810,2023,3,1
15810,2023,4,1
15810,2024,1,42
15810,2024,2,86
15810,2024,3,66
15810,2024,4,55
15810,2025,1,98
15810,2025,2,81
15810,2025,3,82
15810,2025,4,88
15814,2022,1,533
15814,2022,2,562
15814,2022,3,543
15814,2022,4,798
15814,2023,1,448
15814,2023,2,543
15814,2023,3,528
15814,2023,4,530
15814,2024,1,562
15814,2024,2,593
15814,2024,3,582
15814,2024,4,638
15814,2025,1,596
15814,2025,2,649
15814,2025,3,628
15814,2025,4,796
15816,2022,1,93
15816,2022,2,253
15816,2022,3,85
15816,2022,4,11
15816,2023,1,81
15816,2023,2,79
15816,2023,3,6
15816,2023,4,6
15816,2024,1,48
15816,2024,2,121
15816,2024,3,81
15816,2024,4,84
15816,2025,1,99
15816,2025,2,97
15816,2025,3,11
15816,2025,4,17
15820,2022,1,48
15820,2022,2,42
15820,2022,3,53
15820,2022,4,56
15820,2023,1,55
15820,2023,2,52
15820,2023,3,60
15820,2023,4,64
15820,2024,1,94
15820,2024,2,131
15820,2024,3,123
15820,2024,4,144
15820,2025,1,167
15820,2025,2,143
15820,2025,3,143
15820,2025,4,118
15822,2022,1,41
15822,2022,2,41
15822,2022,3,37
15822,2022,4,40
15822,2023,1,44
15822,2023,2,41
15822,2023,3,33
15822,2023,4,37
15822,2024,1,48
15822,2024,2,53
15822,2024,3,113
15822,2024,4,121
15822,2025,1,120
15822,2025,2,184
15822,2025,3,193
15822,2025,4,126
15835,2022,1,126
15835,2022,2,125
15835,2022,3,127
15835,2022,4,129
15835,2023,1,134
15835,2023,2,124
15835,2023,3,356
15835,2023,4,118
15835,2024,1,128
15835,2024,2,128
15835,2024,3,142
15835,2024,4,160
15835,2025,1,193
15835,2025,2,170
15835,2025,3,223
15835,2025,4,248
15837,2022,1,454
15837,2022,2,308
15837,2022,3,322
15837,2022,4,445
15837,2023,1,278
15837,2023,2,442
15837,2023,3,782
15837,2023,4,513
15837,2024,1,639
15837,2024,2,653
15837,2024,3,713
15837,2024,4,783
15837,2025,1,1206
15837,2025,2,829
15837,2025,3,868
15837,2025,4,1076
15839,2022,1,27
15839,2022,2,27
15839,2022,3,25
15839,2022,4,24
15839,2023,1,29
15839,2023,2,27
15839,2023,3,24
15839,2023,4,24
15839,2024,1,29
15839,2024,2,30
15839,2024,3,28
15839,2024,4,30
15839,2025,1,30
15839,2025,2,34
15839,2025,3,35
15839,2025,4,36
15842,2022,1,160
15842,2022,2,160
15842,2022,3,157
15842,2022,4,180
15842,2023,1,99
15842,2023,2,190
15842,2023,3,192
15842,2023,4,181
15842,2024,1,181
15842,2024,2,183
15842,2024,3,179
15842,2024,4,166
15842,2025,1,166
15842,2025,2,179
15842,2025,3,183
15842,2025,4,183
15861,2022,1,122
15861,2022,2,515
15861,2022,3,487
15861,2022,4,106
15861,2023,1,476
15861,2023,2,530
15861,2023,3,203
15861,2023,4,102
15861,2024,1,117
15861,2024,2,275
15861,2024,3,235
15861,2024,4,185
15861,2025,1,130
15861,2025,2,295
15861,2025,3,355
15861,2025,4,458
15879,2022,1,6
15879,2022,2,6
15879,2022,3,5
15879,2022,4,5
15879,2023,1,6
15879,2023,2,79
15879,2023,3,85
15879,2023,4,86
15879,2024,1,78
15879,2024,2,78
15879,2024,3,76
15879,2024,4,76
15879,2025,1,84
15879,2025,2,98
15879,2025,3,104
15879,2025,4,116
15897,2022,1,110
15897,2022,2,141
15897,2022,3,182
15897,2022,4,65
15897,2023,1,140
15897,2023,2,129
15897,2023,3,124
15897,2023,4,115
15897,2024,1,112
15897,2024,2,118
15897,2024,3,121
15897,2024,4,120
15897,2025,1,120
15897,2025,2,120
15897,2025,3,129
15897,2025,4,129
17001,2022,1,92275
17001,2022,2,92997
17001,2022,3,94267
17001,2022,4,94748
17001,2023,1,94570
17001,2023,2,94933
17001,2023,3,94286
17001,2023,4,93956
17001,2024,1,95909
17001,2024,2,96817
17001,2024,3,97581
17001,2024,4,98381
17001,2025,1,99897
17001,2025,2,101434
17001,2025,3,104763
17001,2025,4,106200
17013,2022,1,1332
17013,2022,2,1325
17013,2022,3,1304
17013,2022,4,1327
17013,2023,1,1464
17013,2023,2,1492
17013,2023,3,1571
17013,2023,4,1491
17013,2024,1,1433
17013,2024,2,1347
17013,2024,3,1649
17013,2024,4,1425
17013,2025,1,1436
17013,2025,2,1492
17013,2025,3,1566
17013,2025,4,1527
17042,2022,1,3270
17042,2022,2,3316
17042,2022,3,3347
17042,2022,4,3394
17042,2023,1,3464
17042,2023,2,3481
17042,2023,3,3475
17042,2023,4,3420
17042,2024,1,3111
17042,2024,2,3263
17042,2024,3,3508
17042,2024,4,3430
17042,2025,1,3425
17042,2025,2,4540
17042,2025,3,5674
17042,2025,4,5140
17050,2022,1,290
17050,2022,2,362
17050,2022,3,354
17050,2022,4,362
17050,2023,1,465
17050,2023,2,492
17050,2023,3,467
17050,2023,4,413
17050,2024,1,486
17050,2024,2,1554
17050,2024,3,793
17050,2024,4,791
17050,2025,1,792
17050,2025,2,1552
17050,2025,3,871
17050,2025,4,860
17088,2022,1,347
17088,2022,2,338
17088,2022,3,344
17088,2022,4,356
17088,2023,1,318
17088,2023,2,338
17088,2023,3,608
17088,2023,4,493
17088,2024,1,705
17088,2024,2,866
17088,2024,3,675
17088,2024,4,942
17088,2025,1,745
17088,2025,2,1066
17088,2025,3,1204
17088,2025,4,1171
17174,2022,1,8741
17174,2022,2,8772
17174,2022,3,8612
17174,2022,4,8473
17174,2023,1,8045
17174,2023,2,7686
17174,2023,3,7500
17174,2023,4,7300
17174,2024,1,7066
17174,2024,2,7095
17174,2024,3,7319
17174,2024,4,7626
17174,2025,1,7541
17174,2025,2,8026
17174,2025,3,8250
17174,2025,4,8128
17272,2022,1,85
17272,2022,2,88
17272,2022,3,84
17272,2022,4,292
17272,2023,1,269
17272,2023,2,257
17272,2023,3,244
17272,2023,4,234
17272,2024,1,276
17272,2024,2,1555
17272,2024,3,530
17272,2024,4,908
17272,2025,1,530
17272,2025,2,926
17272,2025,3,931
17272,2025,4,895
17380,2022,1,11199
17380,2022,2,11638
17380,2022,3,12053
17380,2022,4,11527
17380,2023,1,14708
17380,2023,2,15004
17380,2023,3,15148
17380,2023,4,15071
17380,2024,1,17541
17380,2024,2,17438
17380,2024,3,17306
17380,2024,4,16524
17380,2025,1,17958
17380,2025,2,19463
17380,2025,3,19516
17380,2025,4,19708
17388,2022,1,155
17388,2022,2,136
17388,2022,3,137
17388,2022,4,137
17388,2023,1,141
17388,2023,2,308
17388,2023,3,306
17388,2023,4,301
17388,2024,1,378
17388,2024,2,238
17388,2024,3,365
17388,2024,4,233
17388,2025,1,346
17388,2025,2,302
17388,2025,3,279
17388,2025,4,269
17433,2022,1,1412
17433,2022,2,1475
17433,2022,3,1491
17433,2022,4,1408
17433,2023,1,1412
17433,2023,2,1258
17433,2023,3,1349
17433,2023,4,1322
17433,2024,1,1436
17433,2024,2,1265
17433,2024,3,1175
17433,2024,4,1068
17433,2025,1,1192
17433,2025,2,1241
17433,2025,3,1224
17433,2025,4,1080
17442,2022,1,545
17442,2022,2,546
17442,2022,3,536
17442,2022,4,516
17442,2023,1,548
17442,2023,2,529
17442,2023,3,503
17442,2023,4,474
17442,2024,1,597
17442,2024,2,579
17442,2024,3,573
17442,2024,4,550
17442,2025,1,550
17442,2025,2,536
17442,2025,3,502
17442,2025,4,500
17444,2022,1,610
17444,2022,2,797
17444,2022,3,807
17444,2022,4,718
17444,2023,1,940
17444,2023,2,847
17444,2023,3,860
17444,2023,4,831
17444,2024,1,920
17444,2024,2,882
17444,2024,3,865
17444,2024,4,874
17444,2025,1,1025
17444,2025,2,1014
17444,2025,3,1090
17444,2025,4,1097
17446,2022,1,28
17446,2022,2,31
17446,2022,3,46
17446,2022,4,43
17446,2023,1,32
17446,2023,2,32
17446,2023,3,35
17446,2023,4,35
17446,2024,1,34
17446,2024,2,43
17446,2024,3,49
17446,2024,4,38
17446,2025,1,44
17446,2025,2,50
17446,2025,3,54
17446,2025,4,55
17486,2022,1,1644
17486,2022,2,1667
17486,2022,3,1654
17486,2022,4,1586
17486,2023,1,1470
17486,2023,2,1399
17486,2023,3,1351
17486,2023,4,1328
17486,2024,1,1312
17486,2024,2,1386
17486,2024,3,1325
17486,2024,4,1430
17486,2025,1,1366
17486,2025,2,1369
17486,2025,3,1420
17486,2025,4,1496
17495,2022,1,619
17495,2022,2,746
17495,2022,3,787
17495,2022,4,810
17495,2023,1,805
17495,2023,2,623
17495,2023,3,628
17495,2023,4,549
17495,2024,1,621
17495,2024,2,560
17495,2024,3,523
17495,2024,4,508
17495,2025,1,531
17495,2025,2,663
17495,2025,3,525
17495,2025,4,543
17513,2022,1,979
17513,2022,2,1071
17513,2022,3,1122
17513,2022,4,1137
17513,2023,1,1122
17513,2023,2,1095
17513,2023,3,1060
17513,2023,4,977
17513,2024,1,1082
17513,2024,2,1035
17513,2024,3,1023
17513,2024,4,1029
17513,2025,1,1069
17513,2025,2,1047
17513,2025,3,1091
17513,2025,4,1289
17524,2022,1,1084
17524,2022,2,1029
17524,2022,3,1166
17524,2022,4,1098
17524,2023,1,1075
17524,2023,2,1074
17524,2023,3,1100
17524,2023,4,1125
17524,2024,1,1059
17524,2024,2,1426
17524,2024,3,1982
17524,2024,4,1931
17524,2025,1,1954
17524,2025,2,2014
17524,2025,3,1923
17524,2025,4,1776
17541,2022,1,1253
17541,2022,2,1389
17541,2022,3,1383
17541,2022,4,1351
17541,2023,1,1446
17541,2023,2,1499
17541,2023,3,1509
17541,2023,4,1283
17541,2024,1,1492
17541,2024,2,1415
17541,2024,3,1384
17541,2024,4,1360
17541,2025,1,1514
17541,2025,2,1493
17541,2025,3,1544
17541,2025,4,1592
17614,2022,1,3854
17614,2022,2,4163
17614,2022,3,3982
17614,2022,4,4519
17614,2023,1,4057
17614,2023,2,3918
17614,2023,3,3835
17614,2023,4,3950
17614,2024,1,4294
17614,2024,2,4195
17614,2024,3,4061
17614,2024,4,4324
17614,2025,1,4659
17614,2025,2,4787
17614,2025,3,4736
17614,2025,4,4915
17616,2022,1,535
17616,2022,2,524
17616,2022,3,506
17616,2022,4,496
17616,2023,1,507
17616,2023,2,476
17616,2023,3,468
17616,2023,4,526
17616,2024,1,555
17616,2024,2,599
17616,2024,3,508
17616,2024,4,640
17616,2025,1,376
17616,2025,2,533
17616,2025,3,777
17616,2025,4,490
17653,2022,1,1242
17653,2022,2,1198
17653,2022,3,1166
17653,2022,4,1143
17653,2023,1,1101
17653,2023,2,1236
17653,2023,3,1199
17653,2023,4,1226
17653,2024,1,1181
17653,2024,2,1417
17653,2024,3,1300
17653,2024,4,1234
17653,2025,1,1391
17653,2025,2,1417
17653,2025,3,1181
17653,2025,4,1178
17662,2022,1,859
17662,2022,2,975
17662,2022,3,992
17662,2022,4,1016
17662,2023,1,1151
17662,2023,2,1160
17662,2023,3,1041
17662,2023,4,925
17662,2024,1,1202
17662,2024,2,1109
17662,2024,3,1058
17662,2024,4,1141
17662,2025,1,1021
17662,2025,2,1476
17662,2025,3,1285
17662,2025,4,1004
17665,2022,1,149
17665,2022,2,138
17665,2022,3,140
17665,2022,4,128
17665,2023,1,194
17665,2023,2,281
17665,2023,3,327
17665,2023,4,365
17665,2024,1,359
17665,2024,2,517
17665,2024,3,468
17665,2024,4,538
17665,2025,1,307
17665,2025,2,552
17665,2025,3,811
17665,2025,4,672
17777,2022,1,2366
17777,2022,2,2345
17777,2022,3,2343
17777,2022,4,2851
17777,2023,1,2640
17777,2023,2,2758
17777,2023,3,2792
17777,2023,4,2718
17777,2024,1,2361
17777,2024,2,2523
17777,2024,3,2679
17777,2024,4,2674
17777,2025,1,2608
17777,2025,2,2666
17777,2025,3,2783
17777,2025,4,2741
17867,2022,1,981
17867,2022,2,1025
17867,2022,3,1115
17867,2022,4,1093
17867,2023,1,1046
17867,2023,2,1067
17867,2023,3,1208
17867,2023,4,1203
17867,2024,1,1191
17867,2024,2,1138
17867,2024,3,802
17867,2024,4,671
17867,2025,1,1040
17867,2025,2,1161
17867,2025,3,967
17867,2025,4,612
17873,2022,1,13289
17873,2022,2,13304
17873,2022,3,13378
17873,2022,4,13591
17873,2023,1,13556
17873,2023,2,13516
17873,2023,3,13433
17873,2023,4,13407
17873,2024,1,13484
17873,2024,2,13431
17873,2024,3,13115
17873,2024,4,13806
17873,2025,1,13478
17873,2025,2,13977
17873,2025,3,15155
17873,2025,4,14796
17877,2022,1,2220
17877,2022,2,2299
17877,2022,3,2303
17877,2022,4,2323
17877,2023,1,2261
17877,2023,2,2254
17877,2023,3,2540
17877,2023,4,2684
17877,2024,1,2588
17877,2024,2,2592
17877,2024,3,2620
17877,2024,4,2646
17877,2025,1,2599
17877,2025,2,2570
17877,2025,3,2574
17877,2025,4,2636
18001,2022,1,24444
18001,2022,2,21461
18001,2022,3,23593
18001,2022,4,24123
18001,2023,1,23252
18001,2023,2,22882
18001,2023,3,22564
18001,2023,4,21743
18001,2024,1,20877
18001,2024,2,21179
18001,2024,3,22030
18001,2024,4,22415
18001,2025,1,24506
18001,2025,2,23730
18001,2025,3,25664
18001,2025,4,25974
18029,2022,1,13
18029,2022,2,12
18029,2022,3,10
18029,2022,4,9
18029,2023,1,10
18029,2023,2,10
18029,2023,3,11
18029,2023,4,8
18029,2024,1,7
18029,2024,2,7
18029,2024,3,7
18029,2024,4,7
18029,2025,1,5
18029,2025,2,4
18029,2025,3,5
18029,2025,4,6
18094,2022,1,28
18094,2022,2,17
18094,2022,3,13
18094,2022,4,165
18094,2023,1,143
18094,2023,2,202
18094,2023,3,324
18094,2023,4,324
18094,2024,1,349
18094,2024,2,11
18094,2024,3,11
18094,2024,4,12
18094,2025,1,12
18094,2025,2,11
18094,2025,3,11
18094,2025,4,14
18150,2022,1,397
18150,2022,2,397
18150,2022,3,344
18150,2022,4,362
18150,2023,1,362
18150,2023,2,430
18150,2023,3,329
18150,2023,4,344
18150,2024,1,372
18150,2024,2,304
18150,2024,3,385
18150,2024,4,287
18150,2025,1,242
18150,2025,2,3
18150,2025,3,55
18150,2025,4,62
18205,2022,1,357
18205,2022,2,9
18205,2022,3,385
18205,2022,4,394
18205,2023,1,405
18205,2023,2,9
18205,2023,3,8
18205,2023,4,7
18205,2024,1,6
18205,2024,2,623
18205,2024,3,698
18205,2024,4,699
18205,2025,1,724
18205,2025,2,738
18205,2025,3,818
18205,2025,4,855
18247,2022,1,1006
18247,2022,2,458
18247,2022,3,928
18247,2022,4,1257
18247,2023,1,562
18247,2023,2,1330
18247,2023,3,992
18247,2023,4,1009
18247,2024,1,583
18247,2024,2,678
18247,2024,3,942
18247,2024,4,606
18247,2025,1,635
18247,2025,2,505
18247,2025,3,427
18247,2025,4,396
18256,2022,1,1228
18256,2022,2,420
18256,2022,3,1186
18256,2022,4,1039
18256,2023,1,851
18256,2023,2,647
18256,2023,3,646
18256,2023,4,1400
18256,2024,1,1058
18256,2024,2,269
18256,2024,3,260
18256,2024,4,227
18256,2025,1,389
18256,2025,2,283
18256,2025,3,230
18256,2025,4,222
18410,2022,1,421
18410,2022,2,351
18410,2022,3,207
18410,2022,4,402
18410,2023,1,231
18410,2023,2,298
18410,2023,3,305
18410,2023,4,373
18410,2024,1,321
18410,2024,2,297
18410,2024,3,306
18410,2024,4,237
18410,2025,1,264
18410,2025,2,254
18410,2025,3,224
18410,2025,4,61
18460,2022,1,400
18460,2022,2,369
18460,2022,3,349
18460,2022,4,317
18460,2023,1,289
18460,2023,2,247
18460,2023,3,212
18460,2023,4,163
18460,2024,1,137
18460,2024,2,128
18460,2024,3,103
18460,2024,4,84
18460,2025,1,75
18460,2025,2,66
18460,2025,3,55
18460,2025,4,30
18479,2022,1,80
18479,2022,2,10
18479,2022,3,43
18479,2022,4,125
18479,2023,1,11
18479,2023,2,67
18479,2023,3,90
18479,2023,4,92
18479,2024,1,20
18479,2024,2,20
18479,2024,3,18
18479,2024,4,8
18479,2025,1,12
18479,2025,2,12
18479,2025,3,13
18479,2025,4,15
18592,2022,1,500
18592,2022,2,252
18592,2022,3,418
18592,2022,4,467
18592,2023,1,194
18592,2023,2,374
18592,2023,3,406
18592,2023,4,385
18592,2024,1,294
18592,2024,2,277
18592,2024,3,252
18592,2024,4,564
18592,2025,1,648
18592,2025,2,647
18592,2025,3,689
18592,2025,4,678
18610,2022,1,30
18610,2022,2,27
18610,2022,3,21
18610,2022,4,15
18610,2023,1,13
18610,2023,2,9
18610,2023,3,6
18610,2023,4,6
18610,2024,1,6
18610,2024,2,6
18610,2024,3,7
18610,2024,4,7
18610,2025,1,7
18610,2025,2,7
18610,2025,3,5
18610,2025,4,4
18753,2022,1,4571
18753,2022,2,2885
18753,2022,3,3327
18753,2022,4,3680
18753,2023,1,2967
18753,2023,2,3900
18753,2023,3,4127
18753,2023,4,3850
18753,2024,1,3980
18753,2024,2,1453
18753,2024,3,1726
18753,2024,4,1222
18753,2025,1,1361
18753,2025,2,1513
18753,2025,3,1668
18753,2025,4,1850
18756,2022,1,98
18756,2022,2,98
18756,2022,3,46
18756,2022,4,182
18756,2023,1,79
18756,2023,2,83
18756,2023,3,64
18756,2023,4,79
18756,2024,1,49
18756,2024,2,44
18756,2024,3,35
18756,2024,4,26
18756,2025,1,1
18756,2025,2,1
18785,2022,1,192
18785,2022,2,189
18785,2022,3,189
18785,2022,4,246
18785,2023,1,136
18785,2023,2,116
18785,2023,3,62
18785,2023,4,92
18785,2024,1,67
18785,2024,2,115
18785,2024,3,64
18785,2024,4,65
18785,2025,1,67
18785,2025,2,63
18785,2025,3,53
18785,2025,4,16
18860,2022,1,206
18860,2022,2,131
18860,2022,3,60
18860,2022,4,193
18860,2023,1,92
18860,2023,2,85
18860,2023,3,220
18860,2023,4,220
18860,2024,1,85
18860,2024,2,70
18860,2024,3,80
18860,2024,4,70
18860,2025,1,67
18860,2025,2,63
18860,2025,3,60
18860,2025,4,3
19001,2022,1,61235
19001,2022,2,62017
19001,2022,3,62972
19001,2022,4,64964
19001,2023,1,65157
19001,2023,2,64710
19001,2023,3,67696
19001,2023,4,64203
19001,2024,1,64304
19001,2024,2,63517
19001,2024,3,65669
19001,2024,4,66260
19001,2025,1,67908
19001,2025,2,69430
19001,2025,3,76286
19001,2025,4,78802
19022,2022,1,2
19022,2022,2,2
19022,2022,3,1
19022,2022,4,1
19022,2023,1,1
19022,2023,2,1
19022,2023,3,2
19022,2023,4,2
19022,2024,1,12
19022,2024,2,13
19022,2024,3,14
19022,2024,4,12
19022,2025,1,12
19022,2025,2,10
19022,2025,3,9
19022,2025,4,8
19050,2022,1,218
19050,2022,2,221
19050,2022,3,223
19050,2022,4,281
19050,2023,1,271
19050,2023,2,217
19050,2023,3,207
19050,2023,4,197
19050,2024,1,212
19050,2024,2,201
19050,2024,3,208
19050,2024,4,236
19050,2025,1,240
19050,2025,2,273
19050,2025,3,496
19050,2025,4,530
19075,2022,1,16
19075,2022,2,15
19075,2022,3,14
19075,2022,4,13
19075,2023,1,10
19075,2023,2,12
19075,2023,3,193
19075,2023,4,7
19075,2024,1,34
19075,2024,2,34
19075,2024,3,32
19075,2024,4,28
19075,2025,1,28
19075,2025,2,22
19075,2025,3,44
19075,2025,4,43
19100,2022,1,1
19100,2022,3,122
19100,2022,4,211
19100,2023,1,127
19100,2023,2,7
19100,2023,3,804
19100,2023,4,288
19100,2024,1,300
19100,2024,2,306
19100,2024,3,341
19100,2024,4,365
19100,2025,1,487
19100,2025,2,454
19100,2025,3,572
19100,2025,4,565
19110,2022,1,18
19110,2022,2,41
19110,2022,3,51
19110,2022,4,69
19110,2023,1,48
19110,2023,2,48
19110,2023,3,47
19110,2023,4,69
19110,2024,1,67
19110,2024,2,72
19110,2024,3,65
19110,2024,4,109
19110,2025,1,47
19110,2025,2,81
19110,2025,3,943
19110,2025,4,1089
19130,2022,1,85
19130,2022,2,74
19130,2022,3,80
19130,2022,4,74
19130,2023,1,66
19130,2023,2,116
19130,2023,3,406
19130,2023,4,68
19130,2024,1,64
19130,2024,2,67
19130,2024,3,67
19130,2024,4,73
19130,2025,1,73
19130,2025,2,55
19130,2025,3,196
19130,2025,4,166
19137,2022,1,143
19137,2022,2,192
19137,2022,3,193
19137,2022,4,200
19137,2023,1,197
19137,2023,2,171
19137,2023,3,165
19137,2023,4,155
19137,2024,1,349
19137,2024,2,357
19137,2024,3,343
19137,2024,4,351
19137,2025,1,340
19137,2025,2,494
19137,2025,3,577
19137,2025,4,807
19142,2022,1,50
19142,2022,2,135
19142,2022,3,145
19142,2022,4,155
19142,2023,1,153
19142,2023,2,182
19142,2023,3,907
19142,2023,4,915
19142,2024,1,117
19142,2024,2,471
19142,2024,3,241
19142,2024,4,436
19142,2025,1,435
19142,2025,2,1269
19142,2025,3,1368
19142,2025,4,1253
19212,2022,1,145
19212,2022,2,58
19212,2022,3,57
19212,2022,4,520
19212,2023,1,434
19212,2023,2,484
19212,2023,3,500
19212,2023,4,523
19212,2024,1,512
19212,2024,2,783
19212,2024,3,1779
19212,2024,4,1068
19212,2025,1,1881
19212,2025,2,1955
19212,2025,3,3046
19212,2025,4,3035
19256,2022,1,559
19256,2022,2,534
19256,2022,3,497
19256,2022,4,518
19256,2023,1,542
19256,2023,2,532
19256,2023,3,508
19256,2023,4,517
19256,2024,1,790
19256,2024,2,627
19256,2024,3,764
19256,2024,4,735
19256,2025,1,755
19256,2025,2,1244
19256,2025,3,1113
19256,2025,4,1335
19290,2022,1,894
19290,2022,2,701
19290,2022,3,659
19290,2022,4,654
19290,2023,1,632
19290,2023,2,661
19290,2023,3,797
19290,2023,4,701
19290,2024,1,766
19290,2024,2,741
19290,2024,3,765
19290,2024,4,791
19290,2025,1,800
19290,2025,2,2503
19290,2025,3,2639
19290,2025,4,2647
19300,2022,1,13
19300,2022,2,11
19300,2022,3,11
19300,2022,4,10
19300,2023,1,9
19300,2023,2,8
19300,2023,3,1059
19300,2023,4,1069
19300,2024,1,66
19300,2024,2,57
19300,2024,3,1432
19300,2024,4,1137
19300,2025,1,1141
19300,2025,2,1221
19300,2025,3,1192
19300,2025,4,1845
19318,2022,1,285
19318,2022,2,267
19318,2022,3,251
19318,2022,4,246
19318,2023,1,222
19318,2023,2,185
19318,2023,3,185
19318,2023,4,184
19318,2024,1,193
19318,2024,2,204
19318,2024,3,199
19318,2024,4,182
19318,2025,1,177
19318,2025,2,200
19318,2025,3,197
19318,2025,4,214
19355,2022,1,11
19355,2022,2,6
19355,2022,3,4
19355,2022,4,27
19355,2023,1,24
19355,2023,2,25
19355,2023,3,101
19355,2023,4,22
19355,2024,1,27
19355,2024,2,23
19355,2024,3,24
19355,2024,4,25
19355,2025,1,41
19355,2025,2,44
19355,2025,3,78
19355,2025,4,77
19364,2022,1,29
19364,2022,2,383
19364,2022,3,363
19364,2022,4,382
19364,2023,1,382
19364,2023,2,445
19364,2023,3,401
19364,2023,4,373
19364,2024,1,300
19364,2024,2,347
19364,2024,3,310
19364,2024,4,300
19364,2025,1,300
19364,2025,2,204
19364,2025,3,159
19364,2025,4,158
19392,2022,1,88
19392,2022,2,1
19392,2022,3,22
19392,2022,4,44
19392,2023,1,95
19392,2023,2,106
19392,2023,3,27
19392,2023,4,114
19392,2024,1,158
19392,2024,2,16
19392,2024,3,159
19392,2024,4,166
19392,2025,1,18
19392,2025,2,297
19392,2025,3,903
19392,2025,4,311
19397,2022,1,5
19397,2022,2,3
19397,2022,3,5
19397,2022,4,4
19397,2023,1,3
19397,2023,2,3
19397,2023,3,3
19397,2023,4,4
19397,2024,1,88
19397,2024,2,110
19397,2024,3,85
19397,2024,4,86
19397,2025,1,92
19397,2025,2,91
19397,2025,3,91
19397,2025,4,90
19418,2022,1,126
19418,2022,2,117
19418,2022,3,113
19418,2022,4,102
19418,2023,1,105
19418,2023,2,97
19418,2023,3,87
19418,2023,4,75
19418,2024,1,65
19418,2024,2,52
19418,2024,3,47
19418,2024,4,43
19418,2025,1,36
19418,2025,2,32
19418,2025,3,27
19418,2025,4,22
19450,2022,1,6
19450,2022,2,162
19450,2022,3,229
19450,2022,4,193
19450,2023,1,215
19450,2023,2,230
19450,2023,3,506
19450,2023,4,228
19450,2024,1,233
19450,2024,2,228
19450,2024,3,230
19450,2024,4,236
19450,2025,1,261
19450,2025,2,795
19450,2025,3,1055
19450,2025,4,1094
19455,2022,1,1007
19455,2022,2,986
19455,2022,3,914
19455,2022,4,1931
19455,2023,1,1843
19455,2023,2,2294
19455,2023,3,2191
19455,2023,4,2135
19455,2024,1,1801
19455,2024,2,1342
19455,2024,3,1915
19455,2024,4,1749
19455,2025,1,1798
19455,2025,2,1968
19455,2025,3,2497
19455,2025,4,2433
19473,2022,1,59
19473,2022,2,37
19473,2022,3,27
19473,2022,4,24
19473,2023,1,19
19473,2023,2,19
19473,2023,3,112
19473,2023,4,52
19473,2024,1,70
19473,2024,2,78
19473,2024,3,99
19473,2024,4,87
19473,2025,1,116
19473,2025,2,96
19473,2025,3,177
19473,2025,4,176
19513,2022,1,14
19513,2022,2,14
19513,2022,3,5
19513,2022,4,5
19513,2023,1,4
19513,2023,2,5
19513,2023,3,21
19513,2023,4,12
19513,2024,1,14
19513,2024,2,77
19513,2024,3,132
19513,2025,2,193
19513,2025,3,726
19513,2025,4,770
19517,2022,1,123
19517,2022,2,107
19517,2022,3,706
19517,2022,4,732
19517,2023,1,691
19517,2023,2,727
19517,2023,3,727
19517,2023,4,753
19517,2024,1,137
19517,2024,2,748
19517,2024,3,601
19517,2024,4,96
19517,2025,1,605
19517,2025,2,541
19517,2025,3,686
19517,2025,4,1059
19532,2022,1,444
19532,2022,2,164
19532,2022,3,415
19532,2022,4,538
19532,2023,1,524
19532,2023,2,106
19532,2023,3,772
19532,2023,4,629
19532,2024,1,374
19532,2024,2,376
19532,2024,3,367
19532,2024,4,512
19532,2025,1,607
19532,2025,2,964
19532,2025,3,1240
19532,2025,4,1026
19533,2022,1,17
19533,2022,2,19
19533,2022,3,19
19533,2022,4,13
19533,2023,1,8
19533,2023,2,6
19533,2023,3,5
19533,2023,4,4
19533,2024,1,3
19533,2024,2,3
19533,2024,3,3
19533,2024,4,3
19533,2025,1,6
19533,2025,2,5
19533,2025,3,5
19533,2025,4,4
19548,2022,1,1140
19548,2022,2,1138
19548,2022,3,1104
19548,2022,4,1060
19548,2023,1,958
19548,2023,2,923
19548,2023,3,3146
19548,2023,4,1199
19548,2024,1,632
19548,2024,2,503
19548,2024,3,580
19548,2024,4,460
19548,2025,1,513
19548,2025,2,385
19548,2025,3,3766
19548,2025,4,3438
19573,2022,1,3758
19573,2022,2,3691
19573,2022,3,3576
19573,2022,4,3600
19573,2023,1,3358
19573,2023,2,3598
19573,2023,3,4497
19573,2023,4,5227
19573,2024,1,3478
19573,2024,2,4030
19573,2024,3,4846
19573,2024,4,4429
19573,2025,1,4470
19573,2025,2,6460
19573,2025,3,6289
19573,2025,4,5592
19585,2022,1,3
19585,2022,2,2
19585,2022,3,1
19585,2022,4,1
19585,2023,3,9
19585,2025,3,11
19585,2025,4,11
19622,2022,1,1
19622,2022,2,1
19622,2022,3,33
19622,2022,4,36
19622,2023,3,64
19622,2024,1,388
19622,2024,2,397
19622,2024,3,400
19622,2024,4,370
19622,2025,1,389
19622,2025,2,361
19622,2025,3,386
19622,2025,4,388
19693,2022,2,1
19693,2022,3,4
19693,2022,4,4
19693,2023,3,1
19693,2024,1,1
19693,2024,2,1
19693,2024,4,1
19693,2025,1,1
19693,2025,2,1
19698,2022,1,10917
19698,2022,2,11146
19698,2022,3,11308
19698,2022,4,11291
19698,2023,1,10107
19698,2023,2,9851
19698,2023,3,10196
19698,2023,4,10480
19698,2024,1,11504
19698,2024,2,11609
19698,2024,3,10062
19698,2024,4,10847
19698,2025,1,10604
19698,2025,2,12541
19698,2025,3,11780
19698,2025,4,12156
19701,2022,1,36
19701,2022,2,30
19701,2022,3,33
19701,2022,4,25
19701,2023,1,22
19701,2023,2,21
19701,2023,3,20
19701,2023,4,20
19701,2024,1,15
19701,2024,2,14
19701,2024,3,12
19701,2024,4,10
19701,2025,1,8
19701,2025,2,6
19701,2025,3,7
19701,2025,4,10
19743,2022,1,7
19743,2022,2,4
19743,2022,3,4
19743,2022,4,2
19743,2023,1,2
19743,2023,2,2
19743,2023,3,754
19743,2023,4,2
19743,2024,1,97
19743,2024,2,5
19743,2024,3,6
19743,2024,4,4
19743,2025,1,5
19743,2025,2,7
19743,2025,3,210
19743,2025,4,210
19760,2022,1,8
19760,2022,2,4
19760,2022,3,1
19760,2022,4,1
19760,2023,1,1
19760,2023,2,1
19760,2023,3,13
19760,2023,4,5
19760,2024,1,7
19760,2024,2,5
19760,2024,3,3
19760,2024,4,6
19760,2025,1,8
19760,2025,2,8
19760,2025,3,23
19760,2025,4,22
19780,2022,1,33
19780,2022,2,27
19780,2022,3,25
19780,2022,4,32
19780,2023,1,15
19780,2023,2,11
19780,2023,3,10
19780,2023,4,127
19780,2024,1,578
19780,2024,2,678
19780,2024,3,693
19780,2024,4,685
19780,2025,1,779
19780,2025,2,1607
19780,2025,3,1009
19780,2025,4,1177
19785,2023,1,2
19785,2023,2,6
19785,2023,3,3
19785,2023,4,6
19785,2024,1,1
19785,2024,2,1
19785,2024,3,1
19807,2022,1,466
19807,2022,2,182
19807,2022,3,470
19807,2022,4,779
19807,2023,1,778
19807,2023,2,211
19807,2023,3,2526
19807,2023,4,807
19807,2024,1,417
19807,2024,2,475
19807,2024,3,497
19807,2024,4,211
19807,2025,1,239
19807,2025,2,689
19807,2025,3,2464
19807,2025,4,2157
19809,2022,1,91
19809,2022,2,76
19809,2022,3,71
19809,2022,4,64
19809,2023,1,64
19809,2023,2,70
19809,2023,3,139
19809,2023,4,133
19809,2024,1,127
19809,2024,2,506
19809,2024,3,571
19809,2024,4,467
19809,2025,1,371
19809,2025,2,322
19809,2025,3,86
19809,2025,4,256
19821,2022,1,35
19821,2022,2,36
19821,2022,3,34
19821,2022,4,31
19821,2023,1,31
19821,2023,2,31
19821,2023,3,45
19821,2023,4,185
19821,2024,1,290
19821,2024,2,331
19821,2024,3,443
19821,2024,4,414
19821,2025,1,543
19821,2025,2,697
19821,2025,3,786
19821,2025,4,800
19824,2022,1,4
19824,2022,2,4
19824,2022,3,2
19824,2022,4,2
19824,2023,1,1
19824,2023,2,46
19824,2023,3,66
19824,2023,4,66
19824,2024,1,59
19824,2024,2,66
19824,2024,3,72
19824,2024,4,2
19824,2025,1,90
19824,2025,2,96
19824,2025,3,86
19824,2025,4,92
19845,2022,1,80
19845,2022,2,80
19845,2022,3,83
19845,2022,4,113
19845,2023,1,110
19845,2023,2,131
19845,2023,3,335
19845,2023,4,203
19845,2024,1,216
19845,2024,2,261
19845,2024,3,446
19845,2024,4,164
19845,2025,1,163
19845,2025,2,181
19845,2025,3,915
19845,2025,4,818
20001,2022,1,83065
20001,2022,2,82966
20001,2022,3,79979
20001,2022,4,81023
20001,2023,1,82182
20001,2023,2,82759
20001,2023,3,81376
20001,2023,4,79687
20001,2024,1,80550
20001,2024,2,82846
20001,2024,3,81291
20001,2024,4,87137
20001,2025,1,90687
20001,2025,2,91266
20001,2025,3,96356
20001,2025,4,99434
20011,2022,1,9299
20011,2022,2,9134
20011,2022,3,9012
20011,2022,4,8672
20011,2023,1,9323
20011,2023,2,10101
20011,2023,3,8328
20011,2023,4,9740
20011,2024,1,9828
20011,2024,2,9851
20011,2024,3,10149
20011,2024,4,10552
20011,2025,1,10606
20011,2025,2,10894
20011,2025,3,11352
20011,2025,4,11469
20013,2022,1,5026
20013,2022,2,4969
20013,2022,3,5103
20013,2022,4,5046
20013,2023,1,4979
20013,2023,2,4780
20013,2023,3,4522
20013,2023,4,4350
20013,2024,1,3899
20013,2024,2,3632
20013,2024,3,3257
20013,2024,4,2748
20013,2025,1,2551
20013,2025,2,2779
20013,2025,3,1978
20013,2025,4,2160
20032,2022,1,10
20032,2022,2,27
20032,2022,3,29
20032,2022,4,70
20032,2023,1,70
20032,2023,2,88
20032,2023,3,97
20032,2023,4,39
20032,2024,1,59
20032,2024,2,58
20032,2024,3,85
20032,2024,4,72
20032,2025,1,67
20032,2025,2,309
20032,2025,3,306
20032,2025,4,305
20045,2022,1,25
20045,2022,2,570
20045,2022,3,638
20045,2022,4,791
20045,2023,1,787
20045,2023,2,882
20045,2023,3,661
20045,2023,4,661
20045,2024,1,661
20045,2024,2,502
20045,2024,3,503
20045,2024,4,538
20045,2025,1,608
20045,2025,2,661
20045,2025,3,658
20045,2025,4,748
20060,2022,1,3631
20060,2022,2,3577
20060,2022,3,3583
20060,2022,4,3578
20060,2023,1,3493
20060,2023,2,3543
20060,2023,3,3547
20060,2023,4,3510
20060,2024,1,3371
20060,2024,2,3367
20060,2024,3,2865
20060,2024,4,2703
20060,2025,1,2914
20060,2025,2,2833
20060,2025,3,2565
20060,2025,4,2344
20175,2022,1,8
20175,2022,2,7
20175,2022,3,8
20175,2022,4,8
20175,2023,1,510
20175,2023,2,34
20175,2023,3,85
20175,2023,4,88
20175,2024,1,96
20175,2024,2,102
20175,2024,3,108
20175,2024,4,284
20175,2025,1,431
20175,2025,2,487
20175,2025,3,477
20175,2025,4,407
20178,2022,1,231
20178,2022,2,677
20178,2022,3,1068
20178,2022,4,1018
20178,2023,1,867
20178,2023,2,1033
20178,2023,3,1073
20178,2023,4,917
20178,2024,1,501
20178,2024,2,790
20178,2024,3,540
20178,2024,4,880
20178,2025,1,1029
20178,2025,2,844
20178,2025,3,881
20178,2025,4,790
20228,2022,1,856
20228,2022,2,839
20228,2022,3,1534
20228,2022,4,1589
20228,2023,1,919
20228,2023,2,1228
20228,2023,3,1295
20228,2023,4,1120
20228,2024,1,677
20228,2024,2,939
20228,2024,3,892
20228,2024,4,1525
20228,2025,1,1529
20228,2025,2,1528
20228,2025,3,1625
20228,2025,4,1570
20238,2022,1,491
20238,2022,2,35
20238,2022,3,945
20238,2022,4,487
20238,2023,1,1049
20238,2023,2,1046
20238,2023,3,1041
20238,2023,4,1092
20238,2024,1,1493
20238,2024,2,1665
20238,2024,3,2286
20238,2024,4,1821
20238,2025,1,2140
20238,2025,2,1593
20238,2025,3,2422
20238,2025,4,2600
20250,2022,1,572
20250,2022,2,649
20250,2022,3,624
20250,2022,4,710
20250,2023,1,399
20250,2023,2,368
20250,2023,3,488
20250,2023,4,676
20250,2024,1,997
20250,2024,2,889
20250,2024,3,815
20250,2024,4,771
20250,2025,1,1320
20250,2025,2,1394
20250,2025,3,1546
20250,2025,4,1351
20295,2022,1,210
20295,2022,2,508
20295,2022,3,28
20295,2022,4,12
20295,2023,1,11
20295,2023,2,62
20295,2023,3,86
20295,2023,4,85
20295,2024,1,349
20295,2024,2,370
20295,2024,3,369
20295,2024,4,509
20295,2025,1,717
20295,2025,2,745
20295,2025,3,706
20295,2025,4,709
20310,2022,1,8
20310,2022,2,8
20310,2022,3,7
20310,2022,4,6
20310,2023,1,5
20310,2023,2,4
20310,2023,3,3
20310,2023,4,3
20310,2024,1,4
20310,2024,2,4
20310,2024,3,3
20310,2024,4,47
20310,2025,1,47
20310,2025,2,47
20310,2025,3,216
20310,2025,4,66
20383,2022,1,257
20383,2022,2,1018
20383,2022,3,35
20383,2022,4,61
20383,2023,1,497
20383,2023,2,674
20383,2023,3,1019
20383,2023,4,917
20383,2024,1,848
20383,2024,2,778
20383,2024,3,841
20383,2024,4,801
20383,2025,1,999
20383,2025,2,1003
20383,2025,3,987
20383,2025,4,850
20400,2022,1,2664
20400,2022,2,6544
20400,2022,3,2388
20400,2022,4,2174
20400,2023,1,4859
20400,2023,2,2333
20400,2023,3,5867
20400,2023,4,3210
20400,2024,1,5697
20400,2024,2,2243
20400,2024,3,5368
20400,2024,4,2307
20400,2025,1,2402
20400,2025,2,2430
20400,2025,3,2145
20400,2025,4,1683
20443,2022,1,241
20443,2022,2,277
20443,2022,3,184
20443,2022,4,319
20443,2023,1,294
20443,2023,2,368
20443,2023,3,394
20443,2023,4,383
20443,2024,1,309
20443,2024,2,350
20443,2024,3,280
20443,2024,4,292
20443,2025,1,269
20443,2025,2,389
20443,2025,3,364
20443,2025,4,1329
20517,2022,1,343
20517,2022,2,409
20517,2022,3,612
20517,2022,4,693
20517,2023,1,345
20517,2023,2,767
20517,2023,3,463
20517,2023,4,448
20517,2024,1,422
20517,2024,2,441
20517,2024,3,485
20517,2024,4,741
20517,2025,1,826
20517,2025,2,844
20517,2025,3,816
20517,2025,4,786
20550,2022,1,418
20550,2022,2,609
20550,2022,3,146
20550,2022,4,165
20550,2023,1,160
20550,2023,2,450
20550,2023,3,560
20550,2023,4,538
20550,2024,1,504
20550,2024,2,586
20550,2024,3,585
20550,2024,4,271
20550,2025,1,902
20550,2025,2,927
20550,2025,3,878
20550,2025,4,785
20570,2022,1,269
20570,2022,2,249
20570,2022,3,225
20570,2022,4,246
20570,2023,1,274
20570,2023,2,462
20570,2023,3,270
20570,2023,4,297
20570,2024,1,317
20570,2024,2,288
20570,2024,3,265
20570,2024,4,240
20570,2025,1,331
20570,2025,2,712
20570,2025,3,758
20570,2025,4,758
20614,2022,1,16
20614,2022,2,15
20614,2022,3,14
20614,2022,4,13
20614,2023,1,13
20614,2023,2,18
20614,2023,3,33
20614,2023,4,33
20614,2024,1,34
20614,2024,2,31
20614,2024,3,30
20614,2024,4,275
20614,2025,1,1131
20614,2025,2,1136
20614,2025,3,998
20614,2025,4,894
20621,2022,1,1280
20621,2022,2,1285
20621,2022,3,1083
20621,2022,4,1192
20621,2023,1,1076
20621,2023,2,1096
20621,2023,3,1082
20621,2023,4,1153
20621,2024,1,714
20621,2024,2,1263
20621,2024,3,4411
20621,2024,4,1259
20621,2025,1,2898
20621,2025,2,1438
20621,2025,3,1656
20621,2025,4,2597
20710,2022,1,5065
20710,2022,2,3499
20710,2022,3,3301
20710,2022,4,2150
20710,2023,1,2086
20710,2023,2,1340
20710,2023,3,2077
20710,2023,4,1339
20710,2024,1,2429
20710,2024,2,2009
20710,2024,3,1820
20710,2024,4,2197
20710,2025,1,2877
20710,2025,2,3043
20710,2025,3,2803
20710,2025,4,4240
20750,2022,1,539
20750,2022,2,487
20750,2022,3,439
20750,2022,4,581
20750,2023,1,531
20750,2023,2,669
20750,2023,3,632
20750,2023,4,1065
20750,2024,1,698
20750,2024,2,794
20750,2024,3,703
20750,2024,4,595
20750,2025,1,678
20750,2025,2,657
20750,2025,3,668
20750,2025,4,1494
20770,2022,1,607
20770,2022,2,8
20770,2022,3,216
20770,2022,4,1230
20770,2023,1,1281
20770,2023,2,1153
20770,2023,3,1212
20770,2023,4,1761
20770,2024,1,1874
20770,2024,2,1594
20770,2024,3,1549
20770,2024,4,1169
20770,2025,1,1562
20770,2025,2,1924
20770,2025,3,1915
20770,2025,4,1917
20787,2022,1,5
20787,2022,2,5
20787,2022,3,14
20787,2022,4,20
20787,2023,1,26
20787,2023,2,206
20787,2023,3,223
20787,2023,4,214
20787,2024,1,269
20787,2024,2,264
20787,2024,3,290
20787,2024,4,279
20787,2025,1,417
20787,2025,2,501
20787,2025,3,452
20787,2025,4,455
23001,2022,1,62753
23001,2022,2,60888
23001,2022,3,62414
23001,2022,4,62366
23001,2023,1,65337
23001,2023,2,61106
23001,2023,3,62257
23001,2023,4,62643
23001,2024,1,62702
23001,2024,2,63404
23001,2024,3,64443
23001,2024,4,64718
23001,2025,1,66650
23001,2025,2,67973
23001,2025,3,69387
23001,2025,4,74011
23068,2022,1,4693
23068,2022,2,4610
23068,2022,3,4763
23068,2022,4,4673
23068,2023,1,4718
23068,2023,2,3274
23068,2023,3,1423
23068,2023,4,1280
23068,2024,1,878
23068,2024,2,834
23068,2024,3,686
23068,2024,4,720
23068,2025,1,1453
23068,2025,2,1239
23068,2025,3,3404
23068,2025,4,3743
23079,2022,1,794
23079,2022,2,778
23079,2022,3,785
23079,2022,4,770
23079,2023,1,940
23079,2023,2,769
23079,2023,3,314
23079,2023,4,365
23079,2024,1,361
23079,2024,2,336
23079,2024,3,577
23079,2024,4,365
23079,2025,1,581
23079,2025,2,1070
23079,2025,3,985
23079,2025,4,1048
23090,2022,1,94
23090,2022,2,80
23090,2022,3,77
23090,2022,4,113
23090,2023,1,151
23090,2023,2,223
23090,2023,3,220
23090,2023,4,44
23090,2024,1,39
23090,2024,2,139
23090,2024,3,37
23090,2024,4,30
23090,2025,1,208
23090,2025,2,288
23090,2025,3,293
23090,2025,4,285
23162,2022,1,7499
23162,2022,2,7279
23162,2022,3,7049
23162,2022,4,7112
23162,2023,1,7049
23162,2023,2,7096
23162,2023,3,7135
23162,2023,4,7166
23162,2024,1,6983
23162,2024,2,7228
23162,2024,3,7449
23162,2024,4,7917
23162,2025,1,7968
23162,2025,2,8922
23162,2025,3,10609
23162,2025,4,10541
23168,2022,1,172
23168,2022,2,201
23168,2022,3,230
23168,2022,4,225
23168,2023,1,261
23168,2023,2,217
23168,2023,3,223
23168,2023,4,223
23168,2024,1,131
23168,2024,2,450
23168,2024,3,409
23168,2024,4,444
23168,2025,1,358
23168,2025,2,440
23168,2025,3,412
23168,2025,4,420
23182,2022,1,4386
23182,2022,2,4339
23182,2022,3,4259
23182,2022,4,4255
23182,2023,1,4022
23182,2023,2,3841
23182,2023,3,2344
23182,2023,4,2304
23182,2024,1,2285
23182,2024,2,2177
23182,2024,3,2073
23182,2024,4,2223
23182,2025,1,1631
23182,2025,2,2014
23182,2025,3,2624
23182,2025,4,2727
23189,2022,1,1739
23189,2022,2,1712
23189,2022,3,1677
23189,2022,4,1642
23189,2023,1,1556
23189,2023,2,1499
23189,2023,3,1416
23189,2023,4,1309
23189,2024,1,1552
23189,2024,2,1454
23189,2024,3,1233
23189,2024,4,1276
23189,2025,1,1106
23189,2025,2,875
23189,2025,3,1078
23189,2025,4,1926
23300,2022,1,279
23300,2022,2,167
23300,2022,3,145
23300,2022,4,129
23300,2023,1,124
23300,2023,2,115
23300,2023,3,374
23300,2023,4,469
23300,2024,1,399
23300,2024,2,499
23300,2024,3,468
23300,2024,4,180
23300,2025,1,614
23300,2025,2,414
23300,2025,3,362
23300,2025,4,745
23350,2022,1,2220
23350,2022,2,2180
23350,2022,3,2116
23350,2022,4,2075
23350,2023,1,1990
23350,2023,2,1956
23350,2023,3,607
23350,2023,4,570
23350,2024,1,465
23350,2024,2,507
23350,2024,3,504
23350,2024,4,502
23350,2025,1,128
23350,2025,2,108
23350,2025,3,443
23350,2025,4,409
23417,2022,1,4612
23417,2022,2,4427
23417,2022,3,4166
23417,2022,4,4021
23417,2023,1,3704
23417,2023,2,3463
23417,2023,3,3198
23417,2023,4,3065
23417,2024,1,2315
23417,2024,2,2158
23417,2024,3,2191
23417,2024,4,2077
23417,2025,1,2274
23417,2025,2,2699
23417,2025,3,2795
23417,2025,4,3003
23419,2022,1,168
23419,2022,2,136
23419,2022,3,124
23419,2022,4,126
23419,2023,1,123
23419,2023,2,116
23419,2023,3,134
23419,2023,4,123
23419,2024,1,18
23419,2024,2,115
23419,2024,3,135
23419,2024,4,135
23419,2025,1,244
23419,2025,2,346
23419,2025,3,345
23419,2025,4,345
23464,2022,1,867
23464,2022,2,846
23464,2022,3,834
23464,2022,4,831
23464,2023,1,807
23464,2023,2,813
23464,2023,3,328
23464,2023,4,268
23464,2024,1,147
23464,2024,2,144
23464,2024,3,136
23464,2024,4,136
23464,2025,1,4
23464,2025,2,340
23464,2025,3,483
23464,2025,4,505
23466,2022,1,3227
23466,2022,2,3080
23466,2022,3,3018
23466,2022,4,2896
23466,2023,1,2636
23466,2023,2,2334
23466,2023,3,2120
23466,2023,4,4523
23466,2024,1,2919
23466,2024,2,1846
23466,2024,3,1163
23466,2024,4,1083
23466,2025,1,3309
23466,2025,2,4088
23466,2025,3,4156
23466,2025,4,2836
23500,2022,1,632
23500,2022,2,625
23500,2022,3,622
23500,2022,4,608
23500,2023,1,602
23500,2023,2,592
23500,2023,3,234
23500,2023,4,172
23500,2024,1,21
23500,2024,2,23
23500,2024,3,22
23500,2024,4,19
23500,2025,1,17
23500,2025,2,14
23500,2025,3,13
23500,2025,4,11
23555,2022,1,3550
23555,2022,2,3330
23555,2022,3,3091
23555,2022,4,2927
23555,2023,1,3933
23555,2023,2,4431
23555,2023,3,4700
23555,2023,4,4563
23555,2024,1,4230
23555,2024,2,4357
23555,2024,3,9160
23555,2024,4,822
23555,2025,1,9092
23555,2025,2,9159
23555,2025,3,5838
23555,2025,4,5280
23570,2022,1,2391
23570,2022,2,2468
23570,2022,3,2394
23570,2022,4,2311
23570,2023,1,2251
23570,2023,2,2148
23570,2023,3,971
23570,2023,4,866
23570,2024,1,648
23570,2024,2,632
23570,2024,3,806
23570,2024,4,303
23570,2025,1,289
23570,2025,2,677
23570,2025,3,347
23570,2025,4,252
23574,2022,1,281
23574,2022,2,233
23574,2022,3,197
23574,2022,4,143
23574,2023,1,118
23574,2023,2,111
23574,2023,3,96
23574,2023,4,84
23574,2024,1,17
23574,2024,2,15
23574,2024,3,14
23574,2024,4,10
23574,2025,1,8
23574,2025,2,7
23574,2025,3,10
23574,2025,4,10
23580,2022,1,716
23580,2022,2,701
23580,2022,3,209
23580,2022,4,181
23580,2023,1,187
23580,2023,2,160
23580,2023,3,2010
23580,2023,4,370
23580,2024,1,418
23580,2024,2,373
23580,2024,3,399
23580,2024,4,416
23580,2025,1,324
23580,2025,2,474
23580,2025,3,551
23580,2025,4,264
23586,2022,1,458
23586,2022,2,450
23586,2022,3,449
23586,2022,4,443
23586,2023,1,442
23586,2023,2,441
23586,2023,3,133
23586,2023,4,92
23586,2024,1,143
23586,2024,2,150
23586,2024,3,146
23586,2024,4,439
23586,2025,1,481
23586,2025,2,307
23586,2025,3,585
23586,2025,4,673
23660,2022,1,5671
23660,2022,2,5619
23660,2022,3,4772
23660,2022,4,4105
23660,2023,1,4844
23660,2023,2,3885
23660,2023,3,3999
23660,2023,4,3778
23660,2024,1,3689
23660,2024,2,3879
23660,2024,3,5741
23660,2024,4,2911
23660,2025,1,5562
23660,2025,2,5375
23660,2025,3,3719
23660,2025,4,3672
23670,2022,1,616
23670,2022,2,628
23670,2022,3,629
23670,2022,4,618
23670,2023,1,583
23670,2023,2,593
23670,2023,3,580
23670,2023,4,591
23670,2024,1,577
23670,2024,2,716
23670,2024,3,575
23670,2024,4,1325
23670,2025,1,937
23670,2025,2,1057
23670,2025,3,1368
23670,2025,4,1976
23672,2022,1,3191
23672,2022,2,3152
23672,2022,3,3143
23672,2022,4,3114
23672,2023,1,3014
23672,2023,2,2951
23672,2023,3,1748
23672,2023,4,1477
23672,2024,1,1262
23672,2024,2,1182
23672,2024,3,1060
23672,2024,4,1313
23672,2025,1,1054
23672,2025,2,1489
23672,2025,3,1929
23672,2025,4,2397
23675,2022,1,338
23675,2022,2,252
23675,2022,3,202
23675,2022,4,187
23675,2023,1,183
23675,2023,2,179
23675,2023,3,174
23675,2023,4,170
23675,2024,1,76
23675,2024,2,76
23675,2024,3,94
23675,2024,4,94
23675,2025,1,406
23675,2025,2,460
23675,2025,3,495
23675,2025,4,486
23678,2022,1,261
23678,2022,2,115
23678,2022,3,106
23678,2022,4,83
23678,2023,1,72
23678,2023,2,62
23678,2023,3,63
23678,2023,4,63
23678,2024,1,97
23678,2024,2,86
23678,2024,3,49
23678,2024,4,48
23678,2025,1,53
23678,2025,2,589
23678,2025,3,799
23678,2025,4,824
23682,2022,1,658
23682,2022,2,588
23682,2022,3,654
23682,2022,4,646
23682,2023,1,660
23682,2023,2,649
23682,2023,3,195
23682,2023,4,302
23682,2024,1,207
23682,2024,2,180
23682,2024,3,180
23682,2024,4,187
23682,2025,1,82
23682,2025,2,249
23682,2025,3,650
23682,2025,4,428
23686,2022,1,1053
23686,2022,2,965
23686,2022,3,901
23686,2022,4,835
23686,2023,1,728
23686,2023,2,684
23686,2023,3,627
23686,2023,4,587
23686,2024,1,574
23686,2024,2,795
23686,2024,3,645
23686,2024,4,912
23686,2025,1,742
23686,2025,2,421
23686,2025,3,375
23686,2025,4,851
23807,2022,1,8341
23807,2022,2,7853
23807,2022,3,7876
23807,2022,4,7937
23807,2023,1,8050
23807,2023,2,7794
23807,2023,3,4197
23807,2023,4,4046
23807,2024,1,3757
23807,2024,2,3639
23807,2024,3,3728
23807,2024,4,3963
23807,2025,1,3339
23807,2025,2,3498
23807,2025,3,4317
23807,2025,4,4554
23815,2022,1,746
23815,2022,2,689
23815,2022,3,658
23815,2022,4,645
23815,2023,1,616
23815,2023,2,602
23815,2023,3,248
23815,2023,4,212
23815,2024,1,143
23815,2024,2,132
23815,2024,3,133
23815,2024,4,206
23815,2025,1,559
23815,2025,2,707
23815,2025,3,615
23815,2025,4,634
23855,2022,1,2460
23855,2022,2,2384
23855,2022,3,2446
23855,2022,4,2386
23855,2023,1,2521
23855,2023,2,2461
23855,2023,3,1352
23855,2023,4,1148
23855,2024,1,1215
23855,2024,2,1218
23855,2024,3,1146
23855,2024,4,1106
23855,2025,1,950
23855,2025,2,1151
23855,2025,3,1537
23855,2025,4,1515
25001,2022,1,119
25001,2022,2,107
25001,2022,3,91
25001,2022,4,92
25001,2023,1,75
25001,2023,2,63
25001,2023,3,54
25001,2023,4,45
25001,2024,1,33
25001,2024,2,19
25001,2024,3,1156
25001,2024,4,1896
25001,2025,1,1759
25001,2025,2,1847
25001,2025,3,1821
25001,2025,4,1879
25019,2022,1,344
25019,2022,2,211
25019,2022,3,335
25019,2022,4,363
25019,2023,1,391
25019,2023,2,363
25019,2023,3,433
25019,2023,4,478
25019,2024,1,1690
25019,2024,2,610
25019,2024,3,507
25019,2024,4,502
25019,2025,1,509
25019,2025,2,501
25019,2025,3,113
25019,2025,4,556
25035,2022,1,1487
25035,2022,2,1422
25035,2022,3,1455
25035,2022,4,1716
25035,2023,1,2643
25035,2023,2,2721
25035,2023,3,2724
25035,2023,4,1835
25035,2024,1,2574
25035,2024,2,2556
25035,2024,3,2580
25035,2024,4,2521
25035,2025,1,2390
25035,2025,2,2187
25035,2025,3,2286
25035,2025,4,2344
25040,2022,1,1032
25040,2022,2,1021
25040,2022,3,900
25040,2022,4,810
25040,2023,1,1756
25040,2023,2,1768
25040,2023,3,1750
25040,2023,4,1745
25040,2024,1,1797
25040,2024,2,2166
25040,2024,3,1985
25040,2024,4,1879
25040,2025,1,2223
25040,2025,2,1120
25040,2025,3,2441
25040,2025,4,2306
25053,2022,1,589
25053,2022,2,540
25053,2022,3,592
25053,2022,4,549
25053,2023,1,1075
25053,2023,2,120
25053,2023,3,98
25053,2023,4,99
25053,2024,1,177
25053,2024,2,266
25053,2024,3,352
25053,2024,4,436
25053,2025,1,193
25053,2025,2,187
25053,2025,3,195
25053,2025,4,209
25086,2022,1,60
25086,2022,2,59
25086,2022,3,1
25086,2022,4,43
25086,2023,1,43
25086,2023,2,74
25086,2023,3,80
25086,2023,4,81
25086,2024,1,55
25086,2024,2,58
25086,2024,3,66
25086,2024,4,56
25086,2025,1,47
25086,2025,2,41
25086,2025,3,42
25086,2025,4,40
25095,2022,1,3
25095,2022,2,3
25095,2022,3,3
25095,2022,4,3
25095,2023,1,3
25095,2023,2,2
25095,2023,3,2
25095,2023,4,1
25095,2024,1,1
25095,2024,2,1
25095,2024,3,1
25095,2024,4,1
25095,2025,1,1
25095,2025,2,1
25095,2025,3,1
25099,2022,1,446
25099,2022,2,438
25099,2022,3,481
25099,2022,4,465
25099,2023,1,423
25099,2023,2,393
25099,2023,3,383
25099,2023,4,115
25099,2024,1,1333
25099,2024,2,1222
25099,2024,3,1249
25099,2024,4,1292
25099,2025,1,1524
25099,2025,2,400
25099,2025,3,1618
25099,2025,4,1380
25120,2022,1,40
25120,2022,2,36
25120,2022,3,34
25120,2022,4,31
25120,2023,1,31
25120,2023,2,27
25120,2023,3,28
25120,2023,4,26
25120,2024,1,25
25120,2024,2,22
25120,2024,3,22
25120,2024,4,24
25120,2025,1,23
25120,2025,2,21
25120,2025,3,25
25120,2025,4,25
25123,2022,1,233
25123,2022,2,233
25123,2022,3,225
25123,2022,4,209
25123,2023,1,206
25123,2023,2,871
25123,2023,3,870
25123,2023,4,864
25123,2024,1,947
25123,2024,2,959
25123,2024,3,963
25123,2024,4,964
25123,2025,1,295
25123,2025,2,301
25123,2025,3,308
25123,2025,4,310
25126,2022,1,29537
25126,2022,2,26462
25126,2022,3,26687
25126,2022,4,26807
25126,2023,1,27540
25126,2023,2,27244
25126,2023,3,29068
25126,2023,4,31224
25126,2024,1,31328
25126,2024,2,32351
25126,2024,3,33806
25126,2024,4,32057
25126,2025,1,32731
25126,2025,2,33266
25126,2025,3,33760
25126,2025,4,34292
25148,2022,1,1045
25148,2022,2,478
25148,2022,3,1004
25148,2022,4,805
25148,2023,1,876
25148,2023,2,844
25148,2023,3,859
25148,2023,4,858
25148,2024,1,982
25148,2024,2,950
25148,2024,3,734
25148,2024,4,2895
25148,2025,1,860
25148,2025,2,723
25148,2025,3,752
25148,2025,4,709
25151,2022,1,2300
25151,2022,2,1209
25151,2022,3,1522
25151,2022,4,2077
25151,2023,1,2302
25151,2023,2,2459
25151,2023,3,2117
25151,2023,4,2043
25151,2024,1,2019
25151,2024,2,2058
25151,2024,3,2604
25151,2024,4,2928
25151,2025,1,2639
25151,2025,2,2603
25151,2025,3,1903
25151,2025,4,1905
25154,2022,1,89
25154,2022,2,96
25154,2022,3,99
25154,2022,4,125
25154,2023,1,131
25154,2023,2,160
25154,2023,3,169
25154,2023,4,161
25154,2024,1,173
25154,2024,2,168
25154,2024,3,173
25154,2024,4,174
25154,2025,1,160
25154,2025,2,160
25154,2025,3,167
25154,2025,4,176
25168,2022,1,11
25168,2022,2,8
25168,2022,3,6
25168,2022,4,5
25168,2023,1,4
25168,2023,2,2
25168,2023,3,3
25168,2023,4,3
25168,2024,1,53
25168,2024,2,49
25168,2024,3,54
25168,2024,4,55
25168,2025,1,45
25168,2025,2,91
25168,2025,3,110
25168,2025,4,92
25175,2022,1,38111
25175,2022,2,38521
25175,2022,3,40959
25175,2022,4,39181
25175,2023,1,44100
25175,2023,2,43066
25175,2023,3,42095
25175,2023,4,44934
25175,2024,1,44802
25175,2024,2,45397
25175,2024,3,46299
25175,2024,4,49449
25175,2025,1,45993
25175,2025,2,46571
25175,2025,3,47205
25175,2025,4,47885
25178,2022,1,160
25178,2022,2,192
25178,2022,3,230
25178,2022,4,285
25178,2023,1,464
25178,2023,2,744
25178,2023,3,453
25178,2023,4,449
25178,2024,1,456
25178,2024,2,465
25178,2024,3,460
25178,2024,4,359
25178,2025,1,372
25178,2025,2,387
25178,2025,3,400
25178,2025,4,416
25181,2022,1,464
25181,2022,2,994
25181,2022,3,968
25181,2022,4,351
25181,2023,1,288
25181,2023,2,265
25181,2023,3,248
25181,2023,4,543
25181,2024,1,269
25181,2024,2,338
25181,2024,3,383
25181,2024,4,403
25181,2025,1,486
25181,2025,2,1030
25181,2025,3,1023
25181,2025,4,1060
25183,2022,1,1401
25183,2022,2,1434
25183,2022,3,1364
25183,2022,4,1397
25183,2023,1,1370
25183,2023,2,1549
25183,2023,3,1537
25183,2023,4,2680
25183,2024,1,2610
25183,2024,2,3217
25183,2024,3,2491
25183,2024,4,2490
25183,2025,1,2072
25183,2025,2,2592
25183,2025,3,2617
25183,2025,4,2740
25200,2022,1,1851
25200,2022,2,2572
25200,2022,3,1943
25200,2022,4,1892
25200,2023,1,1975
25200,2023,2,1976
25200,2023,3,2007
25200,2023,4,1998
25200,2024,1,1957
25200,2024,2,2023
25200,2024,3,1908
25200,2024,4,2041
25200,2025,1,1993
25200,2025,2,2168
25200,2025,3,2180
25200,2025,4,2119
25214,2022,1,8354
25214,2022,2,8547
25214,2022,3,8536
25214,2022,4,8565
25214,2023,1,8653
25214,2023,2,8450
25214,2023,3,8447
25214,2023,4,10654
25214,2024,1,10735
25214,2024,2,10432
25214,2024,3,10713
25214,2024,4,9222
25214,2025,1,9020
25214,2025,2,8958
25214,2025,3,9145
25214,2025,4,9283
25224,2022,1,29
25224,2022,2,38
25224,2022,3,73
25224,2022,4,95
25224,2023,1,103
25224,2023,2,99
25224,2023,3,101
25224,2023,4,1006
25224,2024,1,1008
25224,2024,2,1011
25224,2024,3,1097
25224,2024,4,256
25224,2025,1,275
25224,2025,2,294
25224,2025,3,295
25224,2025,4,291
25245,2022,1,999
25245,2022,2,870
25245,2022,3,905
25245,2022,4,919
25245,2023,1,2022
25245,2023,2,2115
25245,2023,3,2299
25245,2023,4,2255
25245,2024,1,2519
25245,2024,2,2521
25245,2024,3,2668
25245,2024,4,2691
25245,2025,1,5195
25245,2025,2,1854
25245,2025,3,5378
25245,2025,4,5079
25258,2022,1,85
25258,2022,2,84
25258,2022,3,115
25258,2022,4,126
25258,2023,1,117
25258,2023,2,103
25258,2023,3,125
25258,2023,4,140
25258,2024,1,139
25258,2024,2,161
25258,2024,3,164
25258,2024,4,197
25258,2025,1,192
25258,2025,2,32
25258,2025,3,30
25258,2025,4,30
25260,2022,1,908
25260,2022,2,869
25260,2022,3,880
25260,2022,4,1082
25260,2023,1,1320
25260,2023,2,2702
25260,2023,3,2866
25260,2023,4,2796
25260,2024,1,3055
25260,2024,2,3184
25260,2024,3,3349
25260,2024,4,3400
25260,2025,1,4268
25260,2025,2,2864
25260,2025,3,4970
25260,2025,4,4581
25269,2022,1,21997
25269,2022,2,21724
25269,2022,3,21662
25269,2022,4,21700
25269,2023,1,22917
25269,2023,2,22572
25269,2023,3,22450
25269,2023,4,22373
25269,2024,1,22322
25269,2024,2,22439
25269,2024,3,22771
25269,2024,4,22931
25269,2025,1,28612
25269,2025,2,22450
25269,2025,3,29496
25269,2025,4,27592
25279,2022,1,64
25279,2022,2,74
25279,2022,3,95
25279,2022,4,119
25279,2023,1,248
25279,2023,2,295
25279,2023,3,155
25279,2023,4,160
25279,2024,1,177
25279,2024,2,184
25279,2024,3,1358
25279,2024,4,177
25279,2025,1,184
25279,2025,2,177
25279,2025,3,207
25279,2025,4,217
25281,2022,1,255
25281,2022,2,254
25281,2022,3,245
25281,2022,4,239
25281,2023,1,395
25281,2023,2,335
25281,2023,3,202
25281,2023,4,202
25281,2024,1,223
25281,2024,2,209
25281,2024,3,213
25281,2024,4,160
25281,2025,1,230
25281,2025,2,212
25281,2025,3,205
25281,2025,4,196
25286,2022,1,22280
25286,2022,2,22581
25286,2022,3,22511
25286,2022,4,22472
25286,2023,1,22172
25286,2023,2,22881
25286,2023,3,22792
25286,2023,4,23653
25286,2024,1,24540
25286,2024,2,24568
25286,2024,3,24895
25286,2024,4,24689
25286,2025,1,24978
25286,2025,2,29639
25286,2025,3,26077
25286,2025,4,26606
25288,2022,1,133
25288,2022,2,174
25288,2022,3,215
25288,2022,4,214
25288,2023,1,236
25288,2023,2,239
25288,2023,3,257
25288,2023,4,258
25288,2024,1,253
25288,2024,2,274
25288,2024,3,273
25288,2024,4,275
25288,2025,1,291
25288,2025,2,301
25288,2025,3,317
25288,2025,4,332
25290,2022,1,35789
25290,2022,2,34528
25290,2022,3,35284
25290,2022,4,35349
25290,2023,1,38072
25290,2023,2,35586
25290,2023,3,35377
25290,2023,4,34731
25290,2024,1,35099
25290,2024,2,34256
25290,2024,3,35546
25290,2024,4,36296
25290,2025,1,37404
25290,2025,2,36944
25290,2025,3,37709
25290,2025,4,38946
25293,2022,1,71
25293,2022,2,76
25293,2022,3,77
25293,2022,4,75
25293,2023,1,75
25293,2023,2,74
25293,2023,3,5
25293,2023,4,4
25293,2024,1,27
25293,2024,2,27
25293,2024,3,33
25293,2024,4,25
25293,2025,1,2
25293,2025,2,2
25293,2025,3,2
25293,2025,4,2
25295,2022,1,1458
25295,2022,2,2574
25295,2022,3,2735
25295,2022,4,2790
25295,2023,1,3069
25295,2023,2,3235
25295,2023,3,3602
25295,2023,4,5104
25295,2024,1,5266
25295,2024,2,5696
25295,2024,3,6050
25295,2024,4,4225
25295,2025,1,4419
25295,2025,2,4569
25295,2025,3,4906
25295,2025,4,4551
25297,2022,1,329
25297,2022,2,322
25297,2022,3,379
25297,2022,4,387
25297,2023,1,401
25297,2023,2,473
25297,2023,3,789
25297,2023,4,1239
25297,2024,1,1004
25297,2024,2,774
25297,2024,3,629
25297,2024,4,282
25297,2025,1,280
25297,2025,2,282
25297,2025,3,324
25297,2025,4,350
25299,2022,1,271
25299,2022,2,248
25299,2022,3,236
25299,2022,4,276
25299,2023,1,302
25299,2023,2,297
25299,2023,3,253
25299,2024,1,282
25299,2024,2,285
25299,2024,3,298
25299,2024,4,298
25299,2025,1,343
25299,2025,2,326
25299,2025,3,342
25299,2025,4,369
25307,2022,1,21341
25307,2022,2,22036
25307,2022,3,22647
25307,2022,4,23004
25307,2023,1,21981
25307,2023,2,22084
25307,2023,3,21727
25307,2023,4,21660
25307,2024,1,21705
25307,2024,2,25559
25307,2024,3,24754
25307,2024,4,25371
25307,2025,1,25985
25307,2025,2,23649
25307,2025,3,26624
25307,2025,4,26618
25312,2022,1,162
25312,2022,2,249
25312,2022,3,384
25312,2022,4,377
25312,2023,1,355
25312,2023,2,250
25312,2023,3,252
25312,2023,4,261
25312,2024,1,282
25312,2024,2,294
25312,2024,3,373
25312,2024,4,417
25312,2025,1,438
25312,2025,2,466
25312,2025,3,238
25312,2025,4,553
25317,2022,1,573
25317,2022,2,612
25317,2022,3,902
25317,2022,4,728
25317,2023,1,648
25317,2023,2,716
25317,2023,3,594
25317,2023,4,581
25317,2024,1,647
25317,2024,2,652
25317,2024,3,632
25317,2024,4,1027
25317,2025,1,1141
25317,2025,2,1173
25317,2025,3,1182
25317,2025,4,1195
25320,2022,1,1729
25320,2022,2,2245
25320,2022,3,2108
25320,2022,4,1237
25320,2023,1,2039
25320,2023,2,2242
25320,2023,3,2246
25320,2023,4,2606
25320,2024,1,2752
25320,2024,2,2845
25320,2024,3,2862
25320,2024,4,2525
25320,2025,1,4606
25320,2025,2,5150
25320,2025,3,5322
25320,2025,4,5736
25322,2022,1,1878
25322,2022,2,1107
25322,2022,3,1127
25322,2022,4,1081
25322,2023,1,1233
25322,2023,2,990
25322,2023,3,1439
25322,2023,4,1852
25322,2024,1,1605
25322,2024,2,1631
25322,2024,3,1642
25322,2024,4,1711
25322,2025,1,1730
25322,2025,2,1787
25322,2025,3,1817
25322,2025,4,2041
25324,2022,1,21
25324,2022,2,22
25324,2022,3,4
25324,2022,4,25
25324,2023,1,29
25324,2023,2,32
25324,2023,3,35
25324,2023,4,36
25324,2024,1,28
25324,2024,2,136
25324,2024,3,134
25324,2024,4,126
25324,2025,1,32
25324,2025,2,154
25324,2025,3,151
25324,2025,4,158
25326,2022,1,190
25326,2022,2,267
25326,2022,3,263
25326,2022,4,233
25326,2023,1,216
25326,2023,2,200
25326,2023,3,251
25326,2023,4,260
25326,2024,1,430
25326,2024,2,328
25326,2024,3,292
25326,2024,4,303
25326,2025,1,551
25326,2025,2,460
25326,2025,3,331
25326,2025,4,473
25328,2022,1,17
25328,2022,2,14
25328,2022,3,93
25328,2022,4,234
25328,2023,1,218
25328,2023,2,8
25328,2023,3,321
25328,2023,4,372
25328,2024,1,5
25328,2024,2,5
25328,2024,3,455
25328,2024,4,451
25328,2025,1,451
25328,2025,2,450
25328,2025,3,450
25328,2025,4,535
25335,2022,1,270
25335,2022,2,271
25335,2022,3,274
25335,2022,4,248
25335,2023,1,473
25335,2023,2,397
25335,2023,3,247
25335,2023,4,240
25335,2024,1,303
25335,2024,2,289
25335,2024,3,220
25335,2024,4,251
25335,2025,1,239
25335,2025,2,225
25335,2025,3,220
25335,2025,4,216
25339,2022,1,1
25339,2022,2,1
25339,2022,3,1
25339,2022,4,1
25339,2023,1,4
25339,2023,2,4
25339,2023,3,1
25339,2023,4,1
25339,2024,1,3
25339,2024,2,2
25339,2024,3,1
25339,2024,4,1
25339,2025,1,1
25339,2025,2,1
25339,2025,3,1
25339,2025,4,1
25368,2022,1,37
25368,2022,2,40
25368,2022,3,2
25368,2022,4,39
25368,2023,1,47
25368,2023,2,48
25368,2023,3,57
25368,2023,4,55
25368,2024,1,54
25368,2024,2,52
25368,2024,3,60
25368,2024,4,62
25368,2025,1,67
25368,2025,2,68
25368,2025,3,67
25368,2025,4,67
25372,2022,1,98
25372,2022,2,92
25372,2022,3,86
25372,2022,4,87
25372,2023,1,87
25372,2023,2,84
25372,2023,3,10
25372,2023,4,8
25372,2024,1,8
25372,2024,2,6
25372,2024,3,5
25372,2024,4,5
25372,2025,1,5
25372,2025,2,5
25372,2025,3,8
25372,2025,4,421
25377,2022,1,7312
25377,2022,2,7178
25377,2022,3,7227
25377,2022,4,7310
25377,2023,1,7252
25377,2023,2,7268
25377,2023,3,7230
25377,2023,4,7259
25377,2024,1,7901
25377,2024,2,7877
25377,2024,3,8045
25377,2024,4,8112
25377,2025,1,8339
25377,2025,2,8532
25377,2025,3,6943
25377,2025,4,9109
25386,2022,1,3168
25386,2022,2,3252
25386,2022,3,3386
25386,2022,4,3519
25386,2023,1,4688
25386,2023,2,4570
25386,2023,3,4272
25386,2023,4,4549
25386,2024,1,4405
25386,2024,2,4397
25386,2024,3,4172
25386,2024,4,4310
25386,2025,1,5347
25386,2025,2,3238
25386,2025,3,5594
25386,2025,4,5914
25394,2022,1,296
25394,2022,2,304
25394,2022,3,313
25394,2022,4,312
25394,2023,1,315
25394,2023,2,342
25394,2023,3,404
25394,2023,4,430
25394,2024,1,442
25394,2024,2,464
25394,2024,3,492
25394,2024,4,556
25394,2025,1,571
25394,2025,2,492
25394,2025,3,466
25394,2025,4,477
25398,2022,1,10
25398,2022,2,10
25398,2022,3,12
25398,2022,4,11
25398,2023,1,10
25398,2023,2,10
25398,2023,3,9
25398,2023,4,8
25398,2024,1,10
25398,2024,2,9
25398,2024,3,9
25398,2024,4,9
25398,2025,1,9
25398,2025,2,8
25398,2025,3,4
25398,2025,4,2
25402,2022,1,1619
25402,2022,2,1897
25402,2022,3,1830
25402,2022,4,1832
25402,2023,1,1738
25402,2023,2,1917
25402,2023,3,2001
25402,2023,4,1857
25402,2024,1,2067
25402,2024,2,2137
25402,2024,3,2073
25402,2024,4,2158
25402,2025,1,2025
25402,2025,2,2136
25402,2025,3,1735
25402,2025,4,2394
25407,2022,1,111
25407,2022,2,139
25407,2022,3,149
25407,2022,4,253
25407,2023,1,229
25407,2023,2,241
25407,2023,3,235
25407,2023,4,225
25407,2024,1,234
25407,2024,2,234
25407,2024,3,217
25407,2024,4,408
25407,2025,1,398
25407,2025,2,413
25407,2025,3,426
25407,2025,4,423
25426,2022,1,84
25426,2022,2,84
25426,2022,3,81
25426,2022,4,7
25426,2023,1,347
25426,2023,2,318
25426,2023,3,347
25426,2023,4,354
25426,2024,1,58
25426,2024,2,189
25426,2024,3,189
25426,2024,4,206
25426,2025,1,556
25426,2025,2,1101
25426,2025,3,1078
25426,2025,4,1131
25430,2022,1,42998
25430,2022,2,36588
25430,2022,3,37102
25430,2022,4,37649
25430,2023,1,35252
25430,2023,2,36614
25430,2023,3,37055
25430,2023,4,41185
25430,2024,1,41550
25430,2024,2,40790
25430,2024,3,42426
25430,2024,4,43686
25430,2025,1,44952
25430,2025,2,45613
25430,2025,3,46562
25430,2025,4,47276
25436,2022,1,80
25436,2022,2,90
25436,2022,3,96
25436,2022,4,96
25436,2023,1,1127
25436,2023,2,1196
25436,2023,3,1284
25436,2023,4,93
25436,2024,1,96
25436,2024,2,1300
25436,2024,3,1312
25436,2024,4,88
25436,2025,1,85
25436,2025,2,79
25436,2025,3,73
25436,2025,4,73
25438,2022,1,203
25438,2022,2,204
25438,2022,3,185
25438,2022,4,193
25438,2023,1,302
25438,2023,2,309
25438,2023,3,331
25438,2023,4,349
25438,2024,1,392
25438,2024,2,427
25438,2024,3,485
25438,2024,4,426
25438,2025,1,692
25438,2025,2,408
25438,2025,3,388
25438,2025,4,392
25473,2022,1,37674
25473,2022,2,37316
25473,2022,3,38102
25473,2022,4,38607
25473,2023,1,36550
25473,2023,2,38811
25473,2023,3,38767
25473,2023,4,40035
25473,2024,1,40600
25473,2024,2,40767
25473,2024,3,41716
25473,2024,4,42280
25473,2025,1,43082
25473,2025,2,44205
25473,2025,3,45236
25473,2025,4,46763
25483,2022,1,9
25483,2022,2,11
25483,2022,3,9
25483,2022,4,11
25483,2023,1,10
25483,2023,2,43
25483,2023,3,57
25483,2023,4,56
25483,2024,1,106
25483,2024,2,113
25483,2024,3,113
25483,2024,4,112
25483,2025,1,110
25483,2025,2,109
25483,2025,3,109
25483,2025,4,7
25486,2022,1,1437
25486,2022,2,1428
25486,2022,3,1349
25486,2022,4,1550
25486,2023,1,1508
25486,2023,2,1433
25486,2023,3,1463
25486,2023,4,2263
25486,2024,1,2773
25486,2024,2,2371
25486,2024,3,3070
25486,2024,4,1659
25486,2025,1,1828
25486,2025,2,1862
25486,2025,3,2496
25486,2025,4,1864
25488,2022,1,378
25488,2022,2,370
25488,2022,3,257
25488,2022,4,382
25488,2023,1,400
25488,2023,2,337
25488,2023,3,366
25488,2023,4,282
25488,2024,1,462
25488,2024,2,464
25488,2024,3,494
25488,2024,4,478
25488,2025,1,564
25488,2025,2,493
25488,2025,3,492
25488,2025,4,439
25489,2022,1,23
25489,2022,2,22
25489,2022,3,41
25489,2022,4,38
25489,2023,1,37
25489,2023,2,35
25489,2023,3,27
25489,2023,4,32
25489,2024,1,28
25489,2024,2,33
25489,2024,3,37
25489,2024,4,83
25489,2025,1,33
25489,2025,2,30
25489,2025,3,10
25489,2025,4,38
25491,2022,1,229
25491,2022,2,240
25491,2022,3,243
25491,2022,4,250
25491,2023,1,73
25491,2023,2,77
25491,2023,3,70
25491,2023,4,75
25491,2024,1,72
25491,2024,2,76
25491,2024,3,75
25491,2024,4,21
25491,2025,1,75
25491,2025,2,71
25491,2025,3,29
25491,2025,4,332
25506,2022,1,4
25506,2022,2,2
25506,2022,3,2
25506,2022,4,1
25506,2023,1,1
25506,2023,2,1
25506,2023,3,1
25506,2023,4,1
25513,2022,1,3821
25513,2022,2,3813
25513,2022,3,3839
25513,2022,4,4125
25513,2023,1,4011
25513,2023,2,4021
25513,2023,3,4206
25513,2023,4,4352
25513,2024,1,4307
25513,2024,2,4501
25513,2024,3,4705
25513,2024,4,4811
25513,2025,1,4846
25513,2025,2,6413
25513,2025,3,5564
25513,2025,4,5822
25518,2022,1,12
25518,2022,2,12
25518,2022,3,5
25518,2022,4,3
25518,2023,1,2
25518,2023,2,2
25518,2023,3,2
25518,2023,4,2
25518,2024,1,2
25518,2024,2,3
25518,2024,3,2
25518,2024,4,2
25518,2025,1,2
25518,2025,2,23
25518,2025,3,23
25518,2025,4,24
25524,2022,1,385
25524,2022,2,348
25524,2022,3,372
25524,2022,4,356
25524,2023,1,361
25524,2023,2,405
25524,2023,3,425
25524,2023,4,451
25524,2024,1,324
25524,2024,2,344
25524,2024,3,346
25524,2024,4,491
25524,2025,1,544
25524,2025,2,553
25524,2025,3,586
25524,2025,4,570
25530,2022,1,133
25530,2022,2,126
25530,2022,3,120
25530,2022,4,127
25530,2023,1,188
25530,2023,2,192
25530,2023,3,118
25530,2023,4,169
25530,2024,1,197
25530,2024,2,211
25530,2024,3,242
25530,2024,4,236
25530,2025,1,385
25530,2025,2,322
25530,2025,3,343
25530,2025,4,366
25535,2022,1,443
25535,2022,2,71
25535,2022,3,421
25535,2022,4,430
25535,2023,1,448
25535,2023,2,93
25535,2023,3,81
25535,2023,4,130
25535,2024,1,147
25535,2024,2,452
25535,2024,3,436
25535,2024,4,448
25535,2025,1,467
25535,2025,2,452
25535,2025,3,505
25535,2025,4,519
25572,2022,1,638
25572,2022,2,773
25572,2022,3,937
25572,2022,4,203
25572,2023,1,2036
25572,2023,2,1929
25572,2023,3,2065
25572,2023,4,2160
25572,2024,1,2227
25572,2024,2,2225
25572,2024,3,2239
25572,2024,4,2532
25572,2025,1,3991
25572,2025,2,4248
25572,2025,3,4424
25572,2025,4,4576
25580,2022,1,24
25580,2022,2,25
25580,2022,3,4
25580,2022,4,28
25580,2023,1,33
25580,2023,2,31
25580,2023,3,39
25580,2023,4,42
25580,2024,1,50
25580,2024,2,53
25580,2024,3,60
25580,2024,4,53
25580,2025,1,59
25580,2025,2,61
25580,2025,3,61
25580,2025,4,70
25592,2022,1,107
25592,2022,2,102
25592,2022,3,109
25592,2022,4,107
25592,2023,1,96
25592,2023,2,100
25592,2023,3,89
25592,2023,4,94
25592,2024,1,215
25592,2024,2,1371
25592,2024,3,90
25592,2024,4,88
25592,2025,1,77
25592,2025,2,84
25592,2025,3,69
25592,2025,4,89
25594,2022,1,133
25594,2022,2,133
25594,2022,3,123
25594,2022,4,148
25594,2023,1,223
25594,2023,2,219
25594,2023,3,126
25594,2023,4,108
25594,2024,1,82
25594,2024,2,36
25594,2024,3,39
25594,2024,4,31
25594,2025,1,33
25594,2025,2,33
25594,2025,3,33
25594,2025,4,33
25596,2022,1,25
25596,2022,2,21
25596,2022,3,17
25596,2022,4,14
25596,2023,1,13
25596,2023,2,13
25596,2023,3,12
25596,2023,4,11
25596,2024,1,13
25596,2024,2,26
25596,2024,3,28
25596,2024,4,110
25596,2025,1,127
25596,2025,2,144
25596,2025,3,144
25596,2025,4,145
25599,2022,1,536
25599,2022,2,518
25599,2022,3,581
25599,2022,4,496
25599,2023,1,538
25599,2023,2,747
25599,2023,3,780
25599,2023,4,787
25599,2024,1,1201
25599,2024,2,779
25599,2024,3,756
25599,2024,4,689
25599,2025,1,840
25599,2025,2,1066
25599,2025,3,1159
25599,2025,4,1245
25612,2022,1,3787
25612,2022,2,3888
25612,2022,3,3726
25612,2022,4,3976
25612,2023,1,3856
25612,2023,2,3990
25612,2023,3,4020
25612,2023,4,4302
25612,2024,1,4035
25612,2024,2,4227
25612,2024,3,4247
25612,2024,4,3899
25612,2025,1,3843
25612,2025,2,4149
25612,2025,3,3923
25612,2025,4,4695
25645,2022,1,289
25645,2022,2,251
25645,2022,3,409
25645,2022,4,428
25645,2023,1,418
25645,2023,2,496
25645,2023,3,480
25645,2023,4,227
25645,2024,1,778
25645,2024,2,417
25645,2024,3,498
25645,2024,4,745
25645,2025,1,576
25645,2025,2,478
25645,2025,3,507
25645,2025,4,598
25649,2022,1,10
25649,2022,2,7
25649,2022,3,84
25649,2022,4,85
25649,2023,1,6
25649,2023,2,6
25649,2023,4,1
25649,2024,1,11
25649,2024,2,14
25649,2024,3,18
25649,2024,4,30
25649,2025,1,27
25649,2025,2,28
25649,2025,3,52
25649,2025,4,63
25653,2022,1,39
25653,2022,2,46
25653,2022,3,43
25653,2022,4,57
25653,2023,1,49
25653,2023,2,43
25653,2023,3,48
25653,2023,4,59
25653,2024,1,43
25653,2024,2,40
25653,2024,3,40
25653,2024,4,39
25653,2025,1,42
25653,2025,2,95
25653,2025,3,89
25653,2025,4,71
25658,2022,1,1267
25658,2022,2,1355
25658,2022,3,1381
25658,2022,4,1291
25658,2023,1,1287
25658,2023,2,1318
25658,2023,3,1347
25658,2023,4,1186
25658,2024,1,1209
25658,2024,2,1140
25658,2024,3,1494
25658,2024,4,1078
25658,2025,1,806
25658,2025,2,673
25658,2025,3,488
25658,2025,4,1575
25662,2022,1,145
25662,2022,2,157
25662,2022,3,51
25662,2022,4,183
25662,2023,1,113
25662,2023,2,136
25662,2023,3,225
25662,2023,4,222
25662,2024,1,204
25662,2024,2,177
25662,2024,3,123
25662,2024,4,124
25662,2025,1,8
25662,2025,2,83
25662,2025,3,209
25662,2025,4,225
25718,2022,1,1859
25718,2022,2,1112
25718,2022,3,1966
25718,2022,4,1184
25718,2023,1,971
25718,2023,2,2932
25718,2023,3,2341
25718,2023,4,1097
25718,2024,1,979
25718,2024,2,1136
25718,2024,3,1364
25718,2024,4,1461
25718,2025,1,1855
25718,2025,2,1414
25718,2025,3,1120
25718,2025,4,2045
25736,2022,1,431
25736,2022,2,1394
25736,2022,3,1385
25736,2022,4,1376
25736,2023,1,1331
25736,2023,2,1437
25736,2023,3,1457
25736,2023,4,2186
25736,2024,1,1983
25736,2024,2,1980
25736,2024,3,2307
25736,2024,4,1454
25736,2025,1,1997
25736,2025,2,2155
25736,2025,3,2137
25736,2025,4,2254
25740,2022,1,5922
25740,2022,2,6094
25740,2022,3,6071
25740,2022,4,6021
25740,2023,1,7917
25740,2023,2,7671
25740,2023,3,7751
25740,2023,4,7286
25740,2024,1,7484
25740,2024,2,7876
25740,2024,3,8226
25740,2024,4,8143
25740,2025,1,8793
25740,2025,2,8414
25740,2025,3,8280
25740,2025,4,9547
25743,2022,1,2185
25743,2022,2,1617
25743,2022,3,2208
25743,2022,4,1904
25743,2023,1,1720
25743,2023,2,1375
25743,2023,3,1374
25743,2023,4,1742
25743,2024,1,1407
25743,2024,2,1813
25743,2024,3,1764
25743,2024,4,1867
25743,2025,1,1718
25743,2025,2,1870
25743,2025,3,1867
25743,2025,4,2558
25745,2022,1,1869
25745,2022,2,1881
25745,2022,3,1904
25745,2022,4,1975
25745,2023,1,1980
25745,2023,2,1936
25745,2023,3,2028
25745,2023,4,2081
25745,2024,1,2104
25745,2024,2,2069
25745,2024,3,2184
25745,2024,4,2443
25745,2025,1,2242
25745,2025,2,2343
25745,2025,3,2556
25745,2025,4,2686
25754,2022,1,154081
25754,2022,2,159052
25754,2022,3,159116
25754,2022,4,158736
25754,2023,1,168196
25754,2023,2,169307
25754,2023,3,169063
25754,2023,4,163273
25754,2024,1,164591
25754,2024,2,165881
25754,2024,3,176541
25754,2024,4,180302
25754,2025,1,176908
25754,2025,2,181124
25754,2025,3,193169
25754,2025,4,193189
25758,2022,1,3851
25758,2022,2,3897
25758,2022,3,3972
25758,2022,4,3955
25758,2023,1,3803
25758,2023,2,4099
25758,2023,3,4056
25758,2023,4,4901
25758,2024,1,4912
25758,2024,2,4765
25758,2024,3,4904
25758,2024,4,3841
25758,2025,1,4255
25758,2025,2,4457
25758,2025,3,4458
25758,2025,4,4554
25769,2022,1,2353
25769,2022,2,1970
25769,2022,3,1931
25769,2022,4,1904
25769,2023,1,1953
25769,2023,2,1886
25769,2023,3,1808
25769,2023,4,1722
25769,2024,1,1869
25769,2024,2,1718
25769,2024,3,1799
25769,2024,4,1832
25769,2025,1,1820
25769,2025,2,2351
25769,2025,3,2317
25769,2025,4,1866
25772,2022,1,2263
25772,2022,2,1270
25772,2022,3,1407
25772,2022,4,1414
25772,2023,1,1454
25772,2023,2,1469
25772,2023,3,1522
25772,2023,4,2312
25772,2024,1,2538
25772,2024,2,2503
25772,2024,3,2599
25772,2024,4,1878
25772,2025,1,2120
25772,2025,2,2183
25772,2025,3,2144
25772,2025,4,2632
25777,2022,1,266
25777,2022,2,119
25777,2022,3,225
25777,2022,4,257
25777,2023,1,208
25777,2023,2,210
25777,2023,3,235
25777,2023,4,206
25777,2024,1,235
25777,2024,2,233
25777,2024,3,102
25777,2024,4,300
25777,2025,1,242
25777,2025,2,242
25777,2025,3,245
25777,2025,4,261
25779,2022,1,391
25779,2022,2,302
25779,2022,3,285
25779,2022,4,286
25779,2023,1,283
25779,2023,2,284
25779,2023,3,218
25779,2023,4,107
25779,2024,1,287
25779,2024,2,159
25779,2024,3,167
25779,2024,4,487
25779,2025,1,471
25779,2025,2,480
25779,2025,3,495
25779,2025,4,498
25781,2022,1,144
25781,2022,2,164
25781,2022,3,176
25781,2022,4,128
25781,2023,1,115
25781,2023,2,130
25781,2023,3,129
25781,2023,4,1021
25781,2024,1,1095
25781,2024,2,1101
25781,2024,3,1209
25781,2024,4,185
25781,2025,1,190
25781,2025,2,180
25781,2025,3,183
25781,2025,4,188
25785,2022,1,6605
25785,2022,2,4564
25785,2022,3,5131
25785,2022,4,5422
25785,2023,1,5354
25785,2023,2,5281
25785,2023,3,5143
25785,2023,4,5257
25785,2024,1,5230
25785,2024,2,5320
25785,2024,3,5420
25785,2024,4,6522
25785,2025,1,5382
25785,2025,2,5391
25785,2025,3,5125
25785,2025,4,5590
25793,2022,1,144
25793,2022,2,155
25793,2022,3,149
25793,2022,4,150
25793,2023,1,152
25793,2023,2,130
25793,2023,3,136
25793,2023,4,868
25793,2024,1,943
25793,2024,2,943
25793,2024,3,1032
25793,2024,4,180
25793,2025,1,177
25793,2025,2,178
25793,2025,3,175
25793,2025,4,166
25797,2022,1,86
25797,2022,2,81
25797,2022,3,96
25797,2022,4,104
25797,2023,1,118
25797,2023,2,151
25797,2023,3,143
25797,2023,4,158
25797,2024,1,176
25797,2024,2,201
25797,2024,3,244
25797,2024,4,253
25797,2025,1,272
25797,2025,2,290
25797,2025,3,293
25797,2025,4,359
25799,2022,1,3671
25799,2022,2,3802
25799,2022,3,3943
25799,2022,4,4066
25799,2023,1,3880
25799,2023,2,3754
25799,2023,3,3900
25799,2023,4,3606
25799,2024,1,4132
25799,2024,2,4166
25799,2024,3,4211
25799,2024,4,4276
25799,2025,1,4284
25799,2025,2,3781
25799,2025,3,4172
25799,2025,4,4482
25805,2022,1,144
25805,2022,2,37
25805,2022,3,145
25805,2022,4,140
25805,2023,1,184
25805,2023,2,57
25805,2023,3,54
25805,2023,4,25
25805,2024,1,52
25805,2024,2,57
25805,2024,3,61
25805,2024,4,67
25805,2025,1,79
25805,2025,2,126
25805,2025,3,178
25805,2025,4,76
25807,2022,1,1
25807,2022,2,1
25807,2023,1,70
25807,2023,2,63
25807,2023,3,51
25807,2023,4,49
25807,2024,1,53
25807,2025,4,1
25815,2022,1,748
25815,2022,2,724
25815,2022,3,785
25815,2022,4,274
25815,2023,1,836
25815,2023,2,789
25815,2023,3,785
25815,2023,4,776
25815,2024,1,1664
25815,2024,2,708
25815,2024,3,1772
25815,2024,4,1904
25815,2025,1,1840
25815,2025,2,1825
25815,2025,3,1873
25815,2025,4,2047
25817,2022,1,8677
25817,2022,2,11307
25817,2022,3,12442
25817,2022,4,13203
25817,2023,1,13178
25817,2023,2,13708
25817,2023,3,14399
25817,2023,4,15881
25817,2024,1,16413
25817,2024,2,16879
25817,2024,3,17641
25817,2024,4,18285
25817,2025,1,19119
25817,2025,2,19706
25817,2025,3,20285
25817,2025,4,20574
25823,2022,1,136
25823,2022,2,132
25823,2022,3,111
25823,2022,4,112
25823,2023,1,112
25823,2023,2,100
25823,2023,3,117
25823,2023,4,131
25823,2024,1,130
25823,2024,2,131
25823,2024,3,140
25823,2024,4,144
25823,2025,1,202
25823,2025,2,150
25823,2025,3,132
25823,2025,4,131
25839,2022,1,70
25839,2022,2,73
25839,2022,3,73
25839,2022,4,81
25839,2023,1,83
25839,2023,2,85
25839,2023,3,9
25839,2023,4,9
25839,2024,1,8
25839,2024,2,4
25839,2024,3,3
25839,2024,4,3
25839,2025,1,2
25839,2025,2,14
25839,2025,3,14
25839,2025,4,12
25841,2022,1,89
25841,2022,2,89
25841,2022,3,91
25841,2022,4,90
25841,2023,1,156
25841,2023,2,192
25841,2023,3,104
25841,2023,4,104
25841,2024,1,123
25841,2024,2,118
25841,2024,3,132
25841,2024,4,92
25841,2025,1,97
25841,2025,2,103
25841,2025,3,101
25841,2025,4,85
25843,2022,1,7112
25843,2022,2,7501
25843,2022,3,7728
25843,2022,4,7762
25843,2023,1,7505
25843,2023,2,7765
25843,2023,3,7740
25843,2023,4,10496
25843,2024,1,10402
25843,2024,2,10321
25843,2024,3,10644
25843,2024,4,9051
25843,2025,1,9267
25843,2025,2,9466
25843,2025,3,9689
25843,2025,4,9903
25845,2022,1,184
25845,2022,2,190
25845,2022,3,200
25845,2022,4,198
25845,2023,1,258
25845,2023,2,282
25845,2023,3,249
25845,2023,4,257
25845,2024,1,264
25845,2024,2,235
25845,2024,3,236
25845,2024,4,232
25845,2025,1,227
25845,2025,2,291
25845,2025,3,319
25845,2025,4,311
25851,2022,1,120
25851,2022,2,120
25851,2022,3,145
25851,2022,4,170
25851,2023,1,146
25851,2023,2,161
25851,2023,3,166
25851,2023,4,186
25851,2024,1,280
25851,2024,2,219
25851,2024,3,214
25851,2024,4,218
25851,2025,1,194
25851,2025,2,191
25851,2025,3,157
25851,2025,4,161
25862,2022,1,64
25862,2022,2,21
25862,2022,3,19
25862,2022,4,16
25862,2023,1,14
25862,2023,2,14
25862,2023,3,14
25862,2023,4,12
25862,2024,1,12
25862,2024,2,11
25862,2024,3,7
25862,2024,4,7
25862,2025,1,7
25862,2025,2,7
25862,2025,3,5
25862,2025,4,6
25867,2022,1,40
25867,2022,2,74
25867,2022,3,74
25867,2022,4,169
25867,2023,1,162
25867,2023,2,62
25867,2023,3,60
25867,2023,4,60
25867,2024,1,59
25867,2024,2,32
25867,2024,3,5
25867,2024,4,4
25867,2025,1,3
25867,2025,2,3
25867,2025,3,11
25867,2025,4,5
25871,2022,1,15
25871,2022,2,16
25871,2022,3,98
25871,2022,4,97
25871,2023,1,96
25871,2023,2,82
25871,2023,3,101
25871,2023,4,105
25871,2024,1,105
25871,2024,2,104
25871,2024,3,104
25871,2024,4,110
25871,2025,1,131
25871,2025,2,102
25871,2025,3,98
25871,2025,4,98
25873,2022,1,725
25873,2022,2,693
25873,2022,3,730
25873,2022,4,662
25873,2023,1,705
25873,2023,2,815
25873,2023,3,934
25873,2023,4,1000
25873,2024,1,1059
25873,2024,2,1099
25873,2024,3,1178
25873,2024,4,998
25873,2025,1,1130
25873,2025,2,1703
25873,2025,3,1775
25873,2025,4,1857
25875,2022,1,4411
25875,2022,2,4537
25875,2022,3,4906
25875,2022,4,4060
25875,2023,1,6466
25875,2023,2,4532
25875,2023,3,5054
25875,2023,4,6806
25875,2024,1,5042
25875,2024,2,5160
25875,2024,3,6697
25875,2024,4,6972
25875,2025,1,4406
25875,2025,2,7075
25875,2025,3,4935
25875,2025,4,5643
25878,2022,1,718
25878,2022,2,692
25878,2022,3,661
25878,2022,4,430
25878,2023,1,852
25878,2023,2,901
25878,2023,3,1103
25878,2023,4,1162
25878,2024,1,1710
25878,2024,2,1292
25878,2024,3,1318
25878,2024,4,1269
25878,2025,1,1462
25878,2025,2,1298
25878,2025,3,1311
25878,2025,4,1305
25885,2022,1,41
25885,2022,2,39
25885,2022,3,39
25885,2022,4,50
25885,2023,1,40
25885,2023,2,33
25885,2023,3,39
25885,2023,4,38
25885,2024,1,41
25885,2024,2,51
25885,2024,3,57
25885,2024,4,61
25885,2025,1,52
25885,2025,2,287
25885,2025,3,284
25885,2025,4,279
25898,2022,1,25
25898,2022,2,17
25898,2022,3,20
25898,2022,4,19
25898,2023,1,255
25898,2023,2,252
25898,2023,3,249
25898,2023,4,251
25898,2024,1,250
25898,2024,2,249
25898,2024,3,248
25898,2024,4,248
25898,2025,1,7
25898,2025,2,7
25898,2025,3,8
25898,2025,4,6
25899,2022,1,29978
25899,2022,2,30096
25899,2022,3,31096
25899,2022,4,31284
25899,2023,1,32022
25899,2023,2,32424
25899,2023,3,32737
25899,2023,4,34660
25899,2024,1,35690
25899,2024,2,36743
25899,2024,3,37215
25899,2024,4,38712
25899,2025,1,38936
25899,2025,2,39583
25899,2025,3,40801
25899,2025,4,42020
27001,2022,1,15469
27001,2022,2,15156
27001,2022,3,14741
27001,2022,4,14026
27001,2023,1,13429
27001,2023,2,13084
27001,2023,3,12463
27001,2023,4,12331
27001,2024,1,8623
27001,2024,2,8290
27001,2024,3,7777
27001,2024,4,7359
27001,2025,1,6932
27001,2025,2,3372
27001,2025,3,5792
27001,2025,4,6405
27006,2022,1,329
27006,2022,2,399
27006,2022,3,492
27006,2022,4,468
27006,2023,1,458
27006,2023,2,359
27006,2023,3,350
27006,2023,4,404
27006,2024,1,355
27006,2024,2,271
27006,2024,3,391
27006,2024,4,1662
27006,2025,1,2912
27006,2025,2,2106
27006,2025,3,2017
27006,2025,4,1404
27025,2022,1,26
27025,2022,2,15
27025,2022,3,32
27025,2022,4,16
27025,2023,1,20
27025,2023,2,42
27025,2023,3,36
27025,2023,4,18
27025,2024,1,20
27025,2024,2,13
27025,2024,3,15
27025,2024,4,13
27025,2025,1,13
27025,2025,2,15
27025,2025,3,24
27025,2025,4,25
27050,2022,1,8
27050,2022,2,8
27050,2022,3,6
27050,2022,4,5
27050,2023,1,4
27050,2023,2,5
27050,2023,3,4
27050,2023,4,2
27050,2024,1,1
27050,2024,2,1
27050,2024,3,20
27050,2024,4,21
27050,2025,1,6
27050,2025,2,4
27050,2025,3,7
27050,2025,4,5
27073,2022,1,32
27073,2022,2,32
27073,2022,3,32
27073,2022,4,29
27073,2023,1,29
27073,2023,2,23
27073,2023,3,21
27073,2023,4,19
27073,2024,1,14
27073,2024,2,8
27073,2024,3,13
27073,2024,4,129
27073,2025,1,10
27073,2025,2,11
27073,2025,3,10
27073,2025,4,265
27075,2022,1,742
27075,2022,2,781
27075,2022,3,834
27075,2022,4,160
27075,2023,1,361
27075,2023,2,408
27075,2023,3,408
27075,2023,4,723
27075,2024,1,821
27075,2024,2,642
27075,2024,3,672
27075,2024,4,910
27075,2025,1,472
27075,2025,2,355
27075,2025,3,780
27075,2025,4,599
27077,2022,1,231
27077,2022,2,244
27077,2022,3,302
27077,2022,4,323
27077,2023,1,285
27077,2023,2,297
27077,2023,3,310
27077,2023,4,279
27077,2024,1,269
27077,2024,2,218
27077,2024,3,203
27077,2024,4,169
27077,2025,1,83
27077,2025,2,32
27077,2025,3,40
27077,2025,4,108
27099,2022,1,154
27099,2022,2,113
27099,2022,3,173
27099,2022,4,159
27099,2023,1,128
27099,2023,2,145
27099,2023,3,155
27099,2023,4,148
27099,2024,1,159
27099,2024,2,123
27099,2024,3,124
27099,2024,4,97
27099,2025,1,68
27099,2025,2,109
27099,2025,3,94
27099,2025,4,72
27135,2022,1,12
27135,2022,2,13
27135,2022,3,15
27135,2022,4,13
27135,2023,1,154
27135,2023,2,151
27135,2023,3,174
27135,2023,4,177
27135,2024,1,177
27135,2024,2,133
27135,2024,3,125
27135,2024,4,166
27135,2025,1,141
27135,2025,2,180
27135,2025,3,176
27135,2025,4,574
27150,2022,1,155
27150,2022,2,147
27150,2022,3,151
27150,2022,4,132
27150,2023,1,116
27150,2023,2,109
27150,2023,3,112
27150,2023,4,112
27150,2024,1,109
27150,2024,2,107
27150,2024,3,97
27150,2024,4,78
27150,2025,1,72
27150,2025,2,61
27150,2025,3,51
27150,2025,4,60
27160,2022,1,239
27160,2022,2,238
27160,2022,3,257
27160,2022,4,326
27160,2023,1,326
27160,2023,2,158
27160,2023,3,198
27160,2023,4,298
27160,2024,1,260
27160,2024,2,306
27160,2024,3,320
27160,2024,4,417
27160,2025,1,287
27160,2025,2,216
27160,2025,3,268
27160,2025,4,325
27205,2022,1,992
27205,2022,2,955
27205,2022,3,882
27205,2022,4,879
27205,2023,1,786
27205,2023,2,318
27205,2023,3,328
27205,2023,4,528
27205,2024,1,373
27205,2024,2,444
27205,2024,3,561
27205,2024,4,611
27205,2025,1,751
27205,2025,2,776
27205,2025,3,1370
27205,2025,4,1636
27245,2022,1,62
27245,2022,2,129
27245,2022,3,122
27245,2022,4,110
27245,2023,1,111
27245,2023,2,104
27245,2023,3,37
27245,2023,4,98
27245,2024,1,170
27245,2024,2,177
27245,2024,3,169
27245,2024,4,131
27245,2025,1,136
27245,2025,2,152
27245,2025,3,560
27245,2025,4,904
27250,2022,1,75
27250,2022,2,77
27250,2022,3,87
27250,2022,4,79
27250,2023,1,78
27250,2023,2,71
27250,2023,3,60
27250,2023,4,53
27250,2024,1,49
27250,2024,2,39
27250,2024,3,36
27250,2024,4,31
27250,2025,1,31
27250,2025,2,28
27250,2025,3,11
27250,2025,4,24
27361,2022,1,2482
27361,2022,2,2338
27361,2022,3,3339
27361,2022,4,2994
27361,2023,1,2601
27361,2023,2,2454
27361,2023,3,2287
27361,2023,4,2166
27361,2024,1,1380
27361,2024,2,1433
27361,2024,3,1327
27361,2024,4,2315
27361,2025,1,1094
27361,2025,2,1772
27361,2025,3,1764
27361,2025,4,1948
27372,2022,1,167
27372,2022,2,151
27372,2022,3,143
27372,2022,4,136
27372,2023,1,133
27372,2023,2,120
27372,2023,3,104
27372,2023,4,74
27372,2024,1,47
27372,2024,2,25
27372,2024,3,28
27372,2024,4,17
27372,2025,1,8
27372,2025,2,5
27372,2025,3,2
27372,2025,4,1
27413,2022,1,6
27413,2022,2,6
27413,2022,3,7
27413,2022,4,7
27413,2023,1,6
27413,2023,2,6
27413,2023,3,5
27413,2023,4,4
27413,2024,1,3
27413,2024,2,3
27413,2024,3,31
27413,2024,4,31
27413,2025,1,16
27413,2025,2,15
27413,2025,3,26
27413,2025,4,12
27425,2022,1,24
27425,2022,2,25
27425,2022,3,25
27425,2022,4,24
27425,2023,1,23
27425,2023,2,24
27425,2023,3,24
27425,2023,4,24
27425,2024,1,24
27425,2024,2,21
27425,2024,3,26
27425,2024,4,22
27425,2025,1,21
27425,2025,2,34
27425,2025,3,43
27425,2025,4,27
27430,2022,1,21
27430,2022,2,18
27430,2022,3,21
27430,2022,4,22
27430,2023,1,23
27430,2023,2,21
27430,2023,3,20
27430,2023,4,18
27430,2024,1,17
27430,2024,2,24
27430,2024,3,22
27430,2024,4,30
27430,2025,1,23
27430,2025,2,30
27430,2025,3,28
27430,2025,4,39
27450,2022,1,216
27450,2022,2,213
27450,2022,3,209
27450,2022,4,207
27450,2023,1,208
27450,2023,2,37
27450,2023,3,41
27450,2023,4,37
27450,2024,1,33
27450,2024,2,35
27450,2024,3,33
27450,2024,4,30
27450,2025,1,28
27450,2025,2,27
27450,2025,3,23
27450,2025,4,23
27491,2022,1,29
27491,2022,2,33
27491,2022,3,33
27491,2022,4,35
27491,2023,1,27
27491,2023,2,28
27491,2023,3,30
27491,2023,4,144
27491,2024,1,149
27491,2024,2,213
27491,2024,3,280
27491,2024,4,271
27491,2025,1,326
27491,2025,2,329
27491,2025,3,327
27491,2025,4,405
27495,2022,1,412
27495,2022,2,476
27495,2022,3,496
27495,2022,4,509
27495,2023,1,496
27495,2023,2,333
27495,2023,3,354
27495,2023,4,242
27495,2024,1,224
27495,2024,2,278
27495,2024,3,262
27495,2024,4,355
27495,2025,1,163
27495,2025,2,38
27495,2025,3,149
27495,2025,4,61
27580,2022,1,4
27580,2022,2,4
27580,2022,3,6
27580,2022,4,7
27580,2023,1,6
27580,2023,2,6
27580,2023,3,4
27580,2023,4,3
27580,2024,1,2
27580,2024,2,2
27580,2024,3,16
27580,2024,4,16
27580,2025,1,13
27580,2025,2,12
27580,2025,3,21
27580,2025,4,10
27600,2022,1,754
27600,2022,2,754
27600,2022,3,767
27600,2022,4,767
27600,2023,1,833
27600,2023,2,832
27600,2023,3,868
27600,2023,4,900
27600,2024,1,919
27600,2024,2,934
27600,2024,3,1809
27600,2024,4,930
27600,2025,1,1088
27600,2025,2,1002
27600,2025,3,504
27600,2025,4,1051
27615,2022,1,536
27615,2022,2,532
27615,2022,3,551
27615,2022,4,524
27615,2023,1,510
27615,2023,2,284
27615,2023,3,281
27615,2023,4,273
27615,2024,1,264
27615,2024,2,250
27615,2024,3,209
27615,2024,4,165
27615,2025,1,137
27615,2025,2,124
27615,2025,3,95
27615,2025,4,85
27660,2022,1,6
27660,2022,2,13
27660,2022,3,13
27660,2022,4,16
27660,2023,1,15
27660,2023,2,11
27660,2023,3,9
27660,2023,4,8
27660,2024,1,9
27660,2024,2,8
27660,2024,3,8
27660,2024,4,14
27660,2025,1,6
27660,2025,2,29
27660,2025,3,38
27660,2025,4,13
27745,2022,1,12
27745,2022,2,13
27745,2022,3,15
27745,2022,4,20
27745,2023,1,14
27745,2023,2,25
27745,2023,3,27
27745,2023,4,17
27745,2024,1,17
27745,2024,2,23
27745,2024,3,21
27745,2024,4,18
27745,2025,1,17
27745,2025,2,24
27745,2025,3,31
27745,2025,4,17
27787,2022,1,749
27787,2022,2,729
27787,2022,3,740
27787,2022,4,753
27787,2023,1,745
27787,2023,2,265
27787,2023,3,317
27787,2023,4,394
27787,2024,1,383
27787,2024,2,424
27787,2024,3,474
27787,2024,4,506
27787,2025,1,394
27787,2025,2,356
27787,2025,3,443
27787,2025,4,489
27800,2022,1,215
27800,2022,2,146
27800,2022,3,150
27800,2022,4,154
27800,2023,1,151
27800,2023,2,206
27800,2023,3,77
27800,2023,4,123
27800,2024,1,148
27800,2024,2,113
27800,2024,3,104
27800,2024,4,26
27800,2025,1,115
27800,2025,2,86
27800,2025,3,6
27800,2025,4,78
27810,2022,1,20
27810,2022,2,17
27810,2022,3,12
27810,2022,4,11
27810,2023,1,140
27810,2023,2,150
27810,2023,3,149
27810,2023,4,190
27810,2024,1,226
27810,2024,2,228
27810,2024,3,253
27810,2024,4,299
27810,2025,1,811
27810,2025,2,784
27810,2025,3,752
27810,2025,4,837
41001,2022,1,85473
41001,2022,2,84581
41001,2022,3,86251
41001,2022,4,86656
41001,2023,1,87112
41001,2023,2,86748
41001,2023,3,85931
41001,2023,4,84609
41001,2024,1,82373
41001,2024,2,83651
41001,2024,3,82904
41001,2024,4,83759
41001,2025,1,93720
41001,2025,2,87467
41001,2025,3,88614
41001,2025,4,91661
41006,2022,1,667
41006,2022,2,549
41006,2022,3,581
41006,2022,4,536
41006,2023,1,534
41006,2023,2,578
41006,2023,3,537
41006,2023,4,585
41006,2024,1,984
41006,2024,2,675
41006,2024,3,955
41006,2024,4,675
41006,2025,1,642
41006,2025,2,634
41006,2025,3,662
41006,2025,4,577
41013,2022,1,103
41013,2022,2,204
41013,2022,3,190
41013,2022,4,182
41013,2023,1,23
41013,2023,2,31
41013,2023,3,212
41013,2023,4,23
41013,2024,1,14
41013,2024,2,291
41013,2024,3,281
41013,2024,4,262
41013,2025,1,185
41013,2025,2,184
41013,2025,3,573
41013,2025,4,547
41016,2022,1,74
41016,2022,2,410
41016,2022,3,445
41016,2022,4,63
41016,2023,1,433
41016,2023,2,279
41016,2023,3,229
41016,2023,4,397
41016,2024,1,600
41016,2024,2,612
41016,2024,3,1157
41016,2024,4,591
41016,2025,1,146
41016,2025,2,612
41016,2025,3,1153
41016,2025,4,1092
41020,2022,1,1099
41020,2022,2,1559
41020,2022,3,1620
41020,2022,4,1744
41020,2023,1,1703
41020,2023,2,1290
41020,2023,3,1862
41020,2023,4,1241
41020,2024,1,1741
41020,2024,2,1854
41020,2024,3,1826
41020,2024,4,1676
41020,2025,1,1471
41020,2025,2,1919
41020,2025,3,1955
41020,2025,4,2167
41026,2022,1,506
41026,2022,2,486
41026,2022,3,524
41026,2022,4,539
41026,2023,1,415
41026,2023,2,402
41026,2023,3,451
41026,2023,4,487
41026,2024,1,484
41026,2024,2,492
41026,2024,3,552
41026,2024,4,586
41026,2025,1,596
41026,2025,2,619
41026,2025,3,632
41026,2025,4,616
41078,2022,1,14
41078,2022,2,20
41078,2022,3,25
41078,2022,4,24
41078,2023,1,28
41078,2023,2,106
41078,2023,3,114
41078,2023,4,131
41078,2024,1,154
41078,2024,2,204
41078,2024,3,202
41078,2024,4,229
41078,2025,1,237
41078,2025,2,230
41078,2025,3,238
41078,2025,4,246
41132,2022,1,2493
41132,2022,2,2473
41132,2022,3,2650
41132,2022,4,2306
41132,2023,1,2254
41132,2023,2,2268
41132,2023,3,3171
41132,2023,4,2958
41132,2024,1,2452
41132,2024,2,3082
41132,2024,3,2977
41132,2024,4,3050
41132,2025,1,2984
41132,2025,2,1855
41132,2025,3,2667
41132,2025,4,3548
41206,2022,1,20
41206,2022,2,18
41206,2022,3,14
41206,2022,4,14
41206,2023,1,13
41206,2023,2,13
41206,2023,3,14
41206,2023,4,300
41206,2024,1,336
41206,2024,2,340
41206,2024,3,361
41206,2024,4,390
41206,2025,1,391
41206,2025,2,430
41206,2025,3,495
41206,2025,4,469
41244,2022,1,4
41244,2022,2,3
41244,2022,3,2
41244,2022,4,2
41244,2023,1,7
41244,2023,2,86
41244,2023,3,128
41244,2023,4,88
41244,2024,1,92
41244,2024,2,98
41244,2024,3,67
41244,2024,4,68
41244,2025,1,72
41244,2025,2,55
41244,2025,3,51
41244,2025,4,40
41298,2022,1,5347
41298,2022,2,5678
41298,2022,3,6419
41298,2022,4,6840
41298,2023,1,2924
41298,2023,2,3015
41298,2023,3,8718
41298,2023,4,5305
41298,2024,1,4617
41298,2024,2,9177
41298,2024,3,7682
41298,2024,4,9143
41298,2025,1,9723
41298,2025,2,8783
41298,2025,3,8541
41298,2025,4,8333
41306,2022,1,1036
41306,2022,2,971
41306,2022,3,1025
41306,2022,4,1061
41306,2023,1,1079
41306,2023,2,1400
41306,2023,3,2237
41306,2023,4,2336
41306,2024,1,1465
41306,2024,2,1581
41306,2024,3,1637
41306,2024,4,1646
41306,2025,1,1992
41306,2025,2,1179
41306,2025,3,2344
41306,2025,4,2701
41319,2022,1,1570
41319,2022,2,1578
41319,2022,3,1121
41319,2022,4,1212
41319,2023,1,1237
41319,2023,2,1428
41319,2023,3,1441
41319,2023,4,1291
41319,2024,1,1116
41319,2024,2,1109
41319,2024,3,1236
41319,2024,4,1043
41319,2025,1,1225
41319,2025,2,1235
41319,2025,3,1450
41319,2025,4,239
41349,2022,1,52
41349,2022,2,50
41349,2022,3,51
41349,2022,4,50
41349,2023,1,50
41349,2023,2,55
41349,2023,3,180
41349,2023,4,208
41349,2024,1,361
41349,2024,2,288
41349,2024,3,420
41349,2024,4,447
41349,2025,1,461
41349,2025,2,636
41349,2025,3,766
41349,2025,4,685
41357,2022,1,551
41357,2022,2,601
41357,2022,3,684
41357,2022,4,383
41357,2023,1,603
41357,2023,2,564
41357,2023,3,566
41357,2023,4,488
41357,2024,1,713
41357,2024,2,430
41357,2024,3,395
41357,2024,4,418
41357,2025,1,689
41357,2025,2,742
41357,2025,3,702
41357,2025,4,784
41359,2022,1,712
41359,2022,2,639
41359,2022,3,696
41359,2022,4,595
41359,2023,1,788
41359,2023,2,1048
41359,2023,3,999
41359,2023,4,1172
41359,2024,1,2563
41359,2024,2,3257
41359,2024,3,3136
41359,2024,4,3098
41359,2025,1,3146
41359,2025,2,3301
41359,2025,3,3508
41359,2025,4,3548
41378,2022,1,927
41378,2022,2,607
41378,2022,3,991
41378,2022,4,947
41378,2023,1,1107
41378,2023,2,1137
41378,2023,3,992
41378,2023,4,951
41378,2024,1,937
41378,2024,2,916
41378,2024,3,932
41378,2024,4,892
41378,2025,1,809
41378,2025,2,804
41378,2025,3,898
41378,2025,4,1032
41396,2022,1,5094
41396,2022,2,5005
41396,2022,3,5076
41396,2022,4,5173
41396,2023,1,3693
41396,2023,2,4633
41396,2023,3,2803
41396,2023,4,2873
41396,2024,1,3781
41396,2024,2,3090
41396,2024,3,3304
41396,2024,4,3559
41396,2025,1,3780
41396,2025,2,2598
41396,2025,3,4664
41396,2025,4,5174
41483,2022,1,354
41483,2022,2,388
41483,2022,3,368
41483,2022,4,364
41483,2023,1,232
41483,2023,2,386
41483,2023,3,397
41483,2023,4,402
41483,2024,1,402
41483,2024,2,398
41483,2024,3,438
41483,2024,4,384
41483,2025,1,422
41483,2025,2,325
41483,2025,3,482
41483,2025,4,586
41503,2022,1,489
41503,2022,2,489
41503,2022,3,523
41503,2022,4,543
41503,2023,1,521
41503,2023,2,791
41503,2023,3,915
41503,2023,4,790
41503,2024,1,1020
41503,2024,2,860
41503,2024,3,342
41503,2024,4,585
41503,2025,1,345
41503,2025,2,638
41503,2025,3,631
41503,2025,4,1511
41518,2022,1,681
41518,2022,2,724
41518,2022,3,731
41518,2022,4,770
41518,2023,1,686
41518,2023,2,564
41518,2023,3,1749
41518,2023,4,609
41518,2024,1,725
41518,2024,2,593
41518,2024,3,926
41518,2024,4,666
41518,2025,1,828
41518,2025,2,787
41518,2025,3,917
41518,2025,4,911
41524,2022,1,976
41524,2022,2,1189
41524,2022,3,1945
41524,2022,4,1751
41524,2023,1,1739
41524,2023,2,1662
41524,2023,3,1347
41524,2023,4,1595
41524,2024,1,1916
41524,2024,2,1554
41524,2024,3,1740
41524,2024,4,2042
41524,2025,1,1856
41524,2025,2,1872
41524,2025,3,1980
41524,2025,4,1792
41530,2022,1,172
41530,2022,2,158
41530,2022,3,156
41530,2022,4,153
41530,2023,1,153
41530,2023,2,213
41530,2023,3,215
41530,2023,4,278
41530,2024,1,324
41530,2024,2,405
41530,2024,3,406
41530,2024,4,384
41530,2025,1,297
41530,2025,2,355
41530,2025,3,400
41530,2025,4,413
41548,2022,1,470
41548,2022,2,667
41548,2022,3,671
41548,2022,4,678
41548,2023,1,786
41548,2023,2,789
41548,2023,3,969
41548,2023,4,931
41548,2024,1,900
41548,2024,2,1050
41548,2024,3,1054
41548,2024,4,1021
41548,2025,1,1194
41548,2025,2,1208
41548,2025,3,1469
41548,2025,4,1525
41551,2022,1,9584
41551,2022,2,9899
41551,2022,3,10132
41551,2022,4,10284
41551,2023,1,11221
41551,2023,2,11705
41551,2023,3,11998
41551,2023,4,12678
41551,2024,1,12376
41551,2024,2,12484
41551,2024,3,13305
41551,2024,4,13975
41551,2025,1,14189
41551,2025,2,14625
41551,2025,3,15250
41551,2025,4,15796
41615,2022,1,1426
41615,2022,2,2165
41615,2022,3,1857
41615,2022,4,2347
41615,2023,1,2235
41615,2023,2,2408
41615,2023,3,1896
41615,2023,4,2245
41615,2024,1,1977
41615,2024,2,1371
41615,2024,3,1178
41615,2024,4,2109
41615,2025,1,2393
41615,2025,2,1971
41615,2025,3,2583
41615,2025,4,3022
41660,2022,1,377
41660,2022,2,423
41660,2022,3,378
41660,2022,4,462
41660,2023,1,476
41660,2023,2,533
41660,2023,3,569
41660,2023,4,557
41660,2024,1,589
41660,2024,2,589
41660,2024,3,428
41660,2024,4,474
41660,2025,1,679
41660,2025,2,1850
41660,2025,3,2311
41660,2025,4,2418
41668,2022,1,2092
41668,2022,2,1530
41668,2022,3,1582
41668,2022,4,1955
41668,2023,1,2430
41668,2023,2,2441
41668,2023,3,2549
41668,2023,4,2548
41668,2024,1,2543
41668,2024,2,2647
41668,2024,3,2731
41668,2024,4,2737
41668,2025,1,2781
41668,2025,2,2725
41668,2025,3,2829
41668,2025,4,3207
41676,2022,1,212
41676,2022,2,402
41676,2022,3,431
41676,2022,4,440
41676,2023,1,382
41676,2023,2,441
41676,2023,3,428
41676,2023,4,644
41676,2024,1,717
41676,2024,2,610
41676,2024,3,558
41676,2024,4,758
41676,2025,1,828
41676,2025,2,806
41676,2025,3,908
41676,2025,4,1006
41770,2022,1,307
41770,2022,2,308
41770,2022,3,297
41770,2022,4,305
41770,2023,1,346
41770,2023,2,327
41770,2023,3,49
41770,2023,4,281
41770,2024,1,290
41770,2024,2,298
41770,2024,3,438
41770,2024,4,292
41770,2025,1,294
41770,2025,2,284
41770,2025,3,297
41770,2025,4,280
41791,2022,1,528
41791,2022,2,523
41791,2022,3,558
41791,2022,4,615
41791,2023,1,619
41791,2023,2,608
41791,2023,3,659
41791,2023,4,634
41791,2024,1,733
41791,2024,2,711
41791,2024,3,911
41791,2024,4,931
41791,2025,1,1045
41791,2025,2,1103
41791,2025,3,1153
41791,2025,4,1177
41797,2022,1,1127
41797,2022,2,1168
41797,2022,3,1212
41797,2022,4,1230
41797,2023,1,1016
41797,2023,2,641
41797,2023,3,674
41797,2023,4,692
41797,2024,1,1282
41797,2024,2,763
41797,2024,3,1393
41797,2024,4,796
41797,2025,1,1187
41797,2025,2,832
41797,2025,3,1234
41797,2025,4,1403
41799,2022,1,89
41799,2022,2,101
41799,2022,3,90
41799,2022,4,74
41799,2023,1,83
41799,2023,2,135
41799,2023,3,128
41799,2023,4,119
41799,2024,1,163
41799,2024,2,129
41799,2024,3,132
41799,2024,4,143
41799,2025,1,142
41799,2025,2,132
41799,2025,3,161
41799,2025,4,172
41801,2022,1,492
41801,2022,2,531
41801,2022,3,480
41801,2022,4,552
41801,2023,1,459
41801,2023,2,523
41801,2023,3,547
41801,2023,4,519
41801,2024,1,365
41801,2024,2,478
41801,2024,3,499
41801,2024,4,498
41801,2025,1,445
41801,2025,2,540
41801,2025,3,578
41801,2025,4,729
41807,2022,1,1199
41807,2022,2,1294
41807,2022,3,1494
41807,2022,4,1538
41807,2023,1,1582
41807,2023,2,1261
41807,2023,3,1274
41807,2023,4,1308
41807,2024,1,1389
41807,2024,2,1185
41807,2024,3,1200
41807,2024,4,1094
41807,2025,1,1432
41807,2025,2,1022
41807,2025,3,1258
41807,2025,4,895
41872,2022,1,12
41872,2022,2,87
41872,2022,3,80
41872,2022,4,9
41872,2023,1,51
41872,2023,2,70
41872,2023,3,50
41872,2023,4,88
41872,2024,1,4
41872,2024,2,3
41872,2024,3,3
41872,2024,4,3
41872,2025,1,3
41872,2025,2,2
41872,2025,3,2
41872,2025,4,3
41885,2022,1,364
41885,2022,2,368
41885,2022,3,401
41885,2022,4,593
41885,2023,1,356
41885,2023,2,571
41885,2023,3,629
41885,2023,4,605
41885,2024,1,551
41885,2024,2,516
41885,2024,3,518
41885,2024,4,529
41885,2025,1,528
41885,2025,2,491
41885,2025,3,504
41885,2025,4,508
44001,2022,1,26283
44001,2022,2,26195
44001,2022,3,26501
44001,2022,4,26573
44001,2023,1,26686
44001,2023,2,26914
44001,2023,3,26964
44001,2023,4,26772
44001,2024,1,25673
44001,2024,2,25279
44001,2024,3,25030
44001,2024,4,26276
44001,2025,1,27734
44001,2025,2,28361
44001,2025,3,28913
44001,2025,4,29169
44035,2022,1,1292
44035,2022,2,1243
44035,2022,3,1211
44035,2022,4,1151
44035,2023,1,1110
44035,2023,2,1238
44035,2023,3,1275
44035,2023,4,2016
44035,2024,1,2036
44035,2024,2,1011
44035,2024,3,707
44035,2024,4,733
44035,2025,1,2210
44035,2025,2,2137
44035,2025,3,2191
44035,2025,4,694
44078,2022,1,768
44078,2022,2,707
44078,2022,3,644
44078,2022,4,667
44078,2023,1,643
44078,2023,2,683
44078,2023,3,1908
44078,2023,4,1961
44078,2024,1,1814
44078,2024,2,1836
44078,2024,3,1885
44078,2024,4,1864
44078,2025,1,1650
44078,2025,2,3141
44078,2025,3,3154
44078,2025,4,3183
44090,2022,1,337
44090,2022,2,348
44090,2022,3,368
44090,2022,4,412
44090,2023,1,392
44090,2023,2,480
44090,2023,3,411
44090,2023,4,344
44090,2024,1,378
44090,2024,2,349
44090,2024,3,343
44090,2024,4,409
44090,2025,1,271
44090,2025,2,459
44090,2025,3,527
44090,2025,4,396
44098,2022,1,211
44098,2022,2,211
44098,2022,3,190
44098,2022,4,165
44098,2023,1,155
44098,2023,2,233
44098,2023,3,246
44098,2023,4,405
44098,2024,1,377
44098,2024,2,155
44098,2024,3,169
44098,2024,4,155
44098,2025,1,718
44098,2025,2,1259
44098,2025,3,1103
44098,2025,4,153
44110,2022,1,172
44110,2022,2,198
44110,2022,3,101
44110,2022,4,205
44110,2023,1,2
44110,2023,2,462
44110,2023,3,199
44110,2023,4,302
44110,2024,1,557
44110,2024,2,546
44110,2024,3,421
44110,2024,4,493
44110,2025,1,445
44110,2025,2,1068
44110,2025,3,1461
44110,2025,4,1474
44279,2022,1,4571
44279,2022,2,4305
44279,2022,3,4242
44279,2022,4,3474
44279,2023,1,3339
44279,2023,2,3363
44279,2023,3,3439
44279,2023,4,3491
44279,2024,1,3171
44279,2024,2,2863
44279,2024,3,2499
44279,2024,4,2020
44279,2025,1,3217
44279,2025,2,3120
44279,2025,3,3237
44279,2025,4,2882
44378,2022,1,926
44378,2022,2,772
44378,2022,3,693
44378,2022,4,744
44378,2023,1,780
44378,2023,2,764
44378,2023,3,752
44378,2023,4,1293
44378,2024,1,1426
44378,2024,2,676
44378,2024,3,686
44378,2024,4,690
44378,2025,1,2544
44378,2025,2,1917
44378,2025,3,1911
44378,2025,4,431
44420,2022,1,8
44420,2022,2,8
44420,2022,3,8
44420,2022,4,10
44420,2023,1,11
44420,2023,2,10
44420,2023,3,7
44420,2023,4,6
44420,2024,1,17
44420,2024,2,37
44420,2024,3,33
44420,2024,4,28
44420,2025,1,44
44420,2025,2,47
44420,2025,3,392
44420,2025,4,426
44430,2022,1,9650
44430,2022,2,9331
44430,2022,3,8979
44430,2022,4,9159
44430,2023,1,7660
44430,2023,2,7768
44430,2023,3,8501
44430,2023,4,10175
44430,2024,1,7559
44430,2024,2,10453
44430,2024,3,3890
44430,2024,4,3993
44430,2025,1,3837
44430,2025,2,995
44430,2025,3,3779
44430,2025,4,4099
44560,2022,1,539
44560,2022,2,451
44560,2022,3,431
44560,2022,4,558
44560,2023,1,785
44560,2023,2,809
44560,2023,3,860
44560,2023,4,848
44560,2024,1,634
44560,2024,2,659
44560,2024,3,673
44560,2024,4,721
44560,2025,1,749
44560,2025,2,778
44560,2025,3,813
44560,2025,4,903
44650,2022,1,2058
44650,2022,2,2130
44650,2022,3,2010
44650,2022,4,2216
44650,2023,1,2020
44650,2023,2,2819
44650,2023,3,2405
44650,2023,4,2363
44650,2024,1,1796
44650,2024,2,1823
44650,2024,3,1748
44650,2024,4,1762
44650,2025,1,2487
44650,2025,2,2991
44650,2025,3,2907
44650,2025,4,1800
44847,2022,1,1666
44847,2022,2,1384
44847,2022,3,1218
44847,2022,4,1180
44847,2023,1,1072
44847,2023,2,1066
44847,2023,3,1131
44847,2023,4,1217
44847,2024,1,584
44847,2024,2,532
44847,2024,3,573
44847,2024,4,602
44847,2025,1,832
44847,2025,2,743
44847,2025,3,788
44847,2025,4,893
44855,2022,1,657
44855,2022,2,728
44855,2022,3,657
44855,2022,4,584
44855,2023,1,336
44855,2023,2,591
44855,2023,3,450
44855,2023,4,428
44855,2024,1,397
44855,2024,2,351
44855,2024,3,887
44855,2024,4,561
44855,2025,1,617
44855,2025,2,520
44855,2025,3,1734
44855,2025,4,1948
44874,2022,1,1745
44874,2022,2,1657
44874,2022,3,1525
44874,2022,4,1564
44874,2023,1,1374
44874,2023,2,1092
44874,2023,3,1095
44874,2023,4,1764
44874,2024,1,1823
44874,2024,2,2683
44874,2024,3,2462
44874,2024,4,1994
44874,2025,1,1800
44874,2025,2,1904
44874,2025,3,2679
44874,2025,4,4765
47001,2022,1,142927
47001,2022,2,97027
47001,2022,3,96962
47001,2022,4,98400
47001,2023,1,100211
47001,2023,2,100221
47001,2023,3,98810
47001,2023,4,96415
47001,2024,1,95944
47001,2024,2,97064
47001,2024,3,96746
47001,2024,4,104056
47001,2025,1,109360
47001,2025,2,111055
47001,2025,3,115169
47001,2025,4,119935
47030,2022,1,845
47030,2022,2,818
47030,2022,3,947
47030,2022,4,773
47030,2023,1,1121
47030,2023,2,925
47030,2023,3,824
47030,2023,4,846
47030,2024,1,825
47030,2024,2,787
47030,2024,3,775
47030,2024,4,789
47030,2025,1,757
47030,2025,2,887
47030,2025,3,976
47030,2025,4,1082
47053,2022,1,1366
47053,2022,2,1429
47053,2022,3,1436
47053,2022,4,1403
47053,2023,1,1345
47053,2023,2,1415
47053,2023,3,1083
47053,2023,4,1101
47053,2024,1,1009
47053,2024,2,1066
47053,2024,3,939
47053,2024,4,957
47053,2025,1,964
47053,2025,2,993
47053,2025,3,1448
47053,2025,4,1477
47058,2022,1,948
47058,2022,2,952
47058,2022,3,1013
47058,2022,4,997
47058,2023,1,924
47058,2023,2,953
47058,2023,3,905
47058,2023,4,911
47058,2024,1,889
47058,2024,2,896
47058,2024,3,895
47058,2024,4,997
47058,2025,1,1260
47058,2025,2,1274
47058,2025,3,1271
47058,2025,4,1303
47161,2022,1,3
47161,2022,2,3
47161,2022,3,2
47161,2022,4,2
47161,2023,1,1
47161,2023,2,1
47161,2023,3,1
47161,2023,4,1
47161,2024,1,140
47161,2024,2,133
47161,2024,3,160
47161,2024,4,72
47161,2025,1,75
47161,2025,2,168
47161,2025,3,214
47161,2025,4,214
47170,2022,1,289
47170,2022,2,288
47170,2022,3,289
47170,2022,4,289
47170,2023,1,297
47170,2023,2,301
47170,2023,3,210
47170,2023,4,261
47170,2024,1,269
47170,2024,2,279
47170,2024,3,281
47170,2024,4,369
47170,2025,1,552
47170,2025,2,567
47170,2025,3,568
47170,2025,4,584
47189,2022,1,10475
47189,2022,2,10335
47189,2022,3,10415
47189,2022,4,10425
47189,2023,1,10345
47189,2023,2,10288
47189,2023,3,11003
47189,2023,4,10823
47189,2024,1,10566
47189,2024,2,10760
47189,2024,3,11186
47189,2024,4,11522
47189,2025,1,12002
47189,2025,2,13037
47189,2025,3,13302
47189,2025,4,13451
47205,2022,1,2
47205,2022,2,1
47205,2022,3,1
47205,2022,4,1
47205,2023,1,1
47205,2023,2,1
47205,2023,3,1
47205,2023,4,1
47205,2024,1,100
47205,2024,2,100
47205,2024,3,113
47205,2024,4,20
47205,2025,1,75
47205,2025,2,214
47205,2025,3,213
47205,2025,4,213
47245,2022,1,1725
47245,2022,2,1663
47245,2022,3,2290
47245,2022,4,1992
47245,2023,1,2180
47245,2023,2,2536
47245,2023,3,2552
47245,2023,4,2449
47245,2024,1,2586
47245,2024,2,2527
47245,2024,3,2364
47245,2024,4,2795
47245,2025,1,3039
47245,2025,2,3438
47245,2025,3,3452
47245,2025,4,3362
47258,2022,1,199
47258,2022,2,281
47258,2022,3,253
47258,2022,4,285
47258,2023,1,305
47258,2023,2,362
47258,2023,3,370
47258,2023,4,418
47258,2024,1,1123
47258,2024,2,778
47258,2024,3,471
47258,2024,4,578
47258,2025,1,325
47258,2025,2,466
47258,2025,3,575
47258,2025,4,576
47268,2022,1,524
47268,2022,2,537
47268,2022,3,550
47268,2022,4,576
47268,2023,1,588
47268,2023,2,625
47268,2023,3,630
47268,2023,4,635
47268,2024,1,118
47268,2024,2,95
47268,2024,3,581
47268,2024,4,616
47268,2025,1,683
47268,2025,2,753
47268,2025,3,993
47268,2025,4,1007
47288,2022,1,6951
47288,2022,2,6836
47288,2022,3,6752
47288,2022,4,6853
47288,2023,1,6890
47288,2023,2,6969
47288,2023,3,6921
47288,2023,4,7653
47288,2024,1,7192
47288,2024,2,5587
47288,2024,3,5304
47288,2024,4,5356
47288,2025,1,5455
47288,2025,2,6048
47288,2025,3,6302
47288,2025,4,6344
47318,2022,1,779
47318,2022,2,808
47318,2022,3,941
47318,2022,4,933
47318,2023,1,1027
47318,2023,2,967
47318,2023,3,1179
47318,2023,4,1050
47318,2024,1,950
47318,2024,2,1137
47318,2024,3,1072
47318,2024,4,1115
47318,2025,1,1184
47318,2025,2,1192
47318,2025,3,1305
47318,2025,4,1199
47460,2022,1,246
47460,2022,2,219
47460,2022,3,552
47460,2022,4,293
47460,2023,1,262
47460,2023,2,481
47460,2023,3,467
47460,2023,4,472
47460,2024,1,457
47460,2024,2,493
47460,2024,3,510
47460,2024,4,636
47460,2025,1,766
47460,2025,2,697
47460,2025,3,673
47460,2025,4,708
47541,2022,1,11
47541,2022,2,9
47541,2022,3,6
47541,2022,4,7
47541,2023,1,2
47541,2023,2,1
47541,2023,3,1
47541,2023,4,1
47541,2024,1,169
47541,2024,2,158
47541,2024,3,170
47541,2024,4,39
47541,2025,1,57
47541,2025,2,146
47541,2025,3,190
47541,2025,4,190
47545,2022,1,285
47545,2022,2,251
47545,2022,3,310
47545,2022,4,363
47545,2023,1,353
47545,2023,2,368
47545,2023,3,144
47545,2023,4,158
47545,2024,1,191
47545,2024,2,223
47545,2024,3,422
47545,2024,4,752
47545,2025,1,741
47545,2025,2,740
47545,2025,3,736
47545,2025,4,747
47551,2022,1,2948
47551,2022,2,2694
47551,2022,3,2952
47551,2022,4,2919
47551,2023,1,2911
47551,2023,2,2860
47551,2023,3,2832
47551,2023,4,2790
47551,2024,1,2492
47551,2024,2,2350
47551,2024,3,3625
47551,2024,4,2576
47551,2025,1,2538
47551,2025,2,2753
47551,2025,3,3309
47551,2025,4,3318
47555,2022,1,4962
47555,2022,2,5346
47555,2022,3,5128
47555,2022,4,5476
47555,2023,1,5364
47555,2023,2,5317
47555,2023,3,5358
47555,2023,4,5185
47555,2024,1,4452
47555,2024,2,4709
47555,2024,3,3622
47555,2024,4,3836
47555,2025,1,3538
47555,2025,2,3966
47555,2025,3,4394
47555,2025,4,4496
47570,2022,1,429
47570,2022,2,442
47570,2022,3,448
47570,2022,4,441
47570,2023,1,447
47570,2023,2,459
47570,2023,3,299
47570,2023,4,308
47570,2024,1,312
47570,2024,2,325
47570,2024,3,339
47570,2024,4,342
47570,2025,1,490
47570,2025,2,538
47570,2025,3,683
47570,2025,4,641
47605,2022,1,191
47605,2022,2,195
47605,2022,3,196
47605,2022,4,199
47605,2023,1,197
47605,2023,2,195
47605,2023,3,133
47605,2023,4,137
47605,2024,1,137
47605,2024,2,139
47605,2024,3,144
47605,2024,4,147
47605,2025,1,269
47605,2025,2,323
47605,2025,3,374
47605,2025,4,372
47660,2022,1,437
47660,2022,2,415
47660,2022,3,416
47660,2022,4,424
47660,2023,1,419
47660,2023,2,403
47660,2023,3,406
47660,2023,4,429
47660,2024,1,418
47660,2024,2,438
47660,2024,3,430
47660,2024,4,372
47660,2025,1,440
47660,2025,2,556
47660,2025,3,539
47660,2025,4,543
47675,2022,1,496
47675,2022,2,477
47675,2022,3,482
47675,2022,4,468
47675,2023,1,453
47675,2023,2,452
47675,2023,3,472
47675,2023,4,465
47675,2024,1,478
47675,2024,2,474
47675,2024,3,480
47675,2024,4,528
47675,2025,1,847
47675,2025,2,665
47675,2025,3,710
47675,2025,4,704
47692,2022,1,519
47692,2022,2,540
47692,2022,3,579
47692,2022,4,568
47692,2023,1,572
47692,2023,2,571
47692,2023,3,536
47692,2023,4,512
47692,2024,1,515
47692,2024,2,630
47692,2024,3,548
47692,2024,4,533
47692,2025,1,736
47692,2025,2,753
47692,2025,3,892
47692,2025,4,843
47703,2022,1,13
47703,2022,2,13
47703,2022,3,31
47703,2022,4,64
47703,2023,1,80
47703,2023,2,74
47703,2023,3,61
47703,2023,4,70
47703,2024,1,90
47703,2024,2,57
47703,2024,3,85
47703,2024,4,225
47703,2025,1,232
47703,2025,2,242
47703,2025,3,233
47703,2025,4,230
47707,2022,1,354
47707,2022,2,354
47707,2022,3,354
47707,2022,4,354
47707,2023,1,355
47707,2023,2,356
47707,2023,3,359
47707,2023,4,361
47707,2024,1,948
47707,2024,2,781
47707,2024,3,711
47707,2024,4,676
47707,2025,1,826
47707,2025,2,1246
47707,2025,3,1147
47707,2025,4,1368
47720,2022,1,207
47720,2022,2,206
47720,2022,3,206
47720,2022,4,206
47720,2023,1,627
47720,2023,2,630
47720,2023,3,148
47720,2023,4,149
47720,2024,1,605
47720,2024,2,142
47720,2024,3,142
47720,2024,4,615
47720,2025,1,685
47720,2025,2,777
47720,2025,3,793
47720,2025,4,620
47745,2022,1,578
47745,2022,2,604
47745,2022,3,609
47745,2022,4,612
47745,2023,1,619
47745,2023,2,615
47745,2023,3,523
47745,2023,4,546
47745,2024,1,520
47745,2024,2,532
47745,2024,3,547
47745,2024,4,564
47745,2025,1,873
47745,2025,2,984
47745,2025,3,1100
47745,2025,4,1094
47798,2022,1,389
47798,2022,2,388
47798,2022,3,383
47798,2022,4,388
47798,2023,1,388
47798,2023,2,374
47798,2023,3,373
47798,2023,4,382
47798,2024,1,379
47798,2024,2,477
47798,2024,3,340
47798,2024,4,380
47798,2025,1,461
47798,2025,2,477
47798,2025,3,473
47798,2025,4,485
47960,2022,1,107
47960,2022,2,99
47960,2022,3,35
47960,2024,2,35
47960,2024,3,35
47960,2024,4,34
47960,2025,1,105
47960,2025,2,151
47960,2025,3,196
47960,2025,4,196
47980,2022,1,670
47980,2022,2,556
47980,2022,3,578
47980,2022,4,562
47980,2023,1,540
47980,2023,2,524
47980,2023,3,476
47980,2023,4,490
47980,2024,1,315
47980,2024,2,433
47980,2024,3,649
47980,2024,4,498
47980,2025,1,331
47980,2025,2,1103
47980,2025,3,1290
47980,2025,4,1313
50001,2022,1,99936
50001,2022,2,100411
50001,2022,3,103888
50001,2022,4,104814
50001,2023,1,106296
50001,2023,2,105521
50001,2023,3,100971
50001,2023,4,101501
50001,2024,1,103012
50001,2024,2,104100
50001,2024,3,104319
50001,2024,4,106360
50001,2025,1,109585
50001,2025,2,111980
50001,2025,3,114947
50001,2025,4,117911
50006,2022,1,17818
50006,2022,2,17908
50006,2022,3,18189
50006,2022,4,18587
50006,2023,1,19217
50006,2023,2,18687
50006,2023,3,18758
50006,2023,4,19357
50006,2024,1,19686
50006,2024,2,20121
50006,2024,3,21006
50006,2024,4,20984
50006,2025,1,21480
50006,2025,2,22295
50006,2025,3,22451
50006,2025,4,23020
50110,2022,1,182
50110,2022,2,216
50110,2022,3,210
50110,2022,4,189
50110,2023,1,199
50110,2023,2,207
50110,2023,3,186
50110,2023,4,214
50110,2024,1,246
50110,2024,2,228
50110,2024,3,218
50110,2024,4,227
50110,2025,1,319
50110,2025,2,446
50110,2025,3,528
50110,2025,4,571
50124,2022,1,112
50124,2022,2,109
50124,2022,3,105
50124,2022,4,106
50124,2023,1,174
50124,2023,2,196
50124,2023,3,214
50124,2023,4,219
50124,2024,1,234
50124,2024,2,224
50124,2024,3,234
50124,2024,4,224
50124,2025,1,506
50124,2025,2,426
50124,2025,3,424
50124,2025,4,435
50150,2022,1,840
50150,2022,2,993
50150,2022,3,812
50150,2022,4,475
50150,2023,1,248
50150,2023,2,755
50150,2023,3,709
50150,2023,4,158
50150,2024,1,143
50150,2024,2,130
50150,2024,3,118
50150,2024,4,547
50150,2025,1,544
50150,2025,2,1523
50150,2025,3,2338
50150,2025,4,829
50223,2022,1,5
50223,2022,2,2
50223,2022,3,3
50223,2022,4,2
50223,2023,1,2
50223,2023,2,2
50223,2023,3,1
50223,2023,4,1
50223,2024,1,91
50223,2024,2,1
50223,2024,3,1
50223,2024,4,29
50223,2025,1,107
50223,2025,2,327
50223,2025,3,451
50223,2025,4,489
50226,2022,1,2661
50226,2022,2,2647
50226,2022,3,2735
50226,2022,4,2544
50226,2023,1,3097
50226,2023,2,3236
50226,2023,3,3287
50226,2023,4,2843
50226,2024,1,3425
50226,2024,2,3506
50226,2024,3,3466
50226,2024,4,3562
50226,2025,1,3820
50226,2025,2,3747
50226,2025,3,3918
50226,2025,4,4004
50245,2022,1,2
50245,2022,2,2
50245,2022,3,2
50245,2022,4,2
50245,2023,1,2
50245,2023,2,2
50245,2023,3,2
50245,2023,4,2
50245,2024,1,2
50245,2024,2,1
50245,2024,3,1
50245,2024,4,2
50245,2025,1,22
50245,2025,2,23
50245,2025,3,26
50245,2025,4,28
50251,2022,1,3
50251,2022,2,3
50251,2022,3,3
50251,2022,4,3
50251,2023,1,1
50251,2023,4,2
50251,2024,1,110
50251,2024,2,56
50251,2024,3,2
50251,2024,4,169
50251,2025,1,136
50251,2025,2,654
50251,2025,3,531
50251,2025,4,974
50270,2022,1,3
50270,2022,2,3
50270,2022,3,2
50270,2022,4,2
50270,2023,1,1
50270,2023,2,1
50270,2023,3,1
50270,2023,4,1
50270,2024,1,39
50270,2024,2,7
50270,2025,2,244
50270,2025,3,381
50270,2025,4,371
50287,2022,1,23
50287,2022,2,16
50287,2022,3,12
50287,2022,4,11
50287,2023,1,11
50287,2023,2,12
50287,2023,3,12
50287,2023,4,11
50287,2024,1,9
50287,2024,2,9
50287,2024,3,9
50287,2024,4,7
50287,2025,1,104
50287,2025,2,201
50287,2025,3,184
50287,2025,4,214
50313,2022,1,1509
50313,2022,2,1360
50313,2022,3,1281
50313,2022,4,2343
50313,2023,1,2149
50313,2023,2,5010
50313,2023,3,2131
50313,2023,4,2027
50313,2024,1,1437
50313,2024,2,1534
50313,2024,3,1511
50313,2024,4,1818
50313,2025,1,2602
50313,2025,2,3686
50313,2025,3,7617
50313,2025,4,5428
50318,2022,1,555
50318,2022,2,513
50318,2022,3,731
50318,2022,4,1205
50318,2023,1,647
50318,2023,2,729
50318,2023,3,1058
50318,2023,4,871
50318,2024,1,1007
50318,2024,2,935
50318,2024,3,935
50318,2024,4,2135
50318,2025,1,1106
50318,2025,2,2184
50318,2025,3,2231
50318,2025,4,1350
50325,2024,1,22
50325,2024,2,37
50325,2024,3,34
50325,2024,4,70
50325,2025,1,285
50325,2025,2,349
50325,2025,3,381
50325,2025,4,178
50330,2022,1,183
50330,2022,2,174
50330,2022,3,225
50330,2022,4,475
50330,2023,1,466
50330,2023,2,429
50330,2023,3,391
50330,2023,4,390
50330,2024,1,562
50330,2024,2,800
50330,2024,3,753
50330,2024,4,607
50330,2025,1,668
50330,2025,2,698
50330,2025,3,703
50330,2025,4,699
50350,2022,1,631
50350,2022,2,334
50350,2022,3,514
50350,2022,4,435
50350,2023,1,291
50350,2023,2,475
50350,2023,3,527
50350,2023,4,419
50350,2024,1,379
50350,2024,2,531
50350,2024,3,359
50350,2024,4,342
50350,2025,1,223
50350,2025,2,214
50350,2025,3,210
50350,2025,4,174
50370,2022,1,161
50370,2022,2,145
50370,2022,3,174
50370,2022,4,175
50370,2023,1,177
50370,2023,2,193
50370,2023,3,209
50370,2023,4,214
50370,2024,1,423
50370,2024,2,487
50370,2024,3,453
50370,2024,4,323
50370,2025,1,210
50370,2025,2,141
50370,2025,3,74
50370,2025,4,62
50400,2022,1,197
50400,2022,2,191
50400,2022,3,189
50400,2022,4,171
50400,2023,1,131
50400,2023,2,109
50400,2023,3,110
50400,2023,4,168
50400,2024,1,148
50400,2024,2,549
50400,2024,3,1414
50400,2024,4,1545
50400,2025,1,764
50400,2025,2,948
50400,2025,3,1074
50400,2025,4,894
50450,2022,2,1
50450,2022,3,1
50450,2023,4,1
50450,2025,1,30
50450,2025,2,122
50450,2025,3,122
50450,2025,4,123
50568,2022,1,3243
50568,2022,2,3868
50568,2022,3,3797
50568,2022,4,2009
50568,2023,1,3811
50568,2023,2,3063
50568,2023,3,2903
50568,2023,4,3900
50568,2024,1,3035
50568,2024,2,2328
50568,2024,3,2683
50568,2024,4,3139
50568,2025,1,1539
50568,2025,2,2544
50568,2025,3,2986
50568,2025,4,2672
50573,2022,1,2500
50573,2022,2,2374
50573,2022,3,2327
50573,2022,4,2318
50573,2023,1,1811
50573,2023,2,2343
50573,2023,3,2349
50573,2023,4,1492
50573,2024,1,1339
50573,2024,2,1465
50573,2024,3,1315
50573,2024,4,1818
50573,2025,1,1688
50573,2025,2,2294
50573,2025,3,2334
50573,2025,4,2330
50577,2022,3,1
50577,2022,4,1
50577,2023,1,1
50577,2023,2,2
50577,2023,3,2
50577,2023,4,1
50577,2025,1,61
50577,2025,2,153
50577,2025,3,153
50577,2025,4,154
50590,2022,1,15
50590,2022,2,15
50590,2022,3,2
50590,2022,4,2
50590,2023,1,1
50590,2023,2,1
50590,2023,3,1
50590,2023,4,1
50590,2024,1,64
50590,2024,2,44
50590,2024,3,39
50590,2025,1,116
50590,2025,2,185
50590,2025,3,203
50590,2025,4,185
50606,2022,1,2833
50606,2022,2,2785
50606,2022,3,2879
50606,2022,4,3007
50606,2023,1,3459
50606,2023,2,3719
50606,2023,3,3739
50606,2023,4,3414
50606,2024,1,4017
50606,2024,2,4020
50606,2024,3,3946
50606,2024,4,4140
50606,2025,1,4273
50606,2025,2,4394
50606,2025,3,4516
50606,2025,4,4597
50680,2022,1,157
50680,2022,2,130
50680,2022,3,130
50680,2022,4,123
50680,2023,1,156
50680,2023,2,215
50680,2023,3,198
50680,2023,4,119
50680,2024,1,76
50680,2024,2,11
50680,2024,3,8
50680,2024,4,111
50680,2025,1,154
50680,2025,2,154
50680,2025,3,159
50680,2025,4,156
50683,2022,1,15
50683,2022,2,15
50683,2022,3,14
50683,2022,4,13
50683,2023,1,19
50683,2023,2,20
50683,2023,3,20
50683,2023,4,20
50683,2024,1,39
50683,2024,2,95
50683,2024,3,90
50683,2024,4,30
50683,2025,1,39
50683,2025,2,71
50683,2025,3,67
50683,2025,4,68
50686,2024,1,1
50686,2025,1,17
50686,2025,2,23
50686,2025,3,23
50686,2025,4,24
50689,2022,1,1268
50689,2022,2,1065
50689,2022,3,972
50689,2022,4,880
50689,2023,1,784
50689,2023,2,732
50689,2023,3,804
50689,2023,4,906
50689,2024,1,980
50689,2024,2,935
50689,2024,3,921
50689,2024,4,870
50689,2025,1,1153
50689,2025,2,1118
50689,2025,3,1119
50689,2025,4,1188
50711,2022,1,7
50711,2022,2,5
50711,2022,3,3
50711,2022,4,3
50711,2023,1,2
50711,2023,2,1
50711,2023,3,3
50711,2023,4,1
50711,2024,1,508
50711,2024,2,575
50711,2024,3,476
50711,2024,4,47
50711,2025,1,119
50711,2025,2,258
50711,2025,3,258
50711,2025,4,266
52001,2022,1,77680
52001,2022,2,77180
52001,2022,3,77499
52001,2022,4,78105
52001,2023,1,79820
52001,2023,2,80248
52001,2023,3,78646
52001,2023,4,79971
52001,2024,1,77875
52001,2024,2,76238
52001,2024,3,76236
52001,2024,4,74821
52001,2025,1,75374
52001,2025,2,74577
52001,2025,3,82123
52001,2025,4,83350
52019,2022,1,281
52019,2022,2,281
52019,2022,3,287
52019,2022,4,286
52019,2023,1,288
52019,2023,2,390
52019,2023,3,272
52019,2023,4,532
52019,2024,1,410
52019,2024,2,404
52019,2024,3,523
52019,2024,4,340
52019,2025,1,322
52019,2025,2,308
52019,2025,3,450
52019,2025,4,520
52022,2022,1,3
52022,2022,2,3
52022,2022,3,5
52022,2022,4,5
52022,2023,1,92
52022,2023,2,4
52022,2023,3,5
52022,2023,4,4
52022,2024,1,4
52022,2024,2,8
52022,2024,3,420
52022,2024,4,8
52022,2025,1,8
52022,2025,2,9
52022,2025,3,482
52022,2025,4,557
52036,2022,1,2
52036,2022,2,1
52036,2022,3,1
52036,2022,4,118
52036,2023,1,157
52036,2023,2,217
52036,2023,3,227
52036,2023,4,361
52036,2024,1,350
52036,2024,2,385
52036,2024,3,408
52036,2024,4,437
52036,2025,1,436
52036,2025,2,472
52036,2025,3,501
52036,2025,4,514
52051,2022,1,36
52051,2022,2,81
52051,2022,3,82
52051,2022,4,74
52051,2023,1,66
52051,2023,2,64
52051,2023,3,66
52051,2023,4,113
52051,2024,1,112
52051,2024,2,128
52051,2024,3,127
52051,2024,4,67
52051,2025,1,66
52051,2025,2,67
52051,2025,3,268
52051,2025,4,112
52079,2022,1,482
52079,2022,2,479
52079,2022,3,497
52079,2022,4,485
52079,2023,1,478
52079,2023,2,477
52079,2023,3,472
52079,2023,4,494
52079,2024,1,472
52079,2024,2,483
52079,2024,3,490
52079,2024,4,475
52079,2025,1,490
52079,2025,2,515
52079,2025,3,505
52079,2025,4,526
52083,2022,1,153
52083,2022,2,161
52083,2022,3,66
52083,2022,4,268
52083,2023,1,153
52083,2023,2,165
52083,2023,3,243
52083,2023,4,2400
52083,2024,1,178
52083,2024,2,174
52083,2024,3,304
52083,2024,4,180
52083,2025,1,184
52083,2025,2,211
52083,2025,3,249
52083,2025,4,232
52110,2022,1,905
52110,2022,2,918
52110,2022,3,736
52110,2022,4,880
52110,2023,1,976
52110,2023,2,992
52110,2023,3,1087
52110,2023,4,1447
52110,2024,1,1304
52110,2024,2,1224
52110,2024,3,1455
52110,2024,4,1167
52110,2025,1,1311
52110,2025,2,1522
52110,2025,3,2222
52110,2025,4,1883
52203,2022,1,101
52203,2022,2,120
52203,2022,3,160
52203,2022,4,161
52203,2023,1,153
52203,2023,2,159
52203,2023,3,269
52203,2023,4,161
52203,2024,1,160
52203,2024,2,172
52203,2024,3,179
52203,2024,4,172
52203,2025,1,163
52203,2025,2,174
52203,2025,3,393
52203,2025,4,389
52207,2022,1,154
52207,2022,2,154
52207,2022,3,158
52207,2022,4,162
52207,2023,1,371
52207,2023,2,459
52207,2023,3,471
52207,2023,4,466
52207,2024,1,368
52207,2024,2,529
52207,2024,3,533
52207,2024,4,564
52207,2025,1,792
52207,2025,2,865
52207,2025,3,903
52207,2025,4,854
52210,2022,1,285
52210,2022,2,293
52210,2022,3,300
52210,2022,4,299
52210,2023,1,298
52210,2023,2,297
52210,2023,3,297
52210,2023,4,327
52210,2024,1,259
52210,2024,2,260
52210,2024,3,267
52210,2024,4,241
52210,2025,1,273
52210,2025,2,270
52210,2025,3,460
52210,2025,4,518
52215,2022,1,141
52215,2022,2,119
52215,2022,3,93
52215,2022,4,295
52215,2023,1,149
52215,2023,2,169
52215,2023,3,156
52215,2023,4,198
52215,2024,1,145
52215,2024,2,145
52215,2024,3,225
52215,2024,4,133
52215,2025,1,132
52215,2025,2,126
52215,2025,3,263
52215,2025,4,293
52224,2023,1,303
52224,2023,2,76
52224,2023,3,91
52224,2023,4,78
52224,2024,1,78
52224,2024,2,78
52224,2024,3,80
52224,2024,4,120
52224,2025,1,120
52224,2025,2,144
52224,2025,3,603
52224,2025,4,678
52227,2022,1,75
52227,2022,2,126
52227,2022,3,134
52227,2022,4,122
52227,2023,1,132
52227,2023,2,156
52227,2023,3,163
52227,2023,4,161
52227,2024,1,176
52227,2024,2,191
52227,2024,3,193
52227,2024,4,458
52227,2025,1,472
52227,2025,2,466
52227,2025,3,1083
52227,2025,4,1299
52233,2022,1,13
52233,2022,2,14
52233,2022,3,13
52233,2022,4,16
52233,2023,1,29
52233,2023,2,32
52233,2023,3,28
52233,2023,4,23
52233,2024,1,222
52233,2024,2,217
52233,2024,3,50
52233,2024,4,280
52233,2025,1,301
52233,2025,2,317
52233,2025,3,357
52233,2025,4,343
52240,2022,1,1732
52240,2022,2,1843
52240,2022,3,1655
52240,2022,4,1993
52240,2023,1,1501
52240,2023,2,1470
52240,2023,3,1494
52240,2023,4,1572
52240,2024,1,1452
52240,2024,2,1464
52240,2024,3,1407
52240,2024,4,1286
52240,2025,1,1344
52240,2025,2,1275
52240,2025,3,1300
52240,2025,4,1236
52250,2022,1,137
52250,2022,2,137
52250,2022,3,122
52250,2022,4,118
52250,2023,1,120
52250,2023,2,110
52250,2023,3,100
52250,2023,4,96
52250,2024,1,90
52250,2024,2,442
52250,2024,3,538
52250,2024,4,64
52250,2025,1,54
52250,2025,2,764
52250,2025,3,558
52250,2025,4,384
52254,2022,1,373
52254,2022,2,380
52254,2022,3,396
52254,2022,4,398
52254,2023,1,414
52254,2023,2,449
52254,2023,3,465
52254,2023,4,475
52254,2024,1,478
52254,2024,2,484
52254,2024,3,496
52254,2024,4,519
52254,2025,1,575
52254,2025,2,542
52254,2025,3,586
52254,2025,4,599
52256,2022,1,135
52256,2022,2,150
52256,2022,3,173
52256,2022,4,212
52256,2023,1,212
52256,2023,2,211
52256,2023,3,206
52256,2023,4,195
52256,2024,1,486
52256,2024,2,473
52256,2024,3,351
52256,2024,4,486
52256,2025,1,525
52256,2025,2,514
52256,2025,3,551
52256,2025,4,559
52258,2022,1,364
52258,2022,2,266
52258,2022,3,399
52258,2022,4,395
52258,2023,1,401
52258,2023,2,714
52258,2023,3,409
52258,2023,4,744
52258,2024,1,543
52258,2024,2,545
52258,2024,3,643
52258,2024,4,391
52258,2025,1,366
52258,2025,2,341
52258,2025,3,613
52258,2025,4,389
52260,2022,1,1221
52260,2022,2,1343
52260,2022,3,1170
52260,2022,4,1391
52260,2023,1,1247
52260,2023,2,1277
52260,2023,3,1339
52260,2023,4,1459
52260,2024,1,1329
52260,2024,2,1388
52260,2024,3,1403
52260,2024,4,1183
52260,2025,1,1216
52260,2025,2,1226
52260,2025,3,1224
52260,2025,4,1255
52287,2022,1,49
52287,2022,2,44
52287,2022,3,43
52287,2022,4,62
52287,2023,1,61
52287,2023,2,66
52287,2023,3,73
52287,2023,4,78
52287,2024,1,76
52287,2024,2,80
52287,2024,3,83
52287,2024,4,81
52287,2025,1,148
52287,2025,2,150
52287,2025,3,139
52287,2025,4,140
52317,2022,1,293
52317,2022,2,281
52317,2022,3,299
52317,2022,4,308
52317,2023,1,838
52317,2023,2,436
52317,2023,3,533
52317,2023,4,562
52317,2024,1,416
52317,2024,2,575
52317,2024,3,599
52317,2024,4,322
52317,2025,1,575
52317,2025,2,588
52317,2025,3,1404
52317,2025,4,1497
52320,2022,1,227
52320,2022,2,228
52320,2022,3,220
52320,2022,4,219
52320,2023,1,234
52320,2023,2,298
52320,2023,3,360
52320,2023,4,366
52320,2024,1,272
52320,2024,2,387
52320,2024,3,360
52320,2024,4,273
52320,2025,1,368
52320,2025,2,382
52320,2025,3,390
52320,2025,4,397
52323,2022,1,163
52323,2022,2,153
52323,2022,3,152
52323,2022,4,141
52323,2023,1,135
52323,2023,2,133
52323,2023,3,123
52323,2023,4,123
52323,2024,1,119
52323,2024,2,123
52323,2024,3,124
52323,2024,4,120
52323,2025,1,125
52323,2025,2,122
52323,2025,3,445
52323,2025,4,477
52352,2022,1,288
52352,2022,2,285
52352,2022,3,290
52352,2022,4,277
52352,2023,1,272
52352,2023,2,274
52352,2023,3,276
52352,2023,4,283
52352,2024,1,273
52352,2024,2,279
52352,2024,3,244
52352,2024,4,235
52352,2025,1,230
52352,2025,2,234
52352,2025,3,233
52352,2025,4,224
52354,2022,1,367
52354,2022,2,351
52354,2022,3,335
52354,2022,4,349
52354,2023,1,325
52354,2023,2,416
52354,2023,3,499
52354,2023,4,506
52354,2024,1,340
52354,2024,2,587
52354,2024,3,685
52354,2024,4,493
52354,2025,1,612
52354,2025,2,641
52354,2025,3,674
52354,2025,4,655
52356,2022,1,6901
52356,2022,2,7003
52356,2022,3,7174
52356,2022,4,7298
52356,2023,1,9917
52356,2023,2,7385
52356,2023,3,6947
52356,2023,4,7475
52356,2024,1,8503
52356,2024,2,7808
52356,2024,3,7952
52356,2024,4,7827
52356,2025,1,7951
52356,2025,2,7702
52356,2025,3,9471
52356,2025,4,9436
52378,2022,1,959
52378,2022,2,1314
52378,2022,3,1107
52378,2022,4,1390
52378,2023,1,1282
52378,2023,2,1342
52378,2023,3,2096
52378,2023,4,1422
52378,2024,1,1227
52378,2024,2,1123
52378,2024,3,1154
52378,2024,4,1023
52378,2025,1,1016
52378,2025,2,1247
52378,2025,3,2098
52378,2025,4,1645
52381,2022,1,272
52381,2022,2,522
52381,2022,3,358
52381,2022,4,286
52381,2023,1,281
52381,2023,2,203
52381,2023,3,584
52381,2023,4,573
52381,2024,1,218
52381,2024,2,370
52381,2024,3,356
52381,2024,4,315
52381,2025,1,388
52381,2025,2,366
52381,2025,3,380
52381,2025,4,470
52385,2022,1,559
52385,2022,2,549
52385,2022,3,551
52385,2022,4,568
52385,2023,1,565
52385,2023,2,593
52385,2023,3,605
52385,2023,4,623
52385,2024,1,646
52385,2024,2,603
52385,2024,3,601
52385,2024,4,630
52385,2025,1,665
52385,2025,2,654
52385,2025,3,687
52385,2025,4,679
52390,2022,1,15
52390,2022,2,15
52390,2022,3,15
52390,2022,4,12
52390,2023,1,12
52390,2023,2,10
52390,2023,3,8
52390,2023,4,5
52390,2024,1,5
52390,2024,2,5
52390,2024,3,5
52390,2024,4,5
52390,2025,1,4
52390,2025,2,1
52390,2025,3,1
52399,2022,1,417
52399,2022,2,473
52399,2022,3,487
52399,2022,4,446
52399,2023,1,474
52399,2023,2,566
52399,2023,3,693
52399,2023,4,820
52399,2024,1,675
52399,2024,2,875
52399,2024,3,716
52399,2024,4,983
52399,2025,1,1547
52399,2025,2,2060
52399,2025,3,2785
52399,2025,4,2906
52405,2022,1,46
52405,2022,2,99
52405,2022,3,174
52405,2022,4,200
52405,2023,1,179
52405,2023,2,181
52405,2023,3,166
52405,2023,4,163
52405,2024,1,164
52405,2024,2,167
52405,2024,3,117
52405,2024,4,109
52405,2025,1,96
52405,2025,2,93
52405,2025,3,90
52405,2025,4,95
52411,2022,1,183
52411,2022,2,185
52411,2022,3,197
52411,2022,4,194
52411,2023,1,196
52411,2023,2,196
52411,2023,3,257
52411,2023,4,262
52411,2024,1,220
52411,2024,2,217
52411,2024,3,218
52411,2024,4,223
52411,2025,1,226
52411,2025,2,222
52411,2025,3,222
52411,2025,4,225
52418,2022,1,614
52418,2022,2,505
52418,2022,3,445
52418,2022,4,721
52418,2023,1,633
52418,2023,2,767
52418,2023,3,715
52418,2023,4,796
52418,2024,1,678
52418,2024,2,672
52418,2024,3,744
52418,2024,4,377
52418,2025,1,538
52418,2025,2,544
52418,2025,3,559
52418,2025,4,644
52427,2022,1,44
52427,2022,2,40
52427,2022,3,41
52427,2022,4,253
52427,2023,1,258
52427,2023,2,244
52427,2023,3,239
52427,2023,4,242
52427,2024,1,202
52427,2024,2,230
52427,2024,3,229
52427,2024,4,210
52427,2025,1,156
52427,2025,2,160
52427,2025,3,128
52427,2025,4,110
52435,2022,1,192
52435,2022,2,681
52435,2022,3,680
52435,2022,4,675
52435,2023,1,682
52435,2023,2,591
52435,2023,3,413
52435,2023,4,412
52435,2024,1,366
52435,2024,2,400
52435,2024,3,396
52435,2024,4,389
52435,2025,1,389
52435,2025,2,388
52435,2025,3,388
52435,2025,4,388
52473,2022,1,57
52473,2022,2,57
52473,2022,3,57
52473,2022,4,55
52473,2023,1,47
52473,2023,2,39
52473,2023,3,40
52473,2023,4,36
52473,2024,1,34
52473,2024,2,29
52473,2024,3,29
52473,2024,4,22
52473,2025,1,21
52473,2025,2,20
52473,2025,3,20
52473,2025,4,18
52480,2022,1,313
52480,2022,2,316
52480,2022,3,324
52480,2022,4,315
52480,2023,1,316
52480,2023,2,314
52480,2023,3,405
52480,2023,4,495
52480,2024,1,347
52480,2024,2,459
52480,2024,3,511
52480,2024,4,577
52480,2025,1,693
52480,2025,2,639
52480,2025,3,591
52480,2025,4,755
52490,2022,1,79
52490,2022,2,72
52490,2022,3,67
52490,2022,4,57
52490,2023,1,51
52490,2023,2,48
52490,2023,3,44
52490,2023,4,40
52490,2024,1,39
52490,2024,2,38
52490,2024,3,33
52490,2024,4,34
52490,2025,1,28
52490,2025,2,28
52490,2025,3,23
52490,2025,4,11
52506,2022,1,259
52506,2022,2,254
52506,2022,3,253
52506,2022,4,263
52506,2023,1,285
52506,2023,2,283
52506,2023,3,316
52506,2023,4,325
52506,2024,1,271
52506,2024,2,316
52506,2024,3,356
52506,2024,4,323
52506,2025,1,343
52506,2025,2,349
52506,2025,3,361
52506,2025,4,360
52520,2022,1,7
52520,2022,2,6
52520,2022,3,6
52520,2022,4,6
52520,2023,1,6
52520,2023,2,5
52520,2023,3,4
52520,2023,4,4
52520,2024,1,5
52520,2024,2,5
52520,2024,3,4
52520,2024,4,3
52520,2025,1,3
52520,2025,2,227
52520,2025,3,2
52520,2025,4,1
52540,2022,1,409
52540,2022,2,475
52540,2022,3,472
52540,2022,4,485
52540,2023,1,410
52540,2023,2,1021
52540,2023,3,995
52540,2023,4,1172
52540,2024,1,1089
52540,2024,2,956
52540,2024,3,434
52540,2024,4,1133
52540,2025,1,1149
52540,2025,2,1238
52540,2025,3,1375
52540,2025,4,1430
52560,2022,1,11
52560,2022,2,11
52560,2022,3,11
52560,2022,4,10
52560,2023,1,27
52560,2023,2,15
52560,2023,3,14
52560,2023,4,14
52560,2024,1,16
52560,2024,2,15
52560,2024,3,21
52560,2024,4,15
52560,2025,1,19
52560,2025,2,21
52560,2025,3,24
52560,2025,4,24
52565,2022,1,44
52565,2022,2,43
52565,2022,3,43
52565,2022,4,42
52565,2023,1,39
52565,2023,2,42
52565,2023,3,103
52565,2023,4,100
52565,2024,1,157
52565,2024,2,159
52565,2024,3,170
52565,2024,4,176
52565,2025,1,181
52565,2025,2,187
52565,2025,3,186
52565,2025,4,189
52573,2022,1,75
52573,2022,2,66
52573,2022,3,67
52573,2022,4,65
52573,2023,1,62
52573,2023,2,59
52573,2023,3,57
52573,2023,4,99
52573,2024,1,52
52573,2024,2,46
52573,2024,3,51
52573,2024,4,44
52573,2025,1,49
52573,2025,2,48
52573,2025,3,270
52573,2025,4,291
52585,2022,1,240
52585,2022,2,242
52585,2022,3,306
52585,2022,4,399
52585,2023,1,674
52585,2023,2,270
52585,2023,3,459
52585,2023,4,491
52585,2024,1,651
52585,2024,2,673
52585,2024,3,643
52585,2024,4,582
52585,2025,1,599
52585,2025,2,651
52585,2025,3,1912
52585,2025,4,1580
52612,2022,1,33
52612,2022,2,25
52612,2022,3,19
52612,2022,4,17
52612,2023,1,9
52612,2023,2,8
52612,2023,3,98
52612,2023,4,166
52612,2024,1,240
52612,2024,2,920
52612,2024,3,965
52612,2024,4,1088
52612,2025,1,1175
52612,2025,2,1394
52612,2025,3,1651
52612,2025,4,1764
52621,2022,1,118
52621,2022,2,102
52621,2022,3,90
52621,2022,4,201
52621,2023,1,186
52621,2023,2,186
52621,2023,3,175
52621,2023,4,173
52621,2024,1,167
52621,2024,2,155
52621,2024,3,124
52621,2024,4,90
52621,2025,1,55
52621,2025,2,45
52621,2025,3,41
52621,2025,4,34
52678,2022,1,108
52678,2022,2,81
52678,2022,3,135
52678,2022,4,217
52678,2023,1,196
52678,2023,2,196
52678,2023,3,424
52678,2023,4,399
52678,2024,1,276
52678,2024,2,255
52678,2024,3,269
52678,2024,4,274
52678,2025,1,329
52678,2025,2,336
52678,2025,3,517
52678,2025,4,582
52683,2022,1,747
52683,2022,2,725
52683,2022,3,708
52683,2022,4,1085
52683,2023,1,883
52683,2023,2,232
52683,2023,3,298
52683,2023,4,300
52683,2024,1,724
52683,2024,2,898
52683,2024,3,2020
52683,2024,4,1020
52683,2025,1,838
52683,2025,2,701
52683,2025,3,623
52683,2025,4,588
52685,2022,1,394
52685,2022,2,401
52685,2022,3,401
52685,2022,4,407
52685,2023,1,401
52685,2023,2,410
52685,2023,3,424
52685,2023,4,846
52685,2024,1,551
52685,2024,2,556
52685,2024,3,633
52685,2024,4,555
52685,2025,1,557
52685,2025,2,555
52685,2025,3,751
52685,2025,4,704
52687,2022,1,336
52687,2022,2,345
52687,2022,3,383
52687,2022,4,386
52687,2023,1,389
52687,2023,2,399
52687,2023,3,399
52687,2023,4,536
52687,2024,1,526
52687,2024,2,548
52687,2024,3,613
52687,2024,4,512
52687,2025,1,548
52687,2025,2,551
52687,2025,3,806
52687,2025,4,597
52693,2022,1,356
52693,2022,2,511
52693,2022,3,488
52693,2022,4,474
52693,2023,1,470
52693,2023,2,439
52693,2023,3,768
52693,2023,4,422
52693,2024,1,314
52693,2024,2,326
52693,2024,3,344
52693,2024,4,344
52693,2025,1,358
52693,2025,2,466
52693,2025,3,817
52693,2025,4,1156
52694,2022,1,1
52694,2022,2,2
52694,2022,3,1
52694,2023,4,190
52694,2024,1,177
52694,2024,2,145
52694,2024,3,482
52694,2024,4,14
52694,2025,1,24
52694,2025,2,17
52694,2025,3,198
52694,2025,4,30
52696,2022,1,52
52696,2022,2,29
52696,2022,3,26
52696,2022,4,30
52696,2023,1,32
52696,2023,2,46
52696,2023,3,72
52696,2023,4,63
52696,2024,1,73
52696,2024,2,85
52696,2024,3,73
52696,2024,4,127
52696,2025,1,75
52696,2025,2,96
52696,2025,3,100
52696,2025,4,100
52699,2022,1,17
52699,2022,2,20
52699,2022,3,21
52699,2022,4,19
52699,2023,1,18
52699,2023,2,18
52699,2023,3,311
52699,2023,4,311
52699,2024,1,891
52699,2024,2,880
52699,2024,3,823
52699,2024,4,822
52699,2025,1,699
52699,2025,2,698
52699,2025,3,726
52699,2025,4,723
52720,2022,1,49
52720,2022,2,46
52720,2022,3,114
52720,2022,4,142
52720,2023,1,252
52720,2023,2,307
52720,2023,3,361
52720,2023,4,372
52720,2024,1,308
52720,2024,2,423
52720,2024,3,486
52720,2024,4,365
52720,2025,1,488
52720,2025,2,496
52720,2025,3,523
52720,2025,4,523
52786,2022,1,554
52786,2022,2,572
52786,2022,3,571
52786,2022,4,594
52786,2023,1,605
52786,2023,2,626
52786,2023,3,638
52786,2023,4,660
52786,2024,1,851
52786,2024,2,855
52786,2024,3,1249
52786,2024,4,915
52786,2025,1,1011
52786,2025,2,1180
52786,2025,3,1194
52786,2025,4,1525
52788,2022,1,229
52788,2022,2,237
52788,2022,3,240
52788,2022,4,245
52788,2023,1,248
52788,2023,2,249
52788,2023,3,240
52788,2023,4,229
52788,2024,1,220
52788,2024,2,224
52788,2024,3,220
52788,2024,4,247
52788,2025,1,306
52788,2025,2,335
52788,2025,3,352
52788,2025,4,344
52835,2022,1,8133
52835,2022,2,7776
52835,2022,3,7839
52835,2022,4,7915
52835,2023,1,7482
52835,2023,2,7754
52835,2023,3,7047
52835,2023,4,7481
52835,2024,1,6050
52835,2024,2,5988
52835,2024,3,5862
52835,2024,4,2893
52835,2025,1,3567
52835,2025,2,4224
52835,2025,3,5888
52835,2025,4,3433
52838,2022,1,867
52838,2022,2,890
52838,2022,3,1111
52838,2022,4,1698
52838,2023,1,2606
52838,2023,2,2481
52838,2023,3,2731
52838,2023,4,2998
52838,2024,1,2551
52838,2024,2,3421
52838,2024,3,3695
52838,2024,4,2719
52838,2025,1,3414
52838,2025,2,3556
52838,2025,3,3705
52838,2025,4,3730
52885,2022,1,469
52885,2022,2,473
52885,2022,3,487
52885,2022,4,492
52885,2023,1,469
52885,2023,2,481
52885,2023,3,790
52885,2023,4,574
52885,2024,1,595
52885,2024,2,644
52885,2024,3,705
52885,2024,4,643
52885,2025,1,746
52885,2025,2,763
52885,2025,3,860
52885,2025,4,850
54001,2022,1,111620
54001,2022,2,114405
54001,2022,3,114739
54001,2022,4,109595
54001,2023,1,110700
54001,2023,2,108506
54001,2023,3,110463
54001,2023,4,114444
54001,2024,1,108331
54001,2024,2,107006
54001,2024,3,106704
54001,2024,4,112261
54001,2025,1,115451
54001,2025,2,119440
54001,2025,3,129328
54001,2025,4,132385
54003,2022,1,837
54003,2022,2,1727
54003,2022,3,1665
54003,2022,4,1705
54003,2023,1,1530
54003,2023,2,1696
54003,2023,3,1796
54003,2023,4,1636
54003,2024,1,1426
54003,2024,2,1878
54003,2024,3,2166
54003,2024,4,2053
54003,2025,1,2185
54003,2025,2,2567
54003,2025,3,2522
54003,2025,4,3110
54051,2022,1,245
54051,2022,2,362
54051,2022,3,389
54051,2022,4,276
54051,2023,1,362
54051,2023,2,402
54051,2023,3,420
54051,2023,4,415
54051,2024,1,459
54051,2024,2,477
54051,2024,3,449
54051,2024,4,505
54051,2025,1,498
54051,2025,2,532
54051,2025,3,554
54051,2025,4,312
54099,2022,1,228
54099,2022,2,383
54099,2022,3,401
54099,2022,4,223
54099,2023,1,373
54099,2023,2,354
54099,2023,3,358
54099,2023,4,352
54099,2024,1,532
54099,2024,2,350
54099,2024,3,521
54099,2024,4,467
54099,2025,1,494
54099,2025,2,491
54099,2025,3,519
54099,2025,4,186
54109,2022,1,23
54109,2022,2,19
54109,2022,3,18
54109,2022,4,17
54109,2023,1,16
54109,2023,2,15
54109,2023,3,15
54109,2023,4,14
54109,2024,1,13
54109,2024,2,11
54109,2024,3,9
54109,2024,4,64
54109,2025,1,68
54109,2025,2,68
54109,2025,3,66
54109,2025,4,157
54125,2022,1,5
54125,2022,2,58
54125,2022,3,57
54125,2022,4,5
54125,2023,1,76
54125,2023,2,75
54125,2023,3,56
54125,2023,4,73
54125,2024,1,73
54125,2024,2,71
54125,2024,3,72
54125,2024,4,72
54125,2025,1,85
54125,2025,2,85
54125,2025,3,117
54125,2025,4,1
54128,2022,1,8
54128,2022,2,7
54128,2022,3,7
54128,2022,4,10
54128,2023,1,10
54128,2023,2,176
54128,2023,3,9
54128,2023,4,10
54128,2024,1,40
54128,2024,2,41
54128,2024,3,49
54128,2024,4,71
54128,2025,1,360
54128,2025,2,368
54128,2025,3,382
54128,2025,4,419
54172,2022,1,1571
54172,2022,2,1510
54172,2022,3,1404
54172,2022,4,1366
54172,2023,1,654
54172,2023,2,1516
54172,2023,3,1505
54172,2023,4,1834
54172,2024,1,1642
54172,2024,2,1787
54172,2024,3,1273
54172,2024,4,1167
54172,2025,1,1267
54172,2025,2,1339
54172,2025,3,1373
54172,2025,4,1594
54174,2022,1,6
54174,2022,2,205
54174,2022,3,204
54174,2022,4,7
54174,2023,1,158
54174,2023,2,162
54174,2023,3,198
54174,2023,4,154
54174,2024,1,144
54174,2024,2,168
54174,2024,3,150
54174,2024,4,162
54174,2025,1,162
54174,2025,2,163
54174,2025,3,153
54174,2025,4,18
54206,2022,1,52
54206,2022,2,52
54206,2022,3,50
54206,2022,4,50
54206,2023,1,42
54206,2023,2,43
54206,2023,3,45
54206,2023,4,39
54206,2024,1,35
54206,2024,2,29
54206,2024,3,31
54206,2024,4,29
54206,2025,1,28
54206,2025,2,26
54206,2025,3,22
54206,2025,4,19
54223,2022,1,16
54223,2022,2,158
54223,2022,3,159
54223,2022,4,12
54223,2023,1,155
54223,2023,2,157
54223,2023,3,155
54223,2023,4,156
54223,2024,1,155
54223,2024,2,163
54223,2024,3,159
54223,2024,4,157
54223,2025,1,125
54223,2025,2,123
54223,2025,3,167
54223,2025,4,8
54239,2022,1,24
54239,2022,2,210
54239,2022,3,206
54239,2022,4,17
54239,2023,1,252
54239,2023,2,257
54239,2023,3,200
54239,2023,4,256
54239,2024,1,291
54239,2024,2,252
54239,2024,3,262
54239,2024,4,262
54239,2025,1,265
54239,2025,2,268
54239,2025,3,283
54239,2025,4,9
54245,2022,1,107
54245,2022,2,74
54245,2022,3,85
54245,2022,4,84
54245,2023,1,82
54245,2023,2,81
54245,2023,3,161
54245,2023,4,120
54245,2024,1,285
54245,2024,2,319
54245,2024,3,313
54245,2024,4,332
54245,2025,1,384
54245,2025,2,455
54245,2025,3,423
54245,2025,4,611
54250,2022,1,180
54250,2022,2,126
54250,2022,3,82
54250,2022,4,86
54250,2023,1,80
54250,2023,2,78
54250,2023,3,76
54250,2023,4,71
54250,2024,1,56
54250,2024,2,49
54250,2024,3,77
54250,2024,4,187
54250,2025,1,206
54250,2025,2,297
54250,2025,3,337
54250,2025,4,475
54261,2022,1,947
54261,2022,2,886
54261,2022,3,860
54261,2022,4,840
54261,2023,1,1385
54261,2023,2,1268
54261,2023,3,870
54261,2023,4,854
54261,2024,1,1479
54261,2024,2,1538
54261,2024,3,1573
54261,2024,4,2056
54261,2025,1,2404
54261,2025,2,1955
54261,2025,3,3807
54261,2025,4,3551
54313,2022,1,133
54313,2022,2,509
54313,2022,3,322
54313,2022,4,333
54313,2023,1,365
54313,2023,2,351
54313,2023,3,340
54313,2023,4,188
54313,2024,1,431
54313,2024,2,361
54313,2024,3,339
54313,2024,4,208
54313,2025,1,263
54313,2025,2,261
54313,2025,3,249
54313,2025,4,175
54344,2022,1,34
54344,2022,2,22
54344,2022,3,14
54344,2022,4,10
54344,2023,1,28
54344,2023,2,6
54344,2023,3,7
54344,2023,4,6
54344,2024,1,97
54344,2024,2,79
54344,2024,3,58
54344,2024,4,85
54344,2025,1,123
54344,2025,2,120
54344,2025,3,118
54344,2025,4,167
54347,2022,1,93
54347,2022,2,114
54347,2022,3,108
54347,2022,4,78
54347,2023,1,107
54347,2023,2,168
54347,2023,3,186
54347,2023,4,185
54347,2024,1,190
54347,2024,2,178
54347,2024,3,38
54347,2024,4,36
54347,2025,1,34
54347,2025,2,36
54347,2025,3,35
54347,2025,4,26
54377,2022,1,2
54377,2022,2,85
54377,2022,3,114
54377,2022,4,2
54377,2023,1,92
54377,2023,2,101
54377,2023,3,94
54377,2023,4,101
54377,2024,1,94
54377,2024,2,97
54377,2024,3,85
54377,2024,4,83
54377,2025,1,82
54377,2025,2,81
54377,2025,3,248
54377,2025,4,1
54385,2022,1,50
54385,2022,2,35
54385,2022,3,30
54385,2022,4,32
54385,2023,1,115
54385,2023,2,92
54385,2023,3,108
54385,2023,4,107
54385,2024,1,322
54385,2024,2,353
54385,2024,3,309
54385,2024,4,340
54385,2025,1,308
54385,2025,2,535
54385,2025,3,462
54385,2025,4,741
54398,2022,1,2
54398,2022,2,1
54398,2022,3,1
54398,2022,4,1
54398,2023,1,10
54398,2023,2,30
54398,2023,3,50
54398,2024,1,98
54398,2024,2,208
54398,2024,3,196
54398,2024,4,62
54398,2025,1,537
54398,2025,2,476
54398,2025,3,432
54398,2025,4,340
54405,2022,1,15575
54405,2022,2,16882
54405,2022,3,16483
54405,2022,4,16756
54405,2023,1,16710
54405,2023,2,17693
54405,2023,3,17380
54405,2023,4,17697
54405,2024,1,17833
54405,2024,2,16978
54405,2024,3,17644
54405,2024,4,18108
54405,2025,1,18204
54405,2025,2,18806
54405,2025,3,21013
54405,2025,4,21656
54418,2022,1,127
54418,2022,2,163
54418,2022,3,160
54418,2022,4,133
54418,2023,1,145
54418,2023,2,142
54418,2023,3,148
54418,2023,4,136
54418,2024,1,150
54418,2024,2,163
54418,2024,3,177
54418,2024,4,134
54418,2025,1,189
54418,2025,2,202
54418,2025,3,210
54418,2025,4,225
54480,2022,1,2
54480,2022,2,56
54480,2022,3,57
54480,2022,4,3
54480,2023,1,84
54480,2023,2,84
54480,2023,3,57
54480,2023,4,85
54480,2024,1,77
54480,2024,2,82
54480,2024,3,71
54480,2024,4,71
54480,2025,1,70
54480,2025,2,69
54480,2025,3,65
54480,2025,4,1
54498,2022,1,10382
54498,2022,2,10015
54498,2022,3,9628
54498,2022,4,9184
54498,2023,1,7663
54498,2023,2,8748
54498,2023,3,8664
54498,2023,4,4812
54498,2024,1,7797
54498,2024,2,8636
54498,2024,3,6853
54498,2024,4,10409
54498,2025,1,12429
54498,2025,2,9860
54498,2025,3,17197
54498,2025,4,21572
54518,2022,1,6477
54518,2022,2,6342
54518,2022,3,6147
54518,2022,4,5996
54518,2023,1,6489
54518,2023,2,6589
54518,2023,3,6637
54518,2023,4,6534
54518,2024,1,6330
54518,2024,2,6343
54518,2024,3,6103
54518,2024,4,5887
54518,2025,1,6000
54518,2025,2,6069
54518,2025,3,6220
54518,2025,4,6400
54520,2022,1,109
54520,2022,2,191
54520,2022,3,178
54520,2022,4,115
54520,2023,1,231
54520,2023,2,391
54520,2023,3,188
54520,2023,4,219
54520,2024,1,233
54520,2024,2,244
54520,2024,3,275
54520,2024,4,334
54520,2025,1,320
54520,2025,2,308
54520,2025,3,319
54520,2025,4,182
54553,2022,1,1653
54553,2022,2,1771
54553,2022,3,1793
54553,2022,4,1875
54553,2023,1,852
54553,2023,2,860
54553,2023,3,622
54553,2023,4,602
54553,2024,1,1631
54553,2024,2,990
54553,2024,3,1100
54553,2024,4,1014
54553,2025,1,1034
54553,2025,2,888
54553,2025,3,903
54553,2025,4,824
54599,2022,1,159
54599,2022,2,140
54599,2022,3,143
54599,2022,4,148
54599,2023,1,211
54599,2023,2,247
54599,2023,3,257
54599,2023,4,279
54599,2024,1,298
54599,2024,2,285
54599,2024,3,78
54599,2024,4,43
54599,2025,1,66
54599,2025,2,68
54599,2025,3,73
54599,2025,4,82
54660,2022,1,16
54660,2022,2,25
54660,2022,3,25
54660,2022,4,15
54660,2023,1,61
54660,2023,2,43
54660,2023,3,62
54660,2023,4,71
54660,2024,1,484
54660,2024,2,409
54660,2024,3,348
54660,2024,4,324
54660,2025,1,296
54660,2025,2,261
54660,2025,3,270
54660,2025,4,220
54670,2022,1,9
54670,2022,2,9
54670,2022,3,9
54670,2022,4,3
54670,2023,1,3
54670,2023,2,3
54670,2023,3,3
54670,2023,4,3
54670,2024,1,3
54670,2024,2,2
54670,2024,3,2
54670,2024,4,2
54670,2025,1,2
54670,2025,2,2
54670,2025,3,2
54670,2025,4,99
54673,2022,1,175
54673,2022,2,177
54673,2022,3,119
54673,2022,4,144
54673,2023,1,76
54673,2023,2,82
54673,2023,3,81
54673,2023,4,78
54673,2024,1,164
54673,2024,2,144
54673,2024,3,113
54673,2024,4,130
54673,2025,1,170
54673,2025,2,203
54673,2025,3,396
54673,2025,4,379
54680,2022,1,5
54680,2022,2,6
54680,2022,3,6
54680,2022,4,7
54680,2023,1,10
54680,2023,2,9
54680,2023,3,5
54680,2023,4,10
54680,2024,1,11
54680,2024,2,11
54680,2024,3,15
54680,2024,4,13
54680,2025,1,14
54680,2025,2,12
54680,2025,3,41
54680,2025,4,50
54720,2022,1,676
54720,2022,2,952
54720,2022,3,953
54720,2022,4,849
54720,2023,1,534
54720,2023,2,1044
54720,2023,3,1010
54720,2023,4,965
54720,2024,1,812
54720,2024,2,959
54720,2024,3,982
54720,2024,4,1019
54720,2025,1,968
54720,2025,2,1053
54720,2025,3,1084
54720,2025,4,1261
54743,2022,1,3
54743,2022,2,28
54743,2022,3,29
54743,2022,4,3
54743,2023,1,52
54743,2023,2,50
54743,2023,3,34
54743,2023,4,60
54743,2024,1,57
54743,2024,2,55
54743,2024,3,79
54743,2024,4,77
54743,2025,1,68
54743,2025,2,67
54743,2025,3,59
54800,2022,1,25
54800,2022,2,23
54800,2022,3,21
54800,2022,4,21
54800,2023,1,19
54800,2023,2,16
54800,2023,3,14
54800,2023,4,13
54800,2024,1,14
54800,2024,2,12
54800,2024,3,10
54800,2024,4,9
54800,2025,1,7
54800,2025,2,7
54800,2025,3,5
54800,2025,4,14
54810,2022,1,1858
54810,2022,2,1613
54810,2022,3,1194
54810,2022,4,1140
54810,2023,1,1085
54810,2023,2,1567
54810,2023,3,1373
54810,2023,4,1417
54810,2024,1,1131
54810,2024,2,1160
54810,2024,3,1113
54810,2024,4,1175
54810,2025,1,1327
54810,2025,2,1737
54810,2025,3,1735
54810,2025,4,1856
54820,2022,1,21
54820,2022,2,138
54820,2022,3,132
54820,2022,4,9
54820,2023,1,154
54820,2023,2,151
54820,2023,3,128
54820,2023,4,152
54820,2024,1,129
54820,2024,2,162
54820,2024,3,142
54820,2024,4,100
54820,2025,1,132
54820,2025,2,130
54820,2025,3,133
54820,2025,4,2
54871,2022,1,14
54871,2022,2,28
54871,2022,3,27
54871,2022,4,9
54871,2023,1,47
54871,2023,2,50
54871,2023,3,24
54871,2023,4,38
54871,2024,1,39
54871,2024,2,37
54871,2024,3,38
54871,2024,4,38
54871,2025,1,41
54871,2025,2,40
54871,2025,3,53
54871,2025,4,4
54874,2022,1,14478
54874,2022,2,15163
54874,2022,3,15998
54874,2022,4,16378
54874,2023,1,16519
54874,2023,2,16570
54874,2023,3,16804
54874,2023,4,16739
54874,2024,1,16351
54874,2024,2,16376
54874,2024,3,16491
54874,2024,4,17186
54874,2025,1,17662
54874,2025,2,18301
54874,2025,3,20642
54874,2025,4,20416
63001,2022,1,84005
63001,2022,2,83745
63001,2022,3,84551
63001,2022,4,84626
63001,2023,1,85082
63001,2023,2,85412
63001,2023,3,84332
63001,2023,4,83514
63001,2024,1,83059
63001,2024,2,83652
63001,2024,3,85274
63001,2024,4,86349
63001,2025,1,88217
63001,2025,2,90213
63001,2025,3,92309
63001,2025,4,93491
63111,2022,1,22
63111,2022,2,4
63111,2022,3,7
63111,2022,4,8
63111,2023,1,8
63111,2023,2,8
63111,2023,3,9
63111,2023,4,8
63111,2024,1,16
63111,2024,2,8
63111,2024,3,11
63111,2024,4,88
63111,2025,1,191
63111,2025,2,97
63111,2025,3,79
63111,2025,4,78
63130,2022,1,11362
63130,2022,2,11395
63130,2022,3,11772
63130,2022,4,11215
63130,2023,1,10892
63130,2023,2,10863
63130,2023,3,11250
63130,2023,4,12444
63130,2024,1,11321
63130,2024,2,11437
63130,2024,3,10882
63130,2024,4,11368
63130,2025,1,11663
63130,2025,2,11695
63130,2025,3,12093
63130,2025,4,12188
63190,2022,1,6040
63190,2022,2,6199
63190,2022,3,6224
63190,2022,4,6022
63190,2023,1,5744
63190,2023,2,5534
63190,2023,3,5102
63190,2023,4,5179
63190,2024,1,5040
63190,2024,2,4988
63190,2024,3,5102
63190,2024,4,5101
63190,2025,1,5012
63190,2025,2,5367
63190,2025,3,5459
63190,2025,4,5544
63212,2022,1,77
63212,2022,2,72
63212,2022,3,435
63212,2022,4,449
63212,2023,1,468
63212,2023,2,496
63212,2023,3,491
63212,2023,4,981
63212,2024,1,447
63212,2024,2,466
63212,2024,3,502
63212,2024,4,556
63212,2025,1,686
63212,2025,2,158
63212,2025,3,682
63212,2025,4,156
63272,2022,1,1130
63272,2022,2,1061
63272,2022,3,964
63272,2022,4,985
63272,2023,1,1014
63272,2023,2,967
63272,2023,3,968
63272,2023,4,1455
63272,2024,1,1414
63272,2024,2,1752
63272,2024,3,1530
63272,2024,4,1620
63272,2025,1,1189
63272,2025,2,1840
63272,2025,3,1648
63272,2025,4,1910
63302,2022,1,42
63302,2022,2,44
63302,2022,3,40
63302,2022,4,35
63302,2023,1,33
63302,2023,2,34
63302,2023,3,35
63302,2023,4,24
63302,2024,1,41
63302,2024,2,20
63302,2024,3,24
63302,2024,4,148
63302,2025,1,394
63302,2025,2,230
63302,2025,3,153
63302,2025,4,154
63401,2022,1,4939
63401,2022,2,4878
63401,2022,3,4893
63401,2022,4,4991
63401,2023,1,5123
63401,2023,2,5341
63401,2023,3,5191
63401,2023,4,5204
63401,2024,1,4866
63401,2024,2,5095
63401,2024,3,5938
63401,2024,4,5359
63401,2025,1,6082
63401,2025,2,6434
63401,2025,3,6668
63401,2025,4,6785
63470,2022,1,5024
63470,2022,2,4921
63470,2022,3,4924
63470,2022,4,5017
63470,2023,1,5031
63470,2023,2,5905
63470,2023,3,5766
63470,2023,4,5731
63470,2024,1,5601
63470,2024,2,5654
63470,2024,3,5824
63470,2024,4,5699
63470,2025,1,5840
63470,2025,2,6004
63470,2025,3,6188
63470,2025,4,6428
63548,2022,1,228
63548,2022,2,235
63548,2022,3,268
63548,2022,4,286
63548,2023,1,292
63548,2023,2,308
63548,2023,3,315
63548,2023,4,314
63548,2024,1,322
63548,2024,2,551
63548,2024,3,306
63548,2024,4,285
63548,2025,1,387
63548,2025,2,442
63548,2025,3,613
63548,2025,4,319
63594,2022,1,4230
63594,2022,2,4203
63594,2022,3,4226
63594,2022,4,4182
63594,2023,1,4184
63594,2023,2,4508
63594,2023,3,4550
63594,2023,4,4530
63594,2024,1,4483
63594,2024,2,4354
63594,2024,3,4422
63594,2024,4,4439
63594,2025,1,4466
63594,2025,2,4624
63594,2025,3,5205
63594,2025,4,5443
63690,2022,1,522
63690,2022,2,548
63690,2022,3,441
63690,2022,4,449
63690,2023,1,506
63690,2023,2,594
63690,2023,3,667
63690,2023,4,742
63690,2024,1,730
63690,2024,2,711
63690,2024,3,818
63690,2024,4,819
63690,2025,1,483
63690,2025,2,968
63690,2025,3,1004
63690,2025,4,1057
66001,2022,1,109848
66001,2022,2,107043
66001,2022,3,108506
66001,2022,4,109048
66001,2023,1,110629
66001,2023,2,111608
66001,2023,3,111477
66001,2023,4,111500
66001,2024,1,110714
66001,2024,2,114535
66001,2024,3,113646
66001,2024,4,118557
66001,2025,1,118035
66001,2025,2,126451
66001,2025,3,128992
66001,2025,4,129232
66045,2022,1,180
66045,2022,2,203
66045,2022,3,190
66045,2022,4,181
66045,2023,1,183
66045,2023,2,187
66045,2023,3,216
66045,2023,4,191
66045,2024,1,177
66045,2024,2,580
66045,2024,3,218
66045,2024,4,582
66045,2025,1,158
66045,2025,2,669
66045,2025,3,695
66045,2025,4,636
66075,2022,1,137
66075,2022,2,143
66075,2022,3,139
66075,2022,4,154
66075,2023,1,239
66075,2023,2,239
66075,2023,3,246
66075,2023,4,232
66075,2024,1,217
66075,2024,2,218
66075,2024,3,214
66075,2024,4,190
66075,2025,1,206
66075,2025,2,299
66075,2025,3,279
66075,2025,4,403
66088,2022,1,2065
66088,2022,2,2088
66088,2022,3,2117
66088,2022,4,2128
66088,2023,1,2171
66088,2023,2,2169
66088,2023,3,2211
66088,2023,4,2229
66088,2024,1,2260
66088,2024,2,3218
66088,2024,3,2379
66088,2024,4,3355
66088,2025,1,2380
66088,2025,2,3609
66088,2025,3,3665
66088,2025,4,3385
66170,2022,1,55578
66170,2022,2,55937
66170,2022,3,54943
66170,2022,4,54864
66170,2023,1,55065
66170,2023,2,54818
66170,2023,3,54972
66170,2023,4,57700
66170,2024,1,57322
66170,2024,2,57909
66170,2024,3,59246
66170,2024,4,58161
66170,2025,1,60546
66170,2025,2,62395
66170,2025,3,64443
66170,2025,4,64785
66318,2022,1,20
66318,2022,2,20
66318,2022,3,21
66318,2022,4,13
66318,2023,1,32
66318,2023,2,31
66318,2023,3,30
66318,2023,4,46
66318,2024,1,24
66318,2024,2,417
66318,2024,3,26
66318,2024,4,436
66318,2025,1,21
66318,2025,2,586
66318,2025,3,573
66318,2025,4,593
66383,2022,1,447
66383,2022,2,505
66383,2022,3,467
66383,2022,4,509
66383,2023,1,562
66383,2023,2,564
66383,2023,3,564
66383,2023,4,535
66383,2024,1,502
66383,2024,2,567
66383,2024,3,498
66383,2024,4,589
66383,2025,1,400
66383,2025,2,496
66383,2025,3,542
66383,2025,4,559
66400,2022,1,4377
66400,2022,2,4285
66400,2022,3,4144
66400,2022,4,4005
66400,2023,1,3819
66400,2023,2,3617
66400,2023,3,3463
66400,2023,4,3406
66400,2024,1,3172
66400,2024,2,3122
66400,2024,3,3129
66400,2024,4,3038
66400,2025,1,3098
66400,2025,2,3157
66400,2025,3,3276
66400,2025,4,3319
66440,2022,1,636
66440,2022,2,562
66440,2022,3,533
66440,2022,4,542
66440,2023,1,480
66440,2023,2,478
66440,2023,3,488
66440,2023,4,432
66440,2024,1,442
66440,2024,2,1157
66440,2024,3,355
66440,2024,4,1198
66440,2025,1,426
66440,2025,2,1634
66440,2025,3,1733
66440,2025,4,1390
66456,2022,1,379
66456,2022,2,365
66456,2022,3,168
66456,2022,4,535
66456,2023,1,192
66456,2023,2,183
66456,2023,3,41
66456,2023,4,235
66456,2024,1,127
66456,2024,2,622
66456,2024,3,291
66456,2024,4,667
66456,2025,1,304
66456,2025,2,665
66456,2025,3,726
66456,2025,4,678
66572,2022,1,366
66572,2022,2,387
66572,2022,3,398
66572,2022,4,383
66572,2023,1,407
66572,2023,2,379
66572,2023,3,119
66572,2023,4,139
66572,2024,1,88
66572,2024,2,348
66572,2024,3,164
66572,2024,4,452
66572,2025,1,151
66572,2025,2,589
66572,2025,3,628
66572,2025,4,636
66594,2022,1,511
66594,2022,2,470
66594,2022,3,448
66594,2022,4,476
66594,2023,1,609
66594,2023,2,578
66594,2023,3,561
66594,2023,4,596
66594,2024,1,496
66594,2024,2,1083
66594,2024,3,477
66594,2024,4,1250
66594,2025,1,468
66594,2025,2,1475
66594,2025,3,1451
66594,2025,4,1328
66682,2022,1,14086
66682,2022,2,14535
66682,2022,3,14208
66682,2022,4,13438
66682,2023,1,13310
66682,2023,2,13044
66682,2023,3,13079
66682,2023,4,15043
66682,2024,1,15266
66682,2024,2,15724
66682,2024,3,16312
66682,2024,4,15007
66682,2025,1,16125
66682,2025,2,16832
66682,2025,3,17360
66682,2025,4,17619
66687,2022,1,987
66687,2022,2,996
66687,2022,3,993
66687,2022,4,704
66687,2023,1,959
66687,2023,2,923
66687,2023,3,973
66687,2023,4,991
66687,2024,1,1029
66687,2024,2,1286
66687,2024,3,1105
66687,2024,4,1378
66687,2025,1,1077
66687,2025,2,1463
66687,2025,3,1509
66687,2025,4,1472
68001,2022,1,142544
68001,2022,2,144168
68001,2022,3,143231
68001,2022,4,142534
68001,2023,1,141479
68001,2023,2,141996
68001,2023,3,140165
68001,2023,4,138535
68001,2024,1,138425
68001,2024,2,136972
68001,2024,3,135625
68001,2024,4,135415
68001,2025,1,137470
68001,2025,2,138708
68001,2025,3,139147
68001,2025,4,141150
68013,2022,1,22
68013,2022,2,1
68013,2022,3,1
68013,2023,2,7
68013,2023,3,7
68013,2023,4,7
68013,2024,1,10
68013,2024,2,12
68013,2024,3,12
68013,2024,4,12
68013,2025,1,12
68013,2025,2,12
68013,2025,3,14
68013,2025,4,19
68020,2022,1,3
68020,2022,2,3
68020,2022,3,2
68020,2022,4,2
68020,2023,1,3
68020,2023,2,3
68020,2023,3,2
68020,2023,4,2
68020,2024,1,25
68020,2024,2,80
68020,2024,3,81
68020,2024,4,80
68020,2025,1,86
68020,2025,2,84
68020,2025,3,87
68020,2025,4,83
68051,2022,1,1515
68051,2022,2,538
68051,2022,3,453
68051,2022,4,476
68051,2023,1,555
68051,2023,2,594
68051,2023,3,609
68051,2023,4,544
68051,2024,1,739
68051,2024,2,1820
68051,2024,3,1820
68051,2024,4,831
68051,2025,1,1819
68051,2025,2,1854
68051,2025,3,1914
68051,2025,4,1929
68077,2022,1,4657
68077,2022,2,5306
68077,2022,3,4785
68077,2022,4,4822
68077,2023,1,4937
68077,2023,2,4129
68077,2023,3,4471
68077,2023,4,2659
68077,2024,1,3672
68077,2024,2,3572
68077,2024,3,3521
68077,2024,4,3922
68077,2025,1,3827
68077,2025,2,4471
68077,2025,3,4539
68077,2025,4,3882
68079,2022,1,954
68079,2022,2,765
68079,2022,3,790
68079,2022,4,789
68079,2023,1,825
68079,2023,2,834
68079,2023,3,1789
68079,2023,4,905
68079,2024,1,861
68079,2024,2,1884
68079,2024,3,1921
68079,2024,4,1764
68079,2025,1,1881
68079,2025,2,1981
68079,2025,3,2329
68079,2025,4,2074
68081,2022,1,44060
68081,2022,2,44138
68081,2022,3,43725
68081,2022,4,43692
68081,2023,1,43376
68081,2023,2,43092
68081,2023,3,42777
68081,2023,4,42228
68081,2024,1,41288
68081,2024,2,42183
68081,2024,3,43437
68081,2024,4,42444
68081,2025,1,44257
68081,2025,2,44031
68081,2025,3,46111
68081,2025,4,48290
68092,2022,1,60
68092,2022,2,71
68092,2022,3,69
68092,2022,4,133
68092,2023,1,135
68092,2023,2,116
68092,2023,3,115
68092,2023,4,162
68092,2024,1,109
68092,2024,2,111
68092,2024,3,122
68092,2024,4,140
68092,2025,1,102
68092,2025,2,98
68092,2025,3,103
68092,2025,4,109
68101,2022,1,53
68101,2022,2,52
68101,2022,3,52
68101,2022,4,47
68101,2023,1,47
68101,2023,2,42
68101,2023,3,41
68101,2023,4,38
68101,2024,1,38
68101,2024,2,59
68101,2024,3,53
68101,2024,4,52
68101,2025,1,54
68101,2025,2,55
68101,2025,3,57
68101,2025,4,64
68121,2023,3,22
68121,2024,2,14
68121,2024,3,14
68121,2024,4,14
68121,2025,1,14
68121,2025,2,18
68121,2025,3,18
68121,2025,4,19
68132,2022,1,60
68132,2022,2,60
68132,2022,3,60
68132,2022,4,54
68132,2023,1,88
68132,2023,2,21
68132,2023,3,84
68132,2023,4,80
68132,2024,1,93
68132,2024,2,91
68132,2024,3,90
68132,2024,4,74
68132,2025,1,20
68132,2025,2,79
68132,2025,3,70
68132,2025,4,67
68147,2022,1,34
68147,2022,2,34
68147,2022,3,80
68147,2022,4,87
68147,2023,1,82
68147,2023,2,79
68147,2023,3,74
68147,2023,4,74
68147,2024,1,67
68147,2024,2,95
68147,2024,3,95
68147,2024,4,149
68147,2025,1,149
68147,2025,2,370
68147,2025,3,212
68147,2025,4,178
68152,2022,2,1
68152,2022,3,1
68152,2022,4,1
68152,2023,1,1
68152,2023,2,2
68152,2023,3,1
68152,2023,4,2
68152,2024,1,3
68152,2024,2,5
68152,2024,3,5
68152,2024,4,6
68152,2025,1,6
68152,2025,2,6
68152,2025,3,6
68152,2025,4,6
68160,2022,1,95
68160,2022,2,42
68160,2022,3,25
68160,2022,4,52
68160,2023,1,52
68160,2023,2,58
68160,2023,3,58
68160,2023,4,44
68160,2024,1,19
68160,2024,2,23
68160,2024,3,97
68160,2024,4,32
68160,2025,1,43
68160,2025,2,67
68160,2025,3,74
68160,2025,4,81
68162,2022,1,297
68162,2022,2,262
68162,2022,3,246
68162,2022,4,238
68162,2023,1,230
68162,2023,2,230
68162,2023,3,221
68162,2023,4,217
68162,2024,1,211
68162,2024,2,215
68162,2024,3,217
68162,2024,4,214
68162,2025,1,213
68162,2025,2,224
68162,2025,3,218
68162,2025,4,217
68167,2022,1,540
68167,2022,2,617
68167,2022,3,302
68167,2022,4,1290
68167,2023,1,254
68167,2023,2,2298
68167,2023,3,1204
68167,2023,4,883
68167,2024,1,832
68167,2024,2,1125
68167,2024,3,1122
68167,2024,4,1113
68167,2025,1,696
68167,2025,2,1130
68167,2025,3,1525
68167,2025,4,1522
68169,2022,1,47
68169,2022,2,35
68169,2022,3,31
68169,2022,4,28
68169,2023,1,49
68169,2023,2,20
68169,2023,3,55
68169,2023,4,55
68169,2024,1,63
68169,2024,2,62
68169,2024,3,60
68169,2024,4,54
68169,2025,1,64
68169,2025,2,47
68169,2025,3,46
68169,2025,4,45
68176,2022,1,45
68176,2022,2,41
68176,2022,3,41
68176,2022,4,42
68176,2023,1,42
68176,2023,2,41
68176,2023,3,34
68176,2023,4,42
68176,2024,1,190
68176,2024,2,38
68176,2024,3,179
68176,2024,4,41
68176,2025,1,53
68176,2025,2,53
68176,2025,3,63
68176,2025,4,61
68179,2022,1,86
68179,2022,2,129
68179,2022,3,126
68179,2022,4,48
68179,2023,1,48
68179,2023,2,48
68179,2023,3,48
68179,2023,4,48
68179,2024,1,192
68179,2024,2,172
68179,2024,3,166
68179,2024,4,88
68179,2025,1,108
68179,2025,2,109
68179,2025,3,114
68179,2025,4,110
68190,2022,1,816
68190,2022,2,1744
68190,2022,3,1712
68190,2022,4,1689
68190,2023,1,2015
68190,2023,2,1964
68190,2023,3,2051
68190,2023,4,2239
68190,2024,1,2185
68190,2024,2,1949
68190,2024,3,1807
68190,2024,4,2481
68190,2025,1,685
68190,2025,2,1582
68190,2025,3,1570
68190,2025,4,1633
68207,2022,1,423
68207,2022,2,416
68207,2022,3,415
68207,2022,4,414
68207,2023,1,407
68207,2023,2,417
68207,2023,3,413
68207,2023,4,405
68207,2024,1,406
68207,2024,2,438
68207,2024,3,438
68207,2024,4,443
68207,2025,1,454
68207,2025,2,456
68207,2025,3,456
68207,2025,4,455
68209,2022,1,466
68209,2022,2,233
68209,2022,3,208
68209,2022,4,208
68209,2023,1,279
68209,2023,3,375
68209,2023,4,375
68209,2024,2,470
68209,2024,3,510
68209,2024,4,526
68209,2025,1,6
68209,2025,2,589
68209,2025,3,670
68209,2025,4,669
68211,2022,1,306
68211,2022,2,306
68211,2022,3,272
68211,2022,4,268
68211,2023,1,273
68211,2023,2,273
68211,2023,3,277
68211,2023,4,275
68211,2024,1,290
68211,2024,2,248
68211,2024,3,258
68211,2024,4,260
68211,2025,1,257
68211,2025,2,267
68211,2025,3,263
68211,2025,4,266
68217,2022,1,1
68217,2022,2,1
68217,2022,3,2
68217,2022,4,2
68217,2023,1,2
68217,2023,2,9
68217,2023,3,56
68217,2023,4,9
68217,2024,1,5
68217,2024,2,71
68217,2024,3,70
68217,2024,4,56
68217,2025,1,58
68217,2025,2,58
68217,2025,3,181
68217,2025,4,168
68229,2022,1,583
68229,2022,2,612
68229,2022,3,1903
68229,2022,4,1655
68229,2023,1,1172
68229,2023,2,1563
68229,2023,3,2017
68229,2023,4,1456
68229,2024,1,1439
68229,2024,2,1590
68229,2024,3,1555
68229,2024,4,1553
68229,2025,1,2815
68229,2025,2,1687
68229,2025,3,1864
68229,2025,4,1940
68235,2022,1,211
68235,2022,2,171
68235,2022,3,198
68235,2022,4,157
68235,2023,1,158
68235,2023,2,184
68235,2023,3,176
68235,2023,4,195
68235,2024,1,194
68235,2024,2,242
68235,2024,3,286
68235,2024,4,291
68235,2025,1,302
68235,2025,2,326
68235,2025,3,334
68235,2025,4,341
68245,2022,1,41
68245,2022,2,41
68245,2022,3,41
68245,2022,4,31
68245,2023,1,31
68245,2023,2,31
68245,2023,3,31
68245,2023,4,31
68245,2024,1,31
68245,2024,2,21
68245,2024,3,21
68245,2024,4,21
68245,2025,1,21
68250,2022,1,11
68250,2022,2,8
68250,2022,3,6
68250,2022,4,4
68250,2023,1,4
68250,2023,2,17
68250,2023,3,18
68250,2023,4,23
68250,2024,1,7
68250,2024,2,16
68250,2024,3,15
68250,2024,4,15
68250,2025,1,15
68250,2025,2,15
68250,2025,3,25
68250,2025,4,32
68255,2022,1,639
68255,2022,2,574
68255,2022,3,605
68255,2022,4,1272
68255,2023,1,464
68255,2023,2,475
68255,2023,3,460
68255,2023,4,478
68255,2024,1,524
68255,2024,2,915
68255,2024,3,856
68255,2024,4,655
68255,2025,1,985
68255,2025,2,1104
68255,2025,3,1214
68255,2025,4,976
68264,2022,1,2
68264,2022,2,2
68264,2022,3,2
68264,2022,4,2
68264,2023,1,2
68264,2023,2,2
68264,2023,3,1
68264,2023,4,1
68264,2025,3,29
68264,2025,4,28
68266,2022,1,30
68266,2022,2,33
68266,2022,3,32
68266,2022,4,30
68266,2023,1,34
68266,2023,2,34
68266,2023,3,34
68266,2023,4,35
68266,2024,1,35
68266,2024,2,36
68266,2024,3,33
68266,2024,4,36
68266,2025,1,38
68266,2025,2,40
68266,2025,3,38
68266,2025,4,45
68271,2022,1,6
68271,2022,2,6
68271,2022,3,5
68271,2022,4,6
68271,2023,1,3
68271,2023,2,3
68271,2023,3,2
68271,2023,4,3
68271,2024,1,17
68271,2024,2,2
68271,2024,3,2
68271,2024,4,2
68271,2025,1,2
68271,2025,2,2
68271,2025,3,3
68271,2025,4,2
68276,2022,1,74009
68276,2022,2,74300
68276,2022,3,74342
68276,2022,4,74429
68276,2023,1,74557
68276,2023,2,73949
68276,2023,3,74200
68276,2023,4,73329
68276,2024,1,72946
68276,2024,2,73655
68276,2024,3,72282
68276,2024,4,72940
68276,2025,1,72425
68276,2025,2,72804
68276,2025,3,73694
68276,2025,4,74729
68296,2022,1,2
68296,2022,2,1
68296,2022,3,1
68296,2022,4,1
68296,2023,1,71
68296,2023,2,61
68296,2023,3,90
68296,2023,4,108
68296,2024,2,15
68296,2024,3,13
68296,2024,4,14
68296,2025,1,18
68296,2025,2,41
68296,2025,3,43
68296,2025,4,45
68298,2022,1,11
68298,2022,2,12
68298,2022,3,8
68298,2022,4,3
68298,2023,1,3
68298,2023,2,3
68298,2023,3,2
68298,2023,4,2
68298,2024,1,1
68298,2024,2,1
68298,2024,3,1
68298,2024,4,1
68298,2025,1,1
68298,2025,2,160
68298,2025,3,150
68298,2025,4,140
68307,2022,1,34276
68307,2022,2,35498
68307,2022,3,35994
68307,2022,4,36125
68307,2023,1,36181
68307,2023,2,36475
68307,2023,3,36582
68307,2023,4,36277
68307,2024,1,36359
68307,2024,2,36152
68307,2024,3,37001
68307,2024,4,37361
68307,2025,1,38024
68307,2025,2,38421
68307,2025,3,39001
68307,2025,4,39919
68318,2022,1,372
68318,2022,2,269
68318,2022,3,621
68318,2022,4,835
68318,2023,1,889
68318,2023,2,925
68318,2023,3,832
68318,2023,4,966
68318,2024,1,522
68318,2024,2,570
68318,2024,3,570
68318,2024,4,304
68318,2025,1,226
68318,2025,2,422
68318,2025,3,455
68318,2025,4,446
68320,2022,1,229
68320,2022,2,242
68320,2022,3,243
68320,2022,4,257
68320,2023,1,256
68320,2023,2,256
68320,2023,3,238
68320,2023,4,204
68320,2024,1,166
68320,2024,2,166
68320,2024,3,29
68320,2024,4,133
68320,2025,1,162
68320,2025,2,153
68320,2025,3,148
68320,2025,4,157
68322,2022,1,16
68322,2022,2,15
68322,2022,3,15
68322,2022,4,19
68322,2023,1,1254
68322,2023,2,24
68322,2023,3,60
68322,2023,4,32
68322,2024,1,32
68322,2024,2,32
68322,2024,3,33
68322,2024,4,66
68322,2025,1,220
68322,2025,2,86
68322,2025,3,122
68322,2025,4,130
68324,2024,1,43
68324,2025,1,7
68324,2025,2,3
68324,2025,3,7
68324,2025,4,7
68327,2022,1,164
68327,2022,2,2
68327,2022,3,167
68327,2022,4,282
68327,2023,1,77
68327,2023,2,81
68327,2023,3,86
68327,2023,4,129
68327,2024,1,179
68327,2024,2,156
68327,2024,3,160
68327,2024,4,159
68327,2025,1,314
68327,2025,2,21
68327,2025,3,23
68327,2025,4,29
68344,2022,1,36
68344,2022,2,29
68368,2022,1,5
68368,2022,2,6
68368,2022,3,4
68368,2022,4,4
68368,2023,1,3
68368,2023,2,3
68368,2023,3,4
68368,2023,4,5
68368,2024,1,35
68368,2024,2,7
68368,2024,3,6
68368,2024,4,5
68368,2025,1,5
68368,2025,2,5
68368,2025,3,5
68368,2025,4,5
68370,2022,1,1
68370,2022,2,1
68370,2022,3,1
68370,2022,4,1
68370,2023,1,1
68370,2023,2,8
68370,2023,3,8
68370,2023,4,8
68370,2024,1,21
68370,2024,2,116
68370,2024,3,39
68370,2024,4,28
68370,2025,1,41
68370,2025,2,44
68370,2025,3,55
68370,2025,4,69
68377,2022,1,285
68377,2022,2,295
68377,2022,3,300
68377,2022,4,320
68377,2023,1,332
68377,2023,4,1
68377,2024,1,20
68385,2022,1,25
68385,2022,2,22
68385,2022,3,19
68385,2022,4,15
68385,2023,1,13
68385,2023,2,19
68385,2023,3,19
68385,2023,4,25
68385,2024,1,9
68385,2024,2,31
68385,2024,3,28
68385,2024,4,27
68385,2025,1,32
68385,2025,2,33
68385,2025,3,41
68385,2025,4,43
68397,2022,1,2
68397,2022,2,1
68397,2022,3,1
68397,2022,4,1
68397,2023,1,1
68397,2023,2,8
68397,2023,3,10
68397,2023,4,10
68397,2024,1,5
68397,2024,2,15
68397,2024,3,16
68397,2024,4,216
68397,2025,1,23
68397,2025,2,71
68397,2025,3,77
68397,2025,4,86
68406,2022,1,3062
68406,2022,2,3143
68406,2022,3,2468
68406,2022,4,3551
68406,2023,1,3019
68406,2023,2,3182
68406,2023,3,3208
68406,2023,4,3394
68406,2024,1,3905
68406,2024,2,4228
68406,2024,3,4278
68406,2024,4,4524
68406,2025,1,4653
68406,2025,2,4681
68406,2025,3,4832
68406,2025,4,4741
68418,2022,1,98
68418,2022,2,165
68418,2022,3,169
68418,2022,4,185
68418,2023,1,188
68418,2023,2,186
68418,2023,3,199
68418,2023,4,203
68418,2024,1,160
68418,2024,2,204
68418,2024,3,207
68418,2024,4,214
68418,2025,1,231
68418,2025,2,224
68418,2025,3,225
68418,2025,4,204
68425,2022,1,5
68425,2022,2,3
68425,2022,3,3
68425,2022,4,3
68425,2023,1,2
68425,2023,2,2
68425,2023,3,2
68425,2023,4,2
68425,2024,1,2
68425,2024,2,4
68425,2024,3,3
68425,2024,4,3
68425,2025,1,3
68425,2025,2,3
68425,2025,3,3
68425,2025,4,3
68432,2022,1,1384
68432,2022,2,775
68432,2022,3,1423
68432,2022,4,831
68432,2023,1,801
68432,2023,2,1375
68432,2023,3,1298
68432,2023,4,1224
68432,2024,1,1174
68432,2024,2,1221
68432,2024,3,1800
68432,2024,4,1985
68432,2025,1,2023
68432,2025,2,2070
68432,2025,3,2120
68432,2025,4,2180
68444,2022,1,141
68444,2022,2,132
68444,2022,3,128
68444,2022,4,120
68444,2023,1,121
68444,2023,2,83
68444,2023,3,128
68444,2023,4,124
68444,2024,1,140
68444,2024,2,151
68444,2024,3,159
68444,2024,4,134
68444,2025,1,95
68444,2025,2,142
68444,2025,3,135
68444,2025,4,117
68464,2022,1,109
68464,2022,2,6
68464,2022,3,8
68464,2022,4,7
68464,2023,1,3
68464,2023,2,9
68464,2023,3,9
68464,2023,4,13
68464,2024,1,1
68464,2024,2,11
68464,2024,3,7
68464,2024,4,9
68464,2025,1,12
68464,2025,2,12
68464,2025,3,42
68464,2025,4,57
68468,2022,1,50
68468,2022,2,53
68468,2022,3,54
68468,2022,4,53
68468,2023,1,53
68468,2023,2,52
68468,2023,3,53
68468,2023,4,54
68468,2024,1,52
68468,2024,2,56
68468,2024,3,59
68468,2024,4,55
68468,2025,1,62
68468,2025,2,70
68468,2025,3,69
68468,2025,4,70
68498,2023,3,49
68498,2024,2,29
68498,2024,3,29
68498,2024,4,64
68498,2025,1,64
68498,2025,2,66
68498,2025,3,125
68498,2025,4,136
68500,2022,1,691
68500,2022,2,324
68500,2022,3,342
68500,2022,4,342
68500,2023,1,837
68500,2023,2,302
68500,2023,3,822
68500,2023,4,918
68500,2024,1,871
68500,2024,2,877
68500,2024,3,810
68500,2024,4,901
68500,2025,1,870
68500,2025,2,952
68500,2025,3,1193
68500,2025,4,1238
68502,2022,1,133
68502,2022,2,111
68502,2022,3,93
68502,2022,4,120
68502,2023,1,3
68502,2023,2,106
68502,2023,3,101
68502,2023,4,101
68502,2024,1,98
68502,2024,2,93
68502,2024,3,3
68502,2024,4,89
68502,2025,1,89
68502,2025,2,89
68502,2025,3,89
68502,2025,4,89
68522,2022,1,1
68522,2022,2,1
68522,2022,3,1
68522,2022,4,1
68522,2023,1,1
68522,2023,2,1
68522,2023,3,1
68522,2023,4,1
68522,2024,1,1
68524,2022,1,4
68524,2022,2,6
68524,2022,3,5
68524,2022,4,4
68524,2023,1,1
68524,2023,2,1
68524,2023,3,2
68524,2023,4,1
68524,2024,1,1
68524,2024,2,1
68524,2024,3,1
68524,2024,4,2
68524,2025,1,2
68524,2025,2,2
68524,2025,3,42
68524,2025,4,4
68533,2022,1,117
68533,2022,2,77
68533,2022,3,155
68533,2022,4,423
68533,2023,1,26
68533,2023,2,126
68533,2023,3,231
68533,2023,4,78
68533,2024,1,120
68533,2024,2,129
68533,2024,3,125
68533,2024,4,169
68533,2025,1,142
68533,2025,2,173
68533,2025,3,189
68533,2025,4,183
68547,2022,1,37536
68547,2022,2,38540
68547,2022,3,39518
68547,2022,4,39758
68547,2023,1,40183
68547,2023,2,40085
68547,2023,3,40605
68547,2023,4,40427
68547,2024,1,40349
68547,2024,2,40456
68547,2024,3,40444
68547,2024,4,41330
68547,2025,1,42090
68547,2025,2,42662
68547,2025,3,43240
68547,2025,4,44605
68549,2022,1,239
68549,2022,2,314
68549,2022,3,661
68549,2022,4,910
68549,2023,1,359
68549,2023,2,884
68549,2023,3,232
68549,2023,4,142
68549,2024,1,178
68549,2024,2,239
68549,2024,3,216
68549,2024,4,233
68549,2025,1,211
68549,2025,2,253
68549,2025,3,393
68549,2025,4,416
68572,2022,1,263
68572,2022,2,258
68572,2022,3,279
68572,2022,4,278
68572,2023,1,343
68572,2023,2,336
68572,2023,3,324
68572,2023,4,318
68572,2024,1,360
68572,2024,2,304
68572,2024,3,316
68572,2024,4,539
68572,2025,1,289
68572,2025,2,274
68572,2025,3,276
68572,2025,4,279
68573,2022,1,1310
68573,2022,2,57
68573,2022,3,353
68573,2022,4,358
68573,2023,1,49
68573,2023,2,48
68573,2023,3,45
68573,2023,4,46
68573,2024,1,41
68573,2024,2,43
68573,2024,3,40
68573,2024,4,83
68573,2025,1,37
68573,2025,2,34
68573,2025,3,29
68573,2025,4,27
68575,2022,1,1990
68575,2022,2,1931
68575,2022,3,1593
68575,2022,4,1574
68575,2023,1,469
68575,2023,2,1845
68575,2023,3,1769
68575,2023,4,1615
68575,2024,1,1197
68575,2024,2,1321
68575,2024,3,1400
68575,2024,4,1745
68575,2025,1,2293
68575,2025,2,3055
68575,2025,3,3265
68575,2025,4,2511
68615,2022,1,256
68615,2022,2,267
68615,2022,3,228
68615,2022,4,219
68615,2023,1,687
68615,2023,2,323
68615,2023,3,467
68615,2023,4,593
68615,2024,1,692
68615,2024,2,1091
68615,2024,3,1116
68615,2024,4,720
68615,2025,1,1105
68615,2025,2,1105
68615,2025,3,1113
68615,2025,4,987
68655,2022,1,926
68655,2022,2,866
68655,2022,3,842
68655,2022,4,819
68655,2023,1,1579
68655,2023,2,1456
68655,2023,3,1370
68655,2023,4,1347
68655,2024,1,329
68655,2024,2,306
68655,2024,3,326
68655,2024,4,290
68655,2025,1,262
68655,2025,2,1181
68655,2025,3,249
68655,2025,4,1430
68669,2022,1,7
68669,2022,2,2
68669,2022,3,2
68669,2022,4,2
68669,2023,1,2
68669,2023,2,352
68669,2023,3,3
68669,2023,4,286
68669,2024,1,2
68669,2024,2,7
68669,2024,3,118
68669,2024,4,6
68669,2025,1,8
68669,2025,2,584
68669,2025,3,616
68669,2025,4,584
68673,2022,1,1
68673,2024,1,10
68679,2022,1,9281
68679,2022,2,9698
68679,2022,3,8602
68679,2022,4,8122
68679,2023,1,8091
68679,2023,2,8770
68679,2023,3,10653
68679,2023,4,10618
68679,2024,1,10635
68679,2024,2,11313
68679,2024,3,10892
68679,2024,4,11812
68679,2025,1,10216
68679,2025,2,14007
68679,2025,3,13031
68679,2025,4,13522
68682,2022,1,2
68682,2022,2,2
68682,2022,3,1
68682,2022,4,1
68682,2023,1,1
68682,2023,2,1
68682,2023,3,1
68682,2023,4,1
68684,2022,1,168
68684,2022,2,158
68684,2022,3,171
68684,2022,4,167
68684,2023,1,167
68684,2023,2,176
68684,2023,3,175
68684,2023,4,170
68684,2024,1,173
68684,2024,2,187
68684,2024,3,189
68684,2024,4,199
68684,2025,1,209
68684,2025,2,197
68684,2025,3,200
68684,2025,4,197
68686,2022,1,28
68686,2022,2,68
68686,2022,3,28
68686,2022,4,25
68686,2023,1,30
68686,2023,2,32
68686,2023,3,33
68686,2023,4,31
68686,2024,1,36
68686,2024,2,41
68686,2024,3,37
68686,2024,4,41
68686,2025,1,38
68686,2025,2,43
68686,2025,3,43
68686,2025,4,48
68689,2022,1,2209
68689,2022,2,1958
68689,2022,3,1970
68689,2022,4,1612
68689,2023,1,1748
68689,2023,2,1653
68689,2023,3,2051
68689,2023,4,2083
68689,2024,1,2597
68689,2024,2,2729
68689,2024,3,3158
68689,2024,4,3235
68689,2025,1,2997
68689,2025,2,2871
68689,2025,3,3044
68689,2025,4,3258
68705,2022,1,241
68705,2022,2,5
68705,2022,3,4
68705,2022,4,3
68705,2023,1,2
68705,2023,2,2
68705,2023,3,2
68705,2023,4,8
68705,2024,1,3
68705,2024,4,1
68705,2025,1,1
68705,2025,2,1
68705,2025,3,1
68705,2025,4,1
68720,2022,1,3
68720,2022,2,2
68720,2022,3,2
68720,2022,4,2
68720,2023,1,2
68720,2023,2,2
68720,2023,3,2
68720,2023,4,1
68720,2024,1,1
68720,2024,2,1
68720,2024,3,1
68720,2024,4,1
68720,2025,1,1
68720,2025,2,1
68720,2025,3,1
68720,2025,4,1
68745,2022,1,12
68745,2022,2,12
68745,2022,3,10
68745,2022,4,10
68745,2023,1,8
68745,2023,2,7
68745,2023,3,6
68745,2023,4,5
68745,2024,1,5
68745,2024,2,6
68745,2024,3,6
68745,2024,4,6
68745,2025,1,7
68745,2025,2,7
68745,2025,3,6
68745,2025,4,7
68755,2022,1,2816
68755,2022,2,3141
68755,2022,3,2494
68755,2022,4,2781
68755,2023,1,2268
68755,2023,2,2853
68755,2023,3,3007
68755,2023,4,3239
68755,2024,1,3152
68755,2024,2,3203
68755,2024,3,3220
68755,2024,4,3299
68755,2025,1,2463
68755,2025,2,3379
68755,2025,3,3786
68755,2025,4,3956
68770,2022,1,44
68770,2022,2,43
68770,2022,3,15
68770,2022,4,14
68770,2023,1,115
68770,2023,2,13
68770,2023,3,339
68770,2023,4,324
68770,2024,1,319
68770,2024,2,313
68770,2024,3,314
68770,2024,4,575
68770,2025,1,949
68770,2025,2,420
68770,2025,3,405
68770,2025,4,404
68773,2022,1,16
68773,2022,2,10
68773,2022,3,9
68773,2022,4,8
68773,2023,1,7
68773,2023,2,19
68773,2023,3,19
68773,2023,4,22
68773,2024,1,28
68773,2024,2,19
68773,2024,3,17
68773,2024,4,17
68773,2025,1,18
68773,2025,2,18
68773,2025,3,23
68773,2025,4,30
68780,2022,1,52
68780,2022,2,53
68780,2022,3,46
68780,2022,4,36
68780,2023,1,73
68780,2023,2,32
68780,2023,3,243
68780,2023,4,83
68780,2024,1,97
68780,2024,2,96
68780,2024,3,91
68780,2024,4,74
68780,2025,1,69
68780,2025,2,68
68780,2025,3,67
68780,2025,4,66
68820,2022,1,177
68820,2022,2,143
68820,2022,3,125
68820,2022,4,114
68820,2023,1,100
68820,2023,2,91
68820,2023,3,81
68820,2023,4,78
68820,2024,1,318
68820,2024,2,399
68820,2024,3,479
68820,2024,4,460
68820,2025,1,266
68820,2025,2,269
68820,2025,3,272
68820,2025,4,274
68855,2022,1,447
68855,2022,2,719
68855,2022,3,977
68855,2022,4,343
68855,2023,1,59
68855,2023,2,386
68855,2023,3,633
68855,2023,4,385
68855,2024,1,411
68855,2024,2,453
68855,2024,3,427
68855,2024,4,454
68855,2025,1,708
68855,2025,2,465
68855,2025,3,682
68855,2025,4,704
68861,2022,1,693
68861,2022,2,768
68861,2022,3,761
68861,2022,4,1207
68861,2023,1,1383
68861,2023,2,648
68861,2023,3,1208
68861,2023,4,1211
68861,2024,1,1592
68861,2024,2,1329
68861,2024,3,760
68861,2024,4,752
68861,2025,1,1410
68861,2025,2,1519
68861,2025,3,1634
68861,2025,4,1702
68867,2022,1,98
68867,2022,2,91
68867,2022,3,91
68867,2022,4,88
68867,2023,1,85
68867,2023,2,15
68867,2023,3,81
68867,2023,4,79
68867,2024,1,97
68867,2024,2,95
68867,2024,3,94
68867,2024,4,76
68867,2025,1,5
68867,2025,2,70
68867,2025,3,67
68867,2025,4,66
68872,2022,1,52
68872,2022,2,7
68872,2022,3,25
68872,2022,4,26
68872,2023,2,41
68872,2023,3,820
68872,2023,4,61
68872,2024,1,46
68872,2024,2,750
68872,2024,3,687
68872,2024,4,728
68872,2025,1,747
68872,2025,2,783
68872,2025,3,887
68872,2025,4,573
68895,2022,1,2752
68895,2022,2,2922
68895,2022,3,2956
68895,2022,4,3043
68895,2023,1,2694
68895,2023,2,2922
68895,2023,3,3078
68895,2023,4,3121
68895,2024,1,4154
68895,2024,2,3377
68895,2024,3,3901
68895,2024,4,1514
68895,2025,1,1750
68895,2025,2,1724
68895,2025,3,1848
68895,2025,4,1691
70001,2022,1,39630
70001,2022,2,39714
70001,2022,3,39696
70001,2022,4,40088
70001,2023,1,39940
70001,2023,2,40926
70001,2023,3,38872
70001,2023,4,37566
70001,2024,1,37841
70001,2024,2,38612
70001,2024,3,49751
70001,2024,4,52006
70001,2025,1,51825
70001,2025,2,51696
70001,2025,3,55712
70001,2025,4,59480
70110,2022,1,359
70110,2022,2,516
70110,2022,3,203
70110,2022,4,173
70110,2023,2,351
70110,2023,3,347
70110,2023,4,435
70110,2024,1,404
70110,2024,2,437
70110,2024,3,430
70110,2024,4,530
70110,2025,1,541
70110,2025,2,498
70110,2025,3,630
70110,2025,4,685
70124,2022,1,52
70124,2022,2,50
70124,2022,3,55
70124,2022,4,41
70124,2023,1,43
70124,2023,2,43
70124,2023,3,36
70124,2023,4,36
70124,2024,1,39
70124,2024,2,38
70124,2024,3,35
70124,2024,4,35
70124,2025,1,35
70124,2025,2,39
70124,2025,3,34
70124,2025,4,96
70204,2022,1,2
70204,2022,2,2
70204,2022,3,2
70204,2022,4,2
70204,2023,1,2
70204,2023,2,2
70204,2023,3,2
70204,2023,4,2
70204,2024,1,17
70204,2024,2,17
70204,2024,3,17
70204,2024,4,17
70204,2025,1,121
70204,2025,2,251
70204,2025,3,350
70204,2025,4,315
70215,2022,1,6944
70215,2022,2,7145
70215,2022,3,6773
70215,2022,4,6908
70215,2023,1,6476
70215,2023,2,5946
70215,2023,3,5713
70215,2023,4,5683
70215,2024,1,4921
70215,2024,2,5038
70215,2024,3,5376
70215,2024,4,5627
70215,2025,1,7816
70215,2025,2,6509
70215,2025,3,6657
70215,2025,4,7144
70221,2022,1,2110
70221,2022,2,2024
70221,2022,3,2001
70221,2022,4,2072
70221,2023,1,1989
70221,2023,2,1926
70221,2023,3,1852
70221,2023,4,1690
70221,2024,1,1086
70221,2024,2,1205
70221,2024,3,1075
70221,2024,4,1920
70221,2025,1,1868
70221,2025,2,2745
70221,2025,3,2920
70221,2025,4,3279
70230,2025,2,59
70230,2025,3,61
70230,2025,4,61
70233,2022,1,8
70233,2022,2,5
70233,2022,3,3
70233,2022,4,3
70233,2023,1,2
70233,2023,2,1
70233,2023,3,1
70233,2023,4,1
70233,2024,1,19
70233,2024,2,3
70233,2024,3,173
70233,2024,4,80
70233,2025,1,86
70233,2025,2,92
70233,2025,3,78
70233,2025,4,75
70235,2022,1,1047
70235,2022,2,1037
70235,2022,3,1034
70235,2022,4,1033
70235,2023,1,1206
70235,2023,2,1261
70235,2023,3,463
70235,2023,4,366
70235,2024,1,825
70235,2024,2,663
70235,2024,3,446
70235,2024,4,287
70235,2025,1,292
70235,2025,2,279
70235,2025,3,267
70235,2025,4,246
70265,2022,1,303
70265,2022,2,290
70265,2022,3,356
70265,2022,4,251
70265,2023,1,290
70265,2023,2,255
70265,2023,3,296
70265,2023,4,306
70265,2024,1,317
70265,2024,2,308
70265,2024,3,517
70265,2024,4,331
70265,2025,1,443
70265,2025,2,332
70265,2025,3,407
70265,2025,4,301
70400,2022,1,664
70400,2022,2,659
70400,2022,3,690
70400,2022,4,665
70400,2023,1,688
70400,2023,2,704
70400,2023,3,323
70400,2023,4,288
70400,2024,1,173
70400,2024,2,134
70400,2024,3,161
70400,2024,4,138
70400,2025,1,140
70400,2025,2,156
70400,2025,3,128
70400,2025,4,221
70418,2022,1,851
70418,2022,2,819
70418,2022,3,831
70418,2022,4,825
70418,2023,1,918
70418,2023,2,784
70418,2023,3,296
70418,2023,4,1341
70418,2024,1,1377
70418,2024,2,1489
70418,2024,3,1508
70418,2024,4,1588
70418,2025,1,1983
70418,2025,2,1729
70418,2025,3,1763
70418,2025,4,1882
70429,2022,1,1310
70429,2022,2,1286
70429,2022,3,1283
70429,2022,4,1221
70429,2023,1,1208
70429,2023,2,1053
70429,2023,3,634
70429,2023,4,560
70429,2024,1,460
70429,2024,2,423
70429,2024,3,664
70429,2024,4,946
70429,2025,1,699
70429,2025,2,703
70429,2025,3,966
70429,2025,4,787
70473,2022,1,516
70473,2022,2,478
70473,2022,3,452
70473,2022,4,406
70473,2023,1,328
70473,2023,2,232
70473,2023,3,132
70473,2023,4,90
70473,2024,1,149
70473,2024,2,130
70473,2024,3,147
70473,2024,4,162
70473,2025,1,845
70473,2025,2,187
70473,2025,3,391
70473,2025,4,412
70508,2022,1,1446
70508,2022,2,1497
70508,2022,3,1612
70508,2022,4,1543
70508,2023,1,1985
70508,2023,2,1441
70508,2023,3,752
70508,2023,4,666
70508,2024,1,636
70508,2024,2,617
70508,2024,3,690
70508,2024,4,748
70508,2025,1,231
70508,2025,2,391
70508,2025,3,686
70508,2025,4,676
70523,2022,1,5
70523,2022,2,4
70523,2022,3,3
70523,2022,4,52
70523,2023,1,3
70523,2023,2,120
70523,2023,3,269
70523,2023,4,2
70523,2024,1,7
70523,2024,2,6
70523,2024,3,5
70523,2024,4,5
70523,2025,1,5
70523,2025,2,1
70523,2025,3,228
70523,2025,4,228
70670,2022,1,2857
70670,2022,2,2925
70670,2022,3,2879
70670,2022,4,2729
70670,2023,1,2680
70670,2023,2,2562
70670,2023,3,1370
70670,2023,4,1204
70670,2024,1,1092
70670,2024,2,1008
70670,2024,3,1703
70670,2024,4,1777
70670,2025,1,1773
70670,2025,2,1544
70670,2025,3,1922
70670,2025,4,3073
70678,2022,1,450
70678,2022,2,447
70678,2022,3,443
70678,2022,4,443
70678,2023,1,449
70678,2023,2,467
70678,2023,3,166
70678,2023,4,95
70678,2024,1,7
70678,2024,2,9
70678,2024,3,11
70678,2024,4,10
70678,2025,1,9
70678,2025,2,9
70678,2025,3,14
70678,2025,4,12
70702,2022,1,1244
70702,2022,2,1261
70702,2022,3,469
70702,2022,4,1232
70702,2023,1,443
70702,2023,2,479
70702,2023,3,132
70702,2023,4,84
70702,2024,1,8
70702,2024,2,7
70702,2024,3,9
70702,2024,4,683
70702,2025,1,616
70702,2025,2,656
70702,2025,3,740
70702,2025,4,712
70708,2022,1,1786
70708,2022,2,1678
70708,2022,3,1598
70708,2022,4,1567
70708,2023,1,1485
70708,2023,2,1502
70708,2023,3,1494
70708,2023,4,1526
70708,2024,1,1355
70708,2024,2,1477
70708,2024,3,1647
70708,2024,4,2085
70708,2025,1,2306
70708,2025,2,2513
70708,2025,3,2814
70708,2025,4,3234
70713,2022,1,270
70713,2022,2,239
70713,2022,3,218
70713,2022,4,227
70713,2023,1,201
70713,2023,2,184
70713,2023,3,1744
70713,2023,4,1300
70713,2024,1,1251
70713,2024,2,1201
70713,2024,3,1080
70713,2024,4,1071
70713,2025,1,3228
70713,2025,2,1996
70713,2025,3,2133
70713,2025,4,2158
70717,2022,1,907
70717,2022,2,982
70717,2022,3,995
70717,2022,4,1025
70717,2023,1,1148
70717,2023,2,1463
70717,2023,3,910
70717,2023,4,992
70717,2024,1,1025
70717,2024,2,1066
70717,2024,3,1072
70717,2024,4,1099
70717,2025,1,1062
70717,2025,2,1196
70717,2025,3,1212
70717,2025,4,1231
70742,2022,1,1337
70742,2022,2,1337
70742,2022,3,753
70742,2022,4,1300
70742,2023,1,774
70742,2023,2,849
70742,2023,3,743
70742,2023,4,717
70742,2024,1,773
70742,2024,2,842
70742,2024,3,696
70742,2024,4,1600
70742,2025,1,1589
70742,2025,2,1549
70742,2025,3,1671
70742,2025,4,1470
70771,2022,1,49
70771,2022,2,36
70771,2022,3,25
70771,2022,4,18
70771,2023,1,133
70771,2023,2,134
70771,2023,3,213
70771,2023,4,422
70771,2024,1,452
70771,2024,2,469
70771,2024,3,451
70771,2024,4,13
70771,2025,1,405
70771,2025,2,399
70771,2025,3,388
70771,2025,4,385
70820,2022,1,1214
70820,2022,2,1059
70820,2022,3,937
70820,2022,4,906
70820,2023,1,849
70820,2023,2,783
70820,2023,3,712
70820,2023,4,607
70820,2024,1,532
70820,2024,2,463
70820,2024,3,291
70820,2024,4,786
70820,2025,1,923
70820,2025,2,1382
70820,2025,3,1626
70820,2025,4,2003
70823,2022,1,727
70823,2022,2,716
70823,2022,3,698
70823,2022,4,673
70823,2023,1,654
70823,2023,2,603
70823,2023,3,306
70823,2023,4,306
70823,2024,1,180
70823,2024,2,190
70823,2024,3,207
70823,2024,4,854
70823,2025,1,440
70823,2025,2,660
70823,2025,3,661
70823,2025,4,722
73001,2022,1,127563
73001,2022,2,135966
73001,2022,3,138172
73001,2022,4,140431
73001,2023,1,146798
73001,2023,2,143242
73001,2023,3,148225
73001,2023,4,145278
73001,2024,1,152520
73001,2024,2,151055
73001,2024,3,173744
73001,2024,4,152609
73001,2025,1,143419
73001,2025,2,164783
73001,2025,3,185804
73001,2025,4,190276
73024,2022,1,37
73024,2022,2,13
73024,2022,3,32
73024,2022,4,31
73024,2023,1,26
73024,2023,2,23
73024,2023,3,20
73024,2023,4,20
73024,2024,1,18
73024,2024,2,17
73024,2024,3,15
73024,2024,4,15
73024,2025,1,14
73024,2025,2,75
73024,2025,3,169
73024,2025,4,149
73026,2022,1,14
73026,2022,2,30
73026,2022,3,67
73026,2022,4,48
73026,2023,1,375
73026,2023,2,451
73026,2023,3,461
73026,2023,4,324
73026,2024,1,457
73026,2024,2,517
73026,2024,3,527
73026,2024,4,552
73026,2025,1,533
73026,2025,2,580
73026,2025,3,509
73026,2025,4,549
73030,2022,1,172
73030,2022,2,164
73030,2022,3,168
73030,2022,4,167
73030,2023,1,162
73030,2023,2,162
73030,2023,3,162
73030,2023,4,9
73030,2024,1,696
73030,2024,2,693
73030,2024,3,683
73030,2024,4,683
73030,2025,1,679
73030,2025,2,701
73030,2025,3,912
73030,2025,4,776
73043,2022,1,11
73043,2022,2,13
73043,2022,3,14
73043,2022,4,12
73043,2023,1,9
73043,2023,2,9
73043,2023,3,8
73043,2023,4,6
73043,2024,1,6
73043,2024,2,8
73043,2024,3,5
73043,2024,4,5
73043,2025,1,8
73043,2025,2,10
73043,2025,3,11
73043,2025,4,15
73055,2022,1,1321
73055,2022,2,1314
73055,2022,3,1374
73055,2022,4,1387
73055,2023,1,1291
73055,2023,2,1471
73055,2023,3,1466
73055,2023,4,1433
73055,2024,1,1458
73055,2024,2,1505
73055,2024,3,1528
73055,2024,4,1491
73055,2025,1,1471
73055,2025,2,1547
73055,2025,3,1736
73055,2025,4,1959
73067,2022,1,199
73067,2022,2,208
73067,2022,3,210
73067,2022,4,212
73067,2023,1,527
73067,2023,2,561
73067,2023,3,565
73067,2023,4,368
73067,2024,1,510
73067,2024,2,503
73067,2024,3,651
73067,2024,4,663
73067,2025,1,474
73067,2025,2,487
73067,2025,3,464
73067,2025,4,367
73124,2022,1,203
73124,2022,2,200
73124,2022,3,194
73124,2022,4,193
73124,2023,1,184
73124,2023,2,244
73124,2023,3,359
73124,2023,4,294
73124,2024,1,400
73124,2024,2,548
73124,2024,3,625
73124,2024,4,1098
73124,2025,1,1224
73124,2025,2,2148
73124,2025,3,825
73124,2025,4,871
73148,2022,1,253
73148,2022,2,250
73148,2022,3,240
73148,2022,4,255
73148,2023,1,257
73148,2023,2,261
73148,2023,3,270
73148,2023,4,110
73148,2024,1,1408
73148,2024,2,1515
73148,2024,3,1740
73148,2024,4,1675
73148,2025,1,1871
73148,2025,2,2122
73148,2025,3,3026
73148,2025,4,3417
73152,2022,1,2
73152,2022,2,3
73152,2022,3,4
73152,2022,4,2
73152,2023,1,1
73152,2023,3,33
73152,2023,4,3
73152,2024,1,24
73152,2024,2,28
73152,2024,3,29
73152,2024,4,1
73152,2025,1,18
73152,2025,2,17
73152,2025,3,17
73152,2025,4,2
73168,2022,1,5522
73168,2022,2,4848
73168,2022,3,5441
73168,2022,4,5193
73168,2023,1,4949
73168,2023,2,4733
73168,2023,3,4630
73168,2023,4,3972
73168,2024,1,4031
73168,2024,2,3273
73168,2024,3,3173
73168,2024,4,4085
73168,2025,1,4234
73168,2025,2,4623
73168,2025,3,4601
73168,2025,4,4720
73200,2022,1,16
73200,2022,2,100
73200,2022,3,88
73200,2022,4,77
73200,2023,1,94
73200,2023,2,70
73200,2023,3,212
73200,2023,4,116
73200,2024,1,269
73200,2024,2,254
73200,2024,3,91
73200,2024,4,267
73200,2025,1,340
73200,2025,2,423
73200,2025,3,460
73200,2025,4,592
73217,2022,1,440
73217,2022,2,331
73217,2022,3,502
73217,2022,4,545
73217,2023,1,576
73217,2023,2,564
73217,2023,3,568
73217,2023,4,554
73217,2024,1,536
73217,2024,2,457
73217,2024,3,571
73217,2024,4,564
73217,2025,1,538
73217,2025,2,542
73217,2025,3,697
73217,2025,4,757
73226,2022,1,15
73226,2022,2,14
73226,2022,3,12
73226,2022,4,41
73226,2023,1,38
73226,2023,2,41
73226,2023,3,51
73226,2023,4,51
73226,2024,1,49
73226,2024,2,38
73226,2024,3,38
73226,2024,4,29
73226,2025,1,36
73226,2025,2,164
73226,2025,3,164
73226,2025,4,167
73236,2022,1,92
73236,2022,2,77
73236,2022,3,107
73236,2022,4,137
73236,2023,1,182
73236,2023,2,185
73236,2023,3,186
73236,2023,4,181
73236,2024,1,179
73236,2024,2,145
73236,2024,3,28
73236,2024,4,26
73236,2025,1,25
73236,2025,2,138
73236,2025,3,515
73236,2025,4,579
73268,2022,1,14735
73268,2022,2,15320
73268,2022,3,15422
73268,2022,4,15033
73268,2023,1,16196
73268,2023,2,15406
73268,2023,3,15800
73268,2023,4,15926
73268,2024,1,15773
73268,2024,2,14608
73268,2024,3,15878
73268,2024,4,14339
73268,2025,1,15149
73268,2025,2,16212
73268,2025,3,16138
73268,2025,4,16644
73270,2022,1,163
73270,2022,2,313
73270,2022,3,495
73270,2022,4,322
73270,2023,1,312
73270,2023,2,86
73270,2023,3,57
73270,2023,4,59
73270,2024,1,52
73270,2024,2,253
73270,2024,3,83
73270,2024,4,251
73270,2025,1,377
73270,2025,2,299
73270,2025,3,296
73270,2025,4,292
73275,2022,1,5406
73275,2022,2,5514
73275,2022,3,5592
73275,2022,4,5736
73275,2023,1,5721
73275,2023,2,5832
73275,2023,3,5924
73275,2023,4,6255
73275,2024,1,5828
73275,2024,2,5817
73275,2024,3,5782
73275,2024,4,6202
73275,2025,1,6363
73275,2025,2,6710
73275,2025,3,7439
73275,2025,4,8136
73283,2022,1,1442
73283,2022,2,1537
73283,2022,3,1541
73283,2022,4,1480
73283,2023,1,1366
73283,2023,2,1367
73283,2023,3,1383
73283,2023,4,1443
73283,2024,1,1594
73283,2024,2,1761
73283,2024,3,1838
73283,2024,4,1937
73283,2025,1,2603
73283,2025,2,2465
73283,2025,3,2554
73283,2025,4,2252
73319,2022,1,3518
73319,2022,2,3449
73319,2022,3,3604
73319,2022,4,3608
73319,2023,1,3582
73319,2023,2,3589
73319,2023,3,3703
73319,2023,4,3633
73319,2024,1,3732
73319,2024,2,3780
73319,2024,3,3921
73319,2024,4,3919
73319,2025,1,3909
73319,2025,2,3829
73319,2025,3,4268
73319,2025,4,4391
73347,2022,1,80
73347,2022,2,79
73347,2022,3,153
73347,2022,4,96
73347,2023,1,86
73347,2023,2,85
73347,2023,3,84
73347,2023,4,80
73347,2024,1,97
73347,2024,2,124
73347,2024,3,74
73347,2024,4,34
73347,2025,1,39
73347,2025,2,93
73347,2025,3,114
73347,2025,4,135
73349,2022,1,4482
73349,2022,2,4723
73349,2022,3,4501
73349,2022,4,4064
73349,2023,1,4450
73349,2023,2,5394
73349,2023,3,5384
73349,2023,4,5106
73349,2024,1,5275
73349,2024,2,5098
73349,2024,3,5389
73349,2024,4,4186
73349,2025,1,5996
73349,2025,2,6621
73349,2025,3,6826
73349,2025,4,7245
73352,2022,1,132
73352,2022,2,371
73352,2022,3,472
73352,2022,4,412
73352,2023,1,453
73352,2023,2,433
73352,2023,3,537
73352,2023,4,337
73352,2024,1,124
73352,2024,2,593
73352,2024,3,403
73352,2024,4,579
73352,2025,1,624
73352,2025,2,738
73352,2025,3,774
73352,2025,4,792
73408,2022,1,302
73408,2022,2,284
73408,2022,3,274
73408,2022,4,295
73408,2023,1,565
73408,2023,2,467
73408,2023,3,552
73408,2023,4,408
73408,2024,1,481
73408,2024,2,393
73408,2024,3,381
73408,2024,4,353
73408,2025,1,255
73408,2025,2,233
73408,2025,3,222
73408,2025,4,206
73411,2022,1,2824
73411,2022,2,3012
73411,2022,3,2717
73411,2022,4,2973
73411,2023,1,3175
73411,2023,2,3410
73411,2023,3,3326
73411,2023,4,2965
73411,2024,1,3042
73411,2024,2,2747
73411,2024,3,1874
73411,2024,4,1555
73411,2025,1,2099
73411,2025,2,2048
73411,2025,3,3831
73411,2025,4,3622
73443,2022,1,4191
73443,2022,2,4540
73443,2022,3,4928
73443,2022,4,4632
73443,2023,1,4753
73443,2023,2,4964
73443,2023,3,5064
73443,2023,4,5180
73443,2024,1,5048
73443,2024,2,5227
73443,2024,3,6154
73443,2024,4,5164
73443,2025,1,6638
73443,2025,2,6103
73443,2025,3,7990
73443,2025,4,7034
73449,2022,1,6418
73449,2022,2,6766
73449,2022,3,6580
73449,2022,4,7640
73449,2023,1,8147
73449,2023,2,8422
73449,2023,3,8665
73449,2023,4,8723
73449,2024,1,9208
73449,2024,2,9374
73449,2024,3,9970
73449,2024,4,8752
73449,2025,1,10404
73449,2025,2,9466
73449,2025,3,10850
73449,2025,4,10527
73461,2022,1,2
73461,2022,2,2
73461,2022,3,2
73461,2022,4,2
73461,2023,1,2
73461,2023,2,2
73461,2023,3,2
73461,2023,4,2
73461,2024,1,66
73461,2024,2,144
73461,2024,3,272
73461,2024,4,882
73461,2025,1,16
73461,2025,2,258
73461,2025,3,75
73461,2025,4,76
73483,2022,1,557
73483,2022,2,561
73483,2022,3,561
73483,2022,4,548
73483,2023,1,530
73483,2023,2,534
73483,2023,3,507
73483,2023,4,470
73483,2024,1,431
73483,2024,2,365
73483,2024,3,350
73483,2024,4,336
73483,2025,1,297
73483,2025,2,252
73483,2025,3,220
73483,2025,4,240
73504,2022,1,489
73504,2022,2,326
73504,2022,3,471
73504,2022,4,461
73504,2023,1,450
73504,2023,2,447
73504,2023,3,447
73504,2023,4,207
73504,2024,1,474
73504,2024,2,329
73504,2024,3,336
73504,2024,4,443
73504,2025,1,762
73504,2025,2,742
73504,2025,3,742
73504,2025,4,596
73520,2022,1,159
73520,2022,2,224
73520,2022,3,245
73520,2022,4,311
73520,2023,1,141
73520,2023,2,498
73520,2023,3,247
73520,2023,4,112
73520,2024,1,117
73520,2024,2,108
73520,2024,3,64
73520,2024,4,60
73520,2025,1,61
73520,2025,2,59
73520,2025,3,58
73520,2025,4,55
73547,2022,1,11
73547,2022,2,22
73547,2022,3,88
73547,2022,4,78
73547,2023,1,215
73547,2023,2,180
73547,2023,3,297
73547,2023,4,247
73547,2024,1,463
73547,2024,2,313
73547,2024,3,308
73547,2024,4,304
73547,2025,1,400
73547,2025,2,507
73547,2025,3,489
73547,2025,4,494
73555,2022,1,450
73555,2022,2,497
73555,2022,3,525
73555,2022,4,683
73555,2023,1,647
73555,2023,2,793
73555,2023,3,770
73555,2023,4,801
73555,2024,1,740
73555,2024,2,675
73555,2024,3,365
73555,2024,4,702
73555,2025,1,697
73555,2025,2,735
73555,2025,3,1534
73555,2025,4,1604
73563,2022,1,13
73563,2022,2,13
73563,2022,3,11
73563,2022,4,102
73563,2023,1,17
73563,2023,2,10
73563,2023,3,100
73563,2023,4,8
73563,2024,1,12
73563,2024,2,13
73563,2024,3,241
73563,2024,4,276
73563,2025,1,338
73563,2025,2,251
73563,2025,3,460
73563,2025,4,412
73585,2022,1,1194
73585,2022,2,1270
73585,2022,3,1242
73585,2022,4,1411
73585,2023,1,1686
73585,2023,2,1715
73585,2023,3,1733
73585,2023,4,1715
73585,2024,1,1665
73585,2024,2,2360
73585,2024,3,2374
73585,2024,4,2271
73585,2025,1,1959
73585,2025,2,2314
73585,2025,3,2877
73585,2025,4,2761
73616,2022,1,36
73616,2022,2,33
73616,2022,3,34
73616,2022,4,503
73616,2023,1,31
73616,2023,2,1274
73616,2023,3,32
73616,2023,4,1194
73616,2024,1,1191
73616,2024,2,1340
73616,2024,3,1224
73616,2024,4,1347
73616,2025,1,991
73616,2025,2,1511
73616,2025,3,1950
73616,2025,4,1636
73622,2022,1,207
73622,2022,2,13
73622,2022,3,205
73622,2022,4,205
73622,2023,1,208
73622,2023,2,209
73622,2023,3,214
73622,2023,4,214
73622,2024,1,221
73622,2024,2,218
73622,2024,3,211
73622,2024,4,214
73622,2025,1,217
73622,2025,2,200
73622,2025,3,210
73622,2025,4,214
73624,2022,1,372
73624,2022,2,281
73624,2022,3,353
73624,2022,4,340
73624,2023,1,462
73624,2023,2,463
73624,2023,3,306
73624,2023,4,77
73624,2024,1,332
73624,2024,2,296
73624,2024,3,548
73624,2024,4,634
73624,2025,1,768
73624,2025,2,616
73624,2025,3,485
73624,2025,4,316
73671,2022,1,169
73671,2022,2,153
73671,2022,3,150
73671,2022,4,142
73671,2023,1,136
73671,2023,2,126
73671,2023,3,124
73671,2023,4,92
73671,2024,1,630
73671,2024,2,626
73671,2024,3,617
73671,2024,4,580
73671,2025,1,563
73671,2025,2,43
73671,2025,3,609
73671,2025,4,418
73675,2022,1,36
73675,2022,2,19
73675,2022,3,29
73675,2022,4,28
73675,2023,1,38
73675,2023,2,62
73675,2023,3,59
73675,2023,4,93
73675,2024,1,94
73675,2024,2,80
73675,2024,3,119
73675,2024,4,216
73675,2025,1,178
73675,2025,2,217
73675,2025,3,175
73675,2025,4,176
73678,2022,1,75
73678,2022,2,36
73678,2022,3,66
73678,2022,4,61
73678,2023,1,566
73678,2023,2,339
73678,2023,3,531
73678,2023,4,255
73678,2024,1,265
73678,2024,2,139
73678,2024,3,150
73678,2024,4,253
73678,2025,1,331
73678,2025,2,375
73678,2025,3,510
73678,2025,4,955
73686,2022,1,10
73686,2022,2,10
73686,2022,3,9
73686,2022,4,9
73686,2023,1,9
73686,2023,2,9
73686,2023,3,8
73686,2023,4,8
73686,2024,1,9
73686,2024,2,10
73686,2024,3,12
73686,2024,4,10
73686,2025,1,11
73686,2025,2,10
73686,2025,3,13
73686,2025,4,16
73770,2022,1,3
73770,2022,2,1
73770,2022,3,1
73770,2022,4,2
73770,2023,1,100
73770,2023,2,100
73770,2023,3,104
73770,2023,4,3
73770,2024,1,83
73770,2024,2,2
73770,2024,3,2
73770,2024,4,2
73770,2025,1,175
73770,2025,2,216
73770,2025,3,349
73770,2025,4,730
73854,2022,1,2
73854,2022,2,2
73854,2022,3,2
73854,2022,4,2
73854,2023,1,2
73854,2023,2,1
73854,2023,3,1
73854,2023,4,1
73854,2024,3,1
73854,2024,4,1
73854,2025,1,1
73854,2025,2,1
73854,2025,3,5
73854,2025,4,5
73861,2022,1,156
73861,2022,2,183
73861,2022,3,169
73861,2022,4,157
73861,2023,1,683
73861,2023,2,702
73861,2023,3,693
73861,2023,4,608
73861,2024,1,529
73861,2024,2,566
73861,2024,3,841
73861,2024,4,897
73861,2025,1,870
73861,2025,2,496
73861,2025,3,656
73861,2025,4,677
73870,2022,1,92
73870,2022,2,1
73870,2022,3,93
73870,2022,4,93
73870,2023,1,118
73870,2023,2,114
73870,2023,3,117
73870,2023,4,119
73870,2024,1,123
73870,2024,2,54
73870,2024,3,127
73870,2024,4,142
73870,2025,1,150
73870,2025,2,11
73870,2025,3,152
73870,2025,4,152
73873,2022,1,3
73873,2022,2,2
73873,2022,3,1
73873,2022,4,2
73873,2023,1,2
73873,2023,2,1
73873,2023,3,1
73873,2023,4,1
73873,2024,1,1
73873,2024,2,1
73873,2024,3,1
73873,2024,4,1
73873,2025,1,1
73873,2025,2,68
73873,2025,3,68
73873,2025,4,68
76001,2022,1,518082
76001,2022,2,514178
76001,2022,3,498303
76001,2022,4,495792
76001,2023,1,494649
76001,2023,2,617757
76001,2023,3,756312
76001,2023,4,612949
76001,2024,1,483761
76001,2024,2,487012
76001,2024,3,490709
76001,2024,4,495230
76001,2025,1,501893
76001,2025,2,503681
76001,2025,3,508835
76001,2025,4,518607
76020,2022,1,202
76020,2022,2,204
76020,2022,3,216
76020,2022,4,217
76020,2023,1,176
76020,2023,2,1322
76020,2023,3,1503
76020,2023,4,1462
76020,2024,1,1396
76020,2024,2,1449
76020,2024,3,1512
76020,2024,4,1568
76020,2025,1,1654
76020,2025,2,1671
76020,2025,3,1840
76020,2025,4,1750
76036,2022,1,1927
76036,2022,2,1834
76036,2022,3,1878
76036,2022,4,1705
76036,2023,1,1670
76036,2023,2,1622
76036,2023,3,1576
76036,2023,4,1804
76036,2024,1,1810
76036,2024,2,2023
76036,2024,3,2795
76036,2024,4,2376
76036,2025,1,2576
76036,2025,2,2573
76036,2025,3,3585
76036,2025,4,2837
76041,2022,1,553
76041,2022,2,541
76041,2022,3,493
76041,2022,4,55
76041,2023,1,503
76041,2023,2,1677
76041,2023,3,1734
76041,2023,4,1760
76041,2024,1,1790
76041,2024,2,1800
76041,2024,3,1865
76041,2024,4,2052
76041,2025,1,2143
76041,2025,2,1865
76041,2025,3,1975
76041,2025,4,2043
76054,2022,1,45
76054,2022,2,43
76054,2022,3,39
76054,2022,4,29
76054,2023,1,44
76054,2023,2,181
76054,2023,3,176
76054,2023,4,173
76054,2024,1,179
76054,2024,2,174
76054,2024,3,160
76054,2024,4,155
76054,2025,1,165
76054,2025,2,164
76054,2025,3,157
76054,2025,4,169
76100,2022,1,707
76100,2022,2,434
76100,2022,3,568
76100,2022,4,450
76100,2023,1,504
76100,2023,2,523
76100,2023,3,560
76100,2023,4,537
76100,2024,1,557
76100,2024,2,560
76100,2024,3,614
76100,2024,4,650
76100,2025,1,702
76100,2025,2,573
76100,2025,3,650
76100,2025,4,692
76109,2022,1,25182
76109,2022,2,8951
76109,2022,3,23592
76109,2022,4,22998
76109,2023,1,22013
76109,2023,2,20614
76109,2023,3,20577
76109,2023,4,20358
76109,2024,1,19644
76109,2024,2,20115
76109,2024,3,21752
76109,2024,4,24214
76109,2025,1,24599
76109,2025,2,27104
76109,2025,3,29098
76109,2025,4,31188
76111,2022,1,25959
76111,2022,2,26898
76111,2022,3,26643
76111,2022,4,26839
76111,2023,1,27313
76111,2023,2,27841
76111,2023,3,27811
76111,2023,4,28069
76111,2024,1,28444
76111,2024,2,28657
76111,2024,3,29175
76111,2024,4,29306
76111,2025,1,30428
76111,2025,2,30928
76111,2025,3,31644
76111,2025,4,32427
76113,2022,1,2093
76113,2022,2,2593
76113,2022,3,2431
76113,2022,4,2412
76113,2023,1,2298
76113,2023,2,2217
76113,2023,3,2333
76113,2023,4,2366
76113,2024,1,2376
76113,2024,2,2391
76113,2024,3,2355
76113,2024,4,2410
76113,2025,1,2798
76113,2025,2,2935
76113,2025,3,2614
76113,2025,4,2543
76122,2022,1,2772
76122,2022,2,2485
76122,2022,3,2308
76122,2022,4,2148
76122,2023,1,2127
76122,2023,2,2591
76122,2023,3,2742
76122,2023,4,3029
76122,2024,1,2968
76122,2024,2,3646
76122,2024,3,2906
76122,2024,4,3817
76122,2025,1,3384
76122,2025,2,4957
76122,2025,3,5116
76122,2025,4,4821
76126,2022,1,2106
76126,2022,2,1602
76126,2022,3,2123
76126,2022,4,2913
76126,2023,1,2156
76126,2023,2,2140
76126,2023,3,2314
76126,2023,4,2444
76126,2024,1,2273
76126,2024,2,2550
76126,2024,3,2724
76126,2024,4,2543
76126,2025,1,1941
76126,2025,2,1953
76126,2025,3,1956
76126,2025,4,2010
76130,2022,1,13841
76130,2022,2,13473
76130,2022,3,14152
76130,2022,4,14590
76130,2023,1,15092
76130,2023,2,15729
76130,2023,3,16322
76130,2023,4,16170
76130,2024,1,17209
76130,2024,2,17027
76130,2024,3,17499
76130,2024,4,17848
76130,2025,1,18383
76130,2025,2,18950
76130,2025,3,22013
76130,2025,4,21658
76147,2022,1,22168
76147,2022,2,25512
76147,2022,3,26118
76147,2022,4,24553
76147,2023,1,25059
76147,2023,2,23085
76147,2023,3,23452
76147,2023,4,23548
76147,2024,1,23312
76147,2024,2,24088
76147,2024,3,25115
76147,2024,4,27429
76147,2025,1,28837
76147,2025,2,29549
76147,2025,3,30850
76147,2025,4,30716
76233,2022,1,4104
76233,2022,2,5596
76233,2022,3,7007
76233,2022,4,6693
76233,2023,1,6637
76233,2023,2,6339
76233,2023,3,6592
76233,2023,4,6941
76233,2024,1,5638
76233,2024,2,6558
76233,2024,3,7098
76233,2024,4,6783
76233,2025,1,7233
76233,2025,2,3779
76233,2025,3,7671
76233,2025,4,3726
76243,2022,1,111
76243,2022,2,95
76243,2022,3,80
76243,2022,4,79
76243,2023,1,75
76243,2023,2,71
76243,2023,3,69
76243,2023,4,71
76243,2024,1,72
76243,2024,2,69
76243,2024,3,60
76243,2024,4,12
76243,2025,1,9
76243,2025,2,11
76243,2025,3,9
76243,2025,4,7
76246,2022,1,7
76246,2022,2,7
76246,2022,3,5
76246,2022,4,6
76246,2023,1,6
76246,2023,2,79
76246,2023,3,77
76246,2023,4,76
76246,2024,1,71
76246,2024,2,189
76246,2024,3,194
76246,2024,4,55
76246,2025,1,53
76246,2025,2,54
76246,2025,3,44
76246,2025,4,42
76248,2022,1,8275
76248,2022,2,8548
76248,2022,3,8771
76248,2022,4,8754
76248,2023,1,8799
76248,2023,2,8808
76248,2023,3,9013
76248,2023,4,8720
76248,2024,1,8686
76248,2024,2,8662
76248,2024,3,8844
76248,2024,4,8423
76248,2025,1,8405
76248,2025,2,9075
76248,2025,3,9649
76248,2025,4,9727
76250,2022,1,426
76250,2022,2,404
76250,2022,3,383
76250,2022,4,360
76250,2023,1,495
76250,2023,2,474
76250,2023,3,462
76250,2023,4,449
76250,2024,1,459
76250,2024,2,463
76250,2024,3,382
76250,2024,4,510
76250,2025,1,570
76250,2025,2,527
76250,2025,3,486
76250,2025,4,419
76275,2022,1,4624
76275,2022,2,4480
76275,2022,3,4503
76275,2022,4,4384
76275,2023,1,4372
76275,2023,2,4753
76275,2023,3,5201
76275,2023,4,4836
76275,2024,1,4517
76275,2024,2,4379
76275,2024,3,5199
76275,2024,4,4328
76275,2025,1,4332
76275,2025,2,4008
76275,2025,3,4864
76275,2025,4,4604
76306,2022,1,2869
76306,2022,2,2511
76306,2022,3,2666
76306,2022,4,3004
76306,2023,1,2914
76306,2023,2,3078
76306,2023,3,3289
76306,2023,4,3296
76306,2024,1,3395
76306,2024,2,3330
76306,2024,3,3439
76306,2024,4,3565
76306,2025,1,1440
76306,2025,2,1534
76306,2025,3,1713
76306,2025,4,1845
76318,2022,1,3117
76318,2022,2,2898
76318,2022,3,2911
76318,2022,4,2923
76318,2023,1,4209
76318,2023,2,4376
76318,2023,3,4342
76318,2023,4,4090
76318,2024,1,4249
76318,2024,2,3098
76318,2024,3,2032
76318,2024,4,3198
76318,2025,1,3136
76318,2025,2,3875
76318,2025,3,3536
76318,2025,4,3685
76364,2022,1,42283
76364,2022,2,43190
76364,2022,3,44487
76364,2022,4,44766
76364,2023,1,45304
76364,2023,2,51202
76364,2023,3,50920
76364,2023,4,51850
76364,2024,1,46113
76364,2024,2,46594
76364,2024,3,47437
76364,2024,4,47714
76364,2025,1,48416
76364,2025,2,49640
76364,2025,3,52107
76364,2025,4,53151
76377,2022,1,735
76377,2022,2,795
76377,2022,3,747
76377,2022,4,846
76377,2023,1,1140
76377,2023,2,1709
76377,2023,3,1727
76377,2023,4,1817
76377,2024,1,1905
76377,2024,2,1576
76377,2024,3,1625
76377,2024,4,2192
76377,2025,1,2930
76377,2025,2,2820
76377,2025,3,2882
76377,2025,4,2605
76400,2022,1,1747
76400,2022,2,1673
76400,2022,3,1604
76400,2022,4,1741
76400,2023,1,2093
76400,2023,2,5033
76400,2023,3,5330
76400,2023,4,5374
76400,2024,1,5378
76400,2024,2,5789
76400,2024,3,5463
76400,2024,4,5905
76400,2025,1,5603
76400,2025,2,6283
76400,2025,3,6457
76400,2025,4,6428
76403,2022,1,1393
76403,2022,2,1555
76403,2022,3,1309
76403,2022,4,1469
76403,2023,1,1555
76403,2023,2,1146
76403,2023,3,1610
76403,2023,4,1615
76403,2024,1,1701
76403,2024,2,1634
76403,2024,3,1719
76403,2024,4,1720
76403,2025,1,1633
76403,2025,2,1504
76403,2025,3,1599
76403,2025,4,1616
76497,2022,1,396
76497,2022,2,528
76497,2022,3,306
76497,2022,4,43
76497,2023,1,285
76497,2023,2,1263
76497,2023,3,1297
76497,2023,4,1298
76497,2024,1,1344
76497,2024,2,1396
76497,2024,3,1448
76497,2024,4,1444
76497,2025,1,1491
76497,2025,2,1430
76497,2025,3,1493
76497,2025,4,1445
76520,2022,1,75137
76520,2022,2,75619
76520,2022,3,77585
76520,2022,4,77305
76520,2023,1,77482
76520,2023,2,79189
76520,2023,3,78955
76520,2023,4,78196
76520,2024,1,78857
76520,2024,2,78116
76520,2024,3,79058
76520,2024,4,78705
76520,2025,1,79888
76520,2025,2,82043
76520,2025,3,85946
76520,2025,4,87536
76563,2022,1,5643
76563,2022,2,5748
76563,2022,3,5957
76563,2022,4,5860
76563,2023,1,5844
76563,2023,2,5745
76563,2023,3,6016
76563,2023,4,5764
76563,2024,1,5990
76563,2024,2,5732
76563,2024,3,6108
76563,2024,4,5649
76563,2025,1,5587
76563,2025,2,6493
76563,2025,3,6629
76563,2025,4,6730
76606,2022,1,530
76606,2022,2,505
76606,2022,3,608
76606,2022,4,694
76606,2023,1,677
76606,2023,2,694
76606,2023,3,953
76606,2023,4,1707
76606,2024,1,1581
76606,2024,2,2133
76606,2024,3,2241
76606,2024,4,2274
76606,2025,1,2310
76606,2025,2,2407
76606,2025,3,2384
76606,2025,4,2314
76616,2022,1,111
76616,2022,2,122
76616,2022,3,118
76616,2022,4,167
76616,2023,1,188
76616,2023,2,203
76616,2023,3,211
76616,2023,4,304
76616,2024,1,556
76616,2024,2,551
76616,2024,3,602
76616,2024,4,587
76616,2025,1,537
76616,2025,2,596
76616,2025,3,678
76616,2025,4,701
76622,2022,1,2105
76622,2022,2,1976
76622,2022,3,2425
76622,2022,4,2052
76622,2023,1,2162
76622,2023,2,5213
76622,2023,3,5080
76622,2023,4,5019
76622,2024,1,4965
76622,2024,2,5581
76622,2024,3,4964
76622,2024,4,5422
76622,2025,1,4874
76622,2025,2,5673
76622,2025,3,5698
76622,2025,4,5402
76670,2022,1,871
76670,2022,2,787
76670,2022,3,911
76670,2022,4,883
76670,2023,1,830
76670,2023,2,726
76670,2023,3,910
76670,2023,4,978
76670,2024,1,981
76670,2024,2,813
76670,2024,3,894
76670,2024,4,840
76670,2025,1,904
76670,2025,2,981
76670,2025,3,981
76670,2025,4,1009
76736,2022,1,3944
76736,2022,2,3959
76736,2022,3,3811
76736,2022,4,3728
76736,2023,1,3613
76736,2023,2,5718
76736,2023,3,5696
76736,2023,4,5551
76736,2024,1,5598
76736,2024,2,5449
76736,2024,3,5452
76736,2024,4,5472
76736,2025,1,5583
76736,2025,2,5492
76736,2025,3,5706
76736,2025,4,6466
76823,2022,1,1177
76823,2022,2,983
76823,2022,3,1337
76823,2022,4,817
76823,2023,1,1290
76823,2023,2,1546
76823,2023,3,1680
76823,2023,4,1667
76823,2024,1,1616
76823,2024,2,1578
76823,2024,3,1674
76823,2024,4,1812
76823,2025,1,1656
76823,2025,2,1697
76823,2025,3,1785
76823,2025,4,1831
76828,2022,1,692
76828,2022,2,644
76828,2022,3,600
76828,2022,4,589
76828,2023,1,515
76828,2023,2,476
76828,2023,3,448
76828,2023,4,523
76828,2024,1,758
76828,2024,2,680
76828,2024,3,531
76828,2024,4,560
76828,2025,1,572
76828,2025,2,647
76828,2025,3,563
76828,2025,4,528
76834,2022,1,40151
76834,2022,2,40021
76834,2022,3,40566
76834,2022,4,40411
76834,2023,1,40104
76834,2023,2,36232
76834,2023,3,39437
76834,2023,4,38624
76834,2024,1,38923
76834,2024,2,38853
76834,2024,3,39559
76834,2024,4,38106
76834,2025,1,38548
76834,2025,2,39746
76834,2025,3,40759
76834,2025,4,41777
76845,2022,1,21
76845,2022,2,41
76845,2022,3,52
76845,2022,4,57
76845,2023,1,42
76845,2023,2,113
76845,2023,3,155
76845,2023,4,151
76845,2024,1,93
76845,2024,2,114
76845,2024,3,110
76845,2024,4,180
76845,2025,1,147
76845,2025,2,93
76845,2025,3,127
76845,2025,4,110
76863,2022,1,221
76863,2022,2,216
76863,2022,3,209
76863,2022,4,208
76863,2023,1,466
76863,2023,2,499
76863,2023,3,524
76863,2023,4,422
76863,2024,1,412
76863,2024,2,432
76863,2024,3,261
76863,2024,4,430
76863,2025,1,476
76863,2025,2,418
76863,2025,3,314
76863,2025,4,455
76869,2022,1,207
76869,2022,2,191
76869,2022,3,284
76869,2022,4,280
76869,2023,1,240
76869,2023,2,220
76869,2023,3,398
76869,2023,4,1109
76869,2024,1,1137
76869,2024,2,1004
76869,2024,3,1239
76869,2024,4,1189
76869,2025,1,1135
76869,2025,2,1249
76869,2025,3,1240
76869,2025,4,1285
76890,2022,1,1120
76890,2022,2,1090
76890,2022,3,1173
76890,2022,4,1116
76890,2023,1,1155
76890,2023,2,1189
76890,2023,3,1146
76890,2023,4,1433
76890,2024,1,1466
76890,2024,2,1278
76890,2024,3,1342
76890,2024,4,1346
76890,2025,1,717
76890,2025,2,712
76890,2025,3,711
76890,2025,4,732
76892,2022,1,18888
76892,2022,2,18798
76892,2022,3,18955
76892,2022,4,19100
76892,2023,1,19067
76892,2023,2,22791
76892,2023,3,22268
76892,2023,4,21419
76892,2024,1,16953
76892,2024,2,17353
76892,2024,3,17776
76892,2024,4,17791
76892,2025,1,19044
76892,2025,2,20112
76892,2025,3,20277
76892,2025,4,20733
76895,2022,1,3441
76895,2022,2,3744
76895,2022,3,3975
76895,2022,4,4132
76895,2023,1,4093
76895,2023,2,5985
76895,2023,3,5674
76895,2023,4,6103
76895,2024,1,6010
76895,2024,2,6571
76895,2024,3,5842
76895,2024,4,8800
76895,2025,1,6504
76895,2025,2,7392
76895,2025,3,7294
76895,2025,4,7160
81001,2022,1,15000
81001,2022,2,7110
81001,2022,3,16345
81001,2022,4,9156
81001,2023,1,9016
81001,2023,2,8970
81001,2023,3,8506
81001,2023,4,8614
81001,2024,1,8065
81001,2024,2,8372
81001,2024,3,7774
81001,2024,4,8175
81001,2025,1,8710
81001,2025,2,10575
81001,2025,3,12220
81001,2025,4,10127
81065,2022,1,1766
81065,2022,2,1742
81065,2022,3,1744
81065,2022,4,1795
81065,2023,1,1713
81065,2023,2,1815
81065,2023,3,1868
81065,2023,4,1927
81065,2024,1,1682
81065,2024,2,1796
81065,2024,3,2353
81065,2024,4,2714
81065,2025,1,1556
81065,2025,2,2954
81065,2025,3,3909
81065,2025,4,2782
81220,2022,1,302
81220,2022,2,339
81220,2022,3,398
81220,2022,4,391
81220,2023,1,415
81220,2023,2,420
81220,2023,3,316
81220,2023,4,352
81220,2024,1,394
81220,2024,2,401
81220,2024,3,408
81220,2024,4,392
81220,2025,1,352
81220,2025,2,295
81220,2025,3,306
81220,2025,4,284
81300,2022,1,1241
81300,2022,2,1332
81300,2022,3,1208
81300,2022,4,1182
81300,2023,1,1401
81300,2023,2,1435
81300,2023,3,1461
81300,2023,4,1477
81300,2024,1,1699
81300,2024,2,320
81300,2024,3,356
81300,2024,4,1607
81300,2025,1,1519
81300,2025,2,2076
81300,2025,3,1969
81300,2025,4,2096
81591,2022,1,160
81591,2022,2,146
81591,2022,3,193
81591,2022,4,192
81591,2023,1,136
81591,2023,2,232
81591,2023,3,200
81591,2023,4,239
81591,2024,1,236
81591,2024,2,391
81591,2024,3,275
81591,2024,4,10
81591,2025,1,307
81591,2025,2,326
81591,2025,3,308
81591,2025,4,282
81736,2022,1,3046
81736,2022,2,7841
81736,2022,3,6538
81736,2022,4,6765
81736,2023,1,7044
81736,2023,2,7354
81736,2023,3,7738
81736,2023,4,8070
81736,2024,1,8198
81736,2024,2,8771
81736,2024,3,9107
81736,2024,4,9029
81736,2025,1,9078
81736,2025,2,9378
81736,2025,3,9447
81736,2025,4,9661
81794,2022,1,4413
81794,2022,2,4599
81794,2022,3,4914
81794,2022,4,5325
81794,2023,1,5289
81794,2023,2,5807
81794,2023,3,4615
81794,2023,4,5666
81794,2024,1,6396
81794,2024,2,6198
81794,2024,3,6266
81794,2024,4,7704
81794,2025,1,6696
81794,2025,2,8222
81794,2025,3,8171
81794,2025,4,8055
85001,2022,1,33720
85001,2022,2,33107
85001,2022,3,32409
85001,2022,4,32284
85001,2023,1,35248
85001,2023,2,35883
85001,2023,3,33291
85001,2023,4,36127
85001,2024,1,36538
85001,2024,2,33954
85001,2024,3,34859
85001,2024,4,35101
85001,2025,1,35767
85001,2025,2,34587
85001,2025,3,36245
85001,2025,4,34447
85010,2022,1,2313
85010,2022,2,3523
85010,2022,3,3996
85010,2022,4,3947
85010,2023,1,4245
85010,2023,2,4251
85010,2023,3,4303
85010,2023,4,4322
85010,2024,1,3747
85010,2024,2,4342
85010,2024,3,4045
85010,2024,4,4201
85010,2025,1,4565
85010,2025,2,4616
85010,2025,3,4701
85010,2025,4,4992
85015,2022,1,59
85015,2022,2,56
85015,2022,3,51
85015,2022,4,6
85015,2023,1,22
85015,2023,2,61
85015,2023,3,39
85015,2023,4,44
85015,2024,1,44
85015,2024,2,65
85015,2024,3,69
85015,2024,4,80
85015,2025,1,85
85015,2025,2,89
85015,2025,3,100
85015,2025,4,101
85125,2022,1,834
85125,2022,2,706
85125,2022,3,756
85125,2022,4,625
85125,2023,1,727
85125,2023,2,725
85125,2023,3,726
85125,2023,4,620
85125,2024,1,698
85125,2024,2,551
85125,2024,3,558
85125,2024,4,669
85125,2025,1,896
85125,2025,2,961
85125,2025,3,941
85125,2025,4,897
85136,2022,1,5
85136,2022,2,14
85136,2022,3,11
85136,2022,4,6
85136,2023,1,33
85136,2023,2,61
85136,2023,3,69
85136,2023,4,71
85136,2024,1,69
85136,2024,2,65
85136,2024,3,66
85136,2025,1,86
85136,2025,2,47
85136,2025,3,154
85136,2025,4,58
85139,2022,1,106
85139,2022,2,88
85139,2022,3,83
85139,2022,4,186
85139,2023,1,379
85139,2023,2,895
85139,2023,3,538
85139,2023,4,540
85139,2024,1,644
85139,2024,2,595
85139,2024,3,588
85139,2024,4,566
85139,2025,1,556
85139,2025,2,562
85139,2025,3,573
85139,2025,4,538
85162,2022,1,984
85162,2022,2,1135
85162,2022,3,225
85162,2022,4,1097
85162,2023,1,618
85162,2023,2,649
85162,2023,3,1027
85162,2023,4,2948
85162,2024,1,3036
85162,2024,2,1734
85162,2024,3,1187
85162,2024,4,1066
85162,2025,1,866
85162,2025,2,52
85162,2025,3,299
85162,2025,4,963
85225,2022,1,46
85225,2022,2,39
85225,2022,3,78
85225,2022,4,56
85225,2023,1,54
85225,2023,2,55
85225,2023,3,60
85225,2023,4,87
85225,2024,1,87
85225,2024,2,72
85225,2024,3,59
85225,2024,4,67
85225,2025,1,123
85225,2025,2,193
85225,2025,3,237
85225,2025,4,202
85230,2022,1,199
85230,2022,2,228
85230,2022,3,280
85230,2022,4,478
85230,2023,1,498
85230,2023,2,452
85230,2023,3,444
85230,2023,4,433
85230,2024,1,459
85230,2024,2,461
85230,2024,3,494
85230,2024,4,527
85230,2025,1,522
85230,2025,2,530
85230,2025,3,556
85230,2025,4,560
85250,2022,1,1686
85250,2022,2,1602
85250,2022,3,1623
85250,2022,4,1690
85250,2023,1,1735
85250,2023,2,2040
85250,2023,3,1732
85250,2023,4,2657
85250,2024,1,2987
85250,2024,2,2851
85250,2024,3,1960
85250,2024,4,1953
85250,2025,1,3035
85250,2025,2,2701
85250,2025,3,2930
85250,2025,4,2916
85263,2022,1,249
85263,2022,2,140
85263,2022,3,214
85263,2022,4,192
85263,2023,1,206
85263,2023,2,184
85263,2023,3,178
85263,2023,4,314
85263,2024,1,259
85263,2024,2,190
85263,2024,3,180
85263,2024,4,507
85263,2025,1,246
85263,2025,2,258
85263,2025,3,419
85263,2025,4,788
85279,2022,1,3
85279,2022,2,2
85279,2022,3,1
85279,2022,4,1
85279,2023,1,6
85279,2023,2,18
85279,2023,3,14
85279,2023,4,16
85279,2024,1,14
85279,2024,2,28
85279,2024,3,31
85279,2024,4,34
85279,2025,1,41
85279,2025,2,58
85279,2025,3,55
85279,2025,4,54
85300,2022,1,1
85300,2022,2,1
85300,2022,3,1
85300,2022,4,1
85300,2023,1,1
85300,2023,2,1
85300,2023,3,1
85300,2023,4,1
85315,2022,1,7
85315,2022,2,115
85315,2022,3,119
85315,2022,4,120
85315,2023,1,118
85315,2023,2,125
85315,2023,3,79
85315,2023,4,127
85315,2024,1,131
85315,2024,2,132
85315,2024,3,133
85315,2024,4,7
85315,2025,1,195
85315,2025,2,196
85315,2025,3,340
85315,2025,4,163
85325,2022,1,330
85325,2022,2,134
85325,2022,3,114
85325,2022,4,100
85325,2023,1,182
85325,2023,2,146
85325,2023,3,57
85325,2023,4,56
85325,2024,1,89
85325,2024,2,101
85325,2024,3,110
85325,2024,4,197
85325,2025,1,195
85325,2025,2,200
85325,2025,3,206
85325,2025,4,234
85400,2022,1,17
85400,2022,2,17
85400,2022,3,67
85400,2022,4,21
85400,2023,1,23
85400,2023,2,23
85400,2023,3,24
85400,2023,4,33
85400,2024,1,33
85400,2024,2,47
85400,2024,3,49
85400,2024,4,84
85400,2025,1,102
85400,2025,2,145
85400,2025,3,146
85400,2025,4,160
85410,2022,1,2047
85410,2022,2,1988
85410,2022,3,1938
85410,2022,4,1867
85410,2023,1,2645
85410,2023,2,1822
85410,2023,3,2669
85410,2023,4,2680
85410,2024,1,2626
85410,2024,2,2563
85410,2024,3,1371
85410,2024,4,1310
85410,2025,1,2771
85410,2025,2,1022
85410,2025,3,2672
85410,2025,4,858
85430,2022,1,545
85430,2022,2,331
85430,2022,3,352
85430,2022,4,353
85430,2023,1,356
85430,2023,2,373
85430,2023,3,363
85430,2023,4,320
85430,2024,1,332
85430,2024,2,343
85430,2024,3,428
85430,2024,4,548
85430,2025,1,595
85430,2025,2,619
85430,2025,3,659
85430,2025,4,705
85440,2022,1,2380
85440,2022,2,3349
85440,2022,3,2065
85440,2022,4,3238
85440,2023,1,6157
85440,2023,2,2017
85440,2023,3,3324
85440,2023,4,6228
85440,2024,1,6741
85440,2024,2,2492
85440,2024,3,3804
85440,2024,4,4077
85440,2025,1,5035
85440,2025,2,3548
85440,2025,3,4231
85440,2025,4,5139
86001,2022,1,2474
86001,2022,2,2333
86001,2022,3,2264
86001,2022,4,2474
86001,2023,1,3421
86001,2023,2,4352
86001,2023,3,3414
86001,2023,4,4557
86001,2024,1,3269
86001,2024,2,4228
86001,2024,3,5574
86001,2024,4,4859
86001,2025,1,5513
86001,2025,2,5425
86001,2025,3,5477
86001,2025,4,5824
86219,2022,1,195
86219,2022,2,183
86219,2022,3,181
86219,2022,4,182
86219,2023,1,171
86219,2023,2,118
86219,2023,3,117
86219,2023,4,98
86219,2024,1,164
86219,2024,2,253
86219,2024,3,275
86219,2024,4,343
86219,2025,1,325
86219,2025,2,303
86219,2025,3,299
86219,2025,4,306
86320,2022,1,2191
86320,2022,2,2194
86320,2022,3,1882
86320,2022,4,1971
86320,2023,1,1790
86320,2023,2,1706
86320,2023,3,2339
86320,2023,4,1801
86320,2024,1,2254
86320,2024,2,2469
86320,2024,3,2390
86320,2024,4,2346
86320,2025,1,2018
86320,2025,2,2886
86320,2025,3,3163
86320,2025,4,2890
86568,2022,1,1410
86568,2022,2,1307
86568,2022,3,1083
86568,2022,4,950
86568,2023,1,867
86568,2023,2,763
86568,2023,3,6381
86568,2023,4,5051
86568,2024,1,5767
86568,2024,2,6079
86568,2024,3,6024
86568,2024,4,6734
86568,2025,1,11143
86568,2025,2,7290
86568,2025,3,11962
86568,2025,4,11892
86569,2022,1,107
86569,2022,2,89
86569,2022,3,74
86569,2022,4,55
86569,2023,1,46
86569,2023,2,40
86569,2023,3,37
86569,2023,4,33
86569,2024,1,101
86569,2024,2,260
86569,2024,3,263
86569,2024,4,831
86569,2025,1,694
86569,2025,2,1243
86569,2025,3,1475
86569,2025,4,1783
86571,2022,1,102
86571,2022,2,113
86571,2022,3,101
86571,2022,4,95
86571,2023,1,90
86571,2023,2,74
86571,2023,3,66
86571,2023,4,55
86571,2024,1,93
86571,2024,2,141
86571,2024,3,148
86571,2024,4,201
86571,2025,1,496
86571,2025,2,856
86571,2025,3,881
86571,2025,4,1025
86573,2022,1,392
86573,2022,2,328
86573,2022,3,316
86573,2022,4,272
86573,2023,1,157
86573,2023,2,390
86573,2023,3,400
86573,2023,4,404
86573,2024,1,356
86573,2024,2,336
86573,2024,3,346
86573,2024,4,355
86573,2025,1,299
86573,2025,2,305
86573,2025,3,333
86573,2025,4,234
86749,2022,1,489
86749,2022,2,463
86749,2022,3,462
86749,2022,4,466
86749,2023,1,443
86749,2023,2,310
86749,2023,3,307
86749,2023,4,288
86749,2024,1,414
86749,2024,2,528
86749,2024,3,499
86749,2024,4,838
86749,2025,1,670
86749,2025,2,685
86749,2025,3,672
86749,2025,4,978
86755,2022,1,79
86755,2022,2,77
86755,2022,3,76
86755,2022,4,76
86755,2023,1,74
86755,2023,2,105
86755,2023,3,104
86755,2023,4,121
86755,2024,1,159
86755,2024,2,223
86755,2024,3,231
86755,2024,4,349
86755,2025,1,280
86755,2025,2,260
86755,2025,3,279
86755,2025,4,296
86757,2022,1,320
86757,2022,2,493
86757,2022,3,449
86757,2022,4,457
86757,2023,1,307
86757,2023,2,348
86757,2023,3,372
86757,2023,4,345
86757,2024,1,565
86757,2024,2,397
86757,2024,3,421
86757,2024,4,491
86757,2025,1,781
86757,2025,2,1052
86757,2025,3,1143
86757,2025,4,1541
86760,2022,1,200
86760,2022,2,196
86760,2022,3,196
86760,2022,4,274
86760,2023,1,154
86760,2023,2,238
86760,2023,3,225
86760,2023,4,360
86760,2024,1,188
86760,2024,2,210
86760,2024,3,224
86760,2024,4,325
86760,2025,1,324
86760,2025,2,314
86760,2025,3,310
86760,2025,4,314
86865,2022,1,1832
86865,2022,2,1873
86865,2022,3,1756
86865,2022,4,1701
86865,2023,1,3635
86865,2023,2,4133
86865,2023,3,4267
86865,2023,4,7433
86865,2024,1,4341
86865,2024,2,3790
86865,2024,3,4825
86865,2024,4,4680
86865,2025,1,4629
86865,2025,2,4680
86865,2025,3,4828
86865,2025,4,5696
86885,2022,1,280
86885,2022,2,286
86885,2022,3,278
86885,2022,4,283
86885,2023,1,316
86885,2023,2,334
86885,2023,3,365
86885,2023,4,376
86885,2024,1,408
86885,2024,2,496
86885,2024,3,514
86885,2024,4,725
86885,2025,1,897
86885,2025,2,1590
86885,2025,3,1684
86885,2025,4,2267
88001,2022,1,2680
88001,2022,2,2466
88001,2022,3,3834
88001,2022,4,5978
88001,2023,1,8900
88001,2023,2,9307
88001,2023,3,10049
88001,2023,4,10571
88001,2024,1,10564
88001,2024,2,10543
88001,2024,3,11395
88001,2024,4,11532
88001,2025,1,11304
88001,2025,2,11363
88001,2025,3,12649
88001,2025,4,12310
88564,2023,4,148
88564,2024,1,112
88564,2024,2,134
88564,2024,3,177
88564,2024,4,160
88564,2025,1,145
88564,2025,2,144
88564,2025,3,144
88564,2025,4,144
91001,2022,1,386
91001,2022,2,425
91001,2022,3,528
91001,2022,4,443
91001,2023,1,409
91001,2023,2,425
91001,2023,3,458
91001,2023,4,408
91001,2024,1,342
91001,2024,2,321
91001,2024,3,235
91001,2024,4,116
91001,2025,1,122
91001,2025,2,77
91001,2025,3,34
91001,2025,4,15
91263,2022,1,1
91263,2022,2,4
91263,2022,3,3
91263,2023,1,2
91263,2023,2,7
91263,2023,3,4
91263,2024,1,2
91263,2024,2,6
91263,2024,3,6
91263,2024,4,5
91405,2022,2,65
91405,2022,3,69
91405,2022,4,68
91405,2023,1,15
91405,2023,2,57
91405,2023,3,30
91405,2023,4,38
91405,2024,1,39
91405,2024,2,9
91405,2024,3,40
91405,2024,4,13
91430,2024,3,298
91430,2024,4,276
91530,2022,4,1
91530,2023,2,2
91530,2023,4,2
91530,2024,1,3
91530,2024,2,3
91530,2024,3,3
91530,2024,4,4
91530,2025,1,4
91530,2025,2,3
91530,2025,3,3
91530,2025,4,3
91536,2022,1,2
91536,2022,2,1
91536,2022,3,1
91536,2022,4,3
91536,2023,1,3
91536,2023,2,4
91536,2023,3,2
91536,2023,4,4
91536,2024,1,3
91536,2024,2,4
91536,2024,3,3
91536,2024,4,2
91540,2023,1,1
91540,2023,2,1
91540,2023,3,1
91540,2023,4,2
91540,2024,1,1
91540,2024,3,1
91798,2022,1,16
91798,2022,2,21
91798,2022,3,16
91798,2022,4,20
91798,2023,1,14
91798,2023,2,19
91798,2023,3,16
91798,2023,4,14
91798,2024,1,4
91798,2024,2,11
91798,2024,3,9
91798,2024,4,11
91798,2025,1,3
94001,2022,1,642
94001,2022,2,709
94001,2022,3,787
94001,2022,4,685
94001,2023,1,696
94001,2023,2,606
94001,2023,3,470
94001,2023,4,353
94001,2024,1,635
94001,2024,2,379
94001,2024,3,263
94001,2024,4,209
94001,2025,1,157
94001,2025,2,624
94001,2025,3,307
94001,2025,4,339
94343,2022,4,10
94343,2023,1,15
94343,2024,1,97
94343,2024,2,10
94343,2025,2,57
94343,2025,3,15
94343,2025,4,21
94883,2022,1,23
94883,2022,2,21
94883,2022,3,22
94883,2022,4,22
94883,2023,1,34
94883,2023,2,19
94883,2023,3,14
94883,2023,4,20
94883,2024,1,37
94883,2024,2,11
94883,2024,3,17
94883,2024,4,10
94883,2025,1,10
94883,2025,2,1
94886,2022,1,10
94886,2022,2,10
94886,2022,3,11
94886,2022,4,8
94886,2023,1,15
94886,2023,2,18
94886,2023,3,11
94886,2023,4,9
94886,2024,1,3
94886,2024,2,10
94886,2024,3,9
94886,2024,4,9
94886,2025,1,2
95001,2022,1,1480
95001,2022,2,1405
95001,2022,3,1321
95001,2022,4,1158
95001,2023,1,1033
95001,2023,2,970
95001,2023,3,924
95001,2023,4,820
95001,2024,1,4
95001,2024,2,280
95001,2024,3,504
95001,2024,4,1031
95001,2025,1,2734
95001,2025,2,2867
95001,2025,3,2894
95001,2025,4,2673
95015,2022,1,303
95015,2022,2,217
95015,2022,3,198
95015,2022,4,240
95015,2023,1,226
95015,2023,2,229
95015,2023,3,217
95015,2023,4,211
95015,2024,1,229
95015,2024,2,217
95015,2024,3,253
95015,2024,4,270
95015,2025,1,341
95015,2025,2,440
95015,2025,3,555
95015,2025,4,598
95025,2022,1,136
95025,2022,2,16
95025,2022,3,34
95025,2022,4,66
95025,2023,1,75
95025,2023,2,82
95025,2023,3,88
95025,2023,4,85
95025,2024,1,107
95025,2024,2,107
95025,2024,3,180
95025,2024,4,207
95025,2025,1,198
95025,2025,2,357
95025,2025,3,370
95025,2025,4,398
95200,2025,2,89
95200,2025,3,116
95200,2025,4,113
97001,2022,2,2
97001,2022,3,2
97001,2022,4,7
97001,2023,1,6
97001,2023,2,8
97001,2023,3,3
97001,2023,4,3
97001,2024,1,56
97001,2024,2,41
97001,2024,3,58
97001,2024,4,77
97001,2025,1,91
97001,2025,2,27
97001,2025,3,27
97001,2025,4,27
99001,2022,1,868
99001,2022,2,906
99001,2022,3,812
99001,2022,4,884
99001,2023,1,917
99001,2023,2,786
99001,2023,3,689
99001,2023,4,560
99001,2024,1,883
99001,2024,2,649
99001,2024,3,320
99001,2024,4,277
99001,2025,1,263
99001,2025,2,726
99001,2025,3,426
99001,2025,4,222
99524,2022,4,10
99524,2023,1,15
99524,2024,1,32
99524,2024,2,30
99524,2025,2,64
99524,2025,3,45
99524,2025,4,24
99624,2022,4,10
99624,2023,1,15
99624,2024,1,15
99624,2024,2,15
99624,2025,2,64
99624,2025,3,41
99624,2025,4,45
99773,2022,4,15
99773,2023,1,20
99773,2023,4,65
99773,2024,1,102
99773,2024,2,125
99773,2024,3,154
99773,2024,4,170
99773,2025,1,126
99773,2025,2,443
99773,2025,3,480
99773,2025,4,163
