codigo_municipio,municipio,departamento,anio,hogares,fila_excel
05001,Medellín,Antioquia,2022,873404,12
05001,Medellín,Antioquia,2023,883067,12
05001,Medellín,Antioquia,2024,894459,12
05001,Medellín,Antioquia,2025,904765,12
05002,Abejorral,Antioquia,2022,7180,15
05002,Abejorral,Antioquia,2023,7265,15
05002,Abejorral,Antioquia,2024,7367,15
05002,Abejorral,Antioquia,2025,7453,15
05004,Abriaquí,Antioquia,2022,999,18
05004,Abriaquí,Antioquia,2023,1006,18
05004,Abriaquí,Antioquia,2024,1028,18
05004,Abriaquí,Antioquia,2025,1036,18
05021,Alejandría,Antioquia,2022,1816,21
05021,Alejandría,Antioquia,2023,1865,21
05021,Alejandría,Antioquia,2024,1909,21
05021,Alejandría,Antioquia,2025,1963,21
05030,Amagá,Antioquia,2022,10583,24
05030,Amagá,Antioquia,2023,10773,24
05030,Amagá,Antioquia,2024,11002,24
05030,Amagá,Antioquia,2025,11203,24
05031,Amalfi,Antioquia,2022,9402,27
05031,Amalfi,Antioquia,2023,9633,27
05031,Amalfi,Antioquia,2024,9860,27
05031,Amalfi,Antioquia,2025,10078,27
05034,Andes,Antioquia,2022,14353,30
05034,Andes,Antioquia,2023,14545,30
05034,Andes,Antioquia,2024,14765,30
05034,Andes,Antioquia,2025,14969,30
05036,Angelópolis,Antioquia,2022,2063,33
05036,Angelópolis,Antioquia,2023,2106,33
05036,Angelópolis,Antioquia,2024,2145,33
05036,Angelópolis,Antioquia,2025,2187,33
05038,Angostura,Antioquia,2022,3835,36
05038,Angostura,Antioquia,2023,3909,36
05038,Angostura,Antioquia,2024,3998,36
05038,Angostura,Antioquia,2025,4075,36
05040,Anorí,Antioquia,2022,6544,39
05040,Anorí,Antioquia,2023,6710,39
05040,Anorí,Antioquia,2024,6898,39
05040,Anorí,Antioquia,2025,7086,39
05042,Santa Fé de Antioquia,Antioquia,2022,9634,42
05042,Santa Fé de Antioquia,Antioquia,2023,9838,42
05042,Santa Fé de Antioquia,Antioquia,2024,10019,42
05042,Santa Fé de Antioquia,Antioquia,2025,10228,42
05044,Anzá,Antioquia,2022,2463,45
05044,Anzá,Antioquia,2023,2512,45
05044,Anzá,Antioquia,2024,2568,45
05044,Anzá,Antioquia,2025,2615,45
05045,Apartadó,Antioquia,2022,39643,48
05045,Apartadó,Antioquia,2023,40272,48
05045,Apartadó,Antioquia,2024,40705,48
05045,Apartadó,Antioquia,2025,41377,48
05051,Arboletes,Antioquia,2022,9028,51
05051,Arboletes,Antioquia,2023,9210,51
05051,Arboletes,Antioquia,2024,9398,51
05051,Arboletes,Antioquia,2025,9579,51
05055,Argelia,Antioquia,2022,2713,54
05055,Argelia,Antioquia,2023,2767,54
05055,Argelia,Antioquia,2024,2816,54
05055,Argelia,Antioquia,2025,2864,54
05059,Armenia,Antioquia,2022,2191,57
05059,Armenia,Antioquia,2023,2209,57
05059,Armenia,Antioquia,2024,2239,57
05059,Armenia,Antioquia,2025,2262,57
05079,Barbosa,Antioquia,2022,22002,60
05079,Barbosa,Antioquia,2023,22548,60
05079,Barbosa,Antioquia,2024,23130,60
05079,Barbosa,Antioquia,2025,23710,60
05086,Belmira,Antioquia,2022,1784,63
05086,Belmira,Antioquia,2023,1800,63
05086,Belmira,Antioquia,2024,1829,63
05086,Belmira,Antioquia,2025,1839,63
05088,Bello,Antioquia,2022,195122,66
05088,Bello,Antioquia,2023,200001,66
05088,Bello,Antioquia,2024,205272,66
05088,Bello,Antioquia,2025,210319,66
05091,Betania,Antioquia,2022,3287,69
05091,Betania,Antioquia,2023,3323,69
05091,Betania,Antioquia,2024,3378,69
05091,Betania,Antioquia,2025,3414,69
05093,Betulia,Antioquia,2022,5192,72
05093,Betulia,Antioquia,2023,5292,72
05093,Betulia,Antioquia,2024,5407,72
05093,Betulia,Antioquia,2025,5503,72
05101,Ciudad Bolívar,Antioquia,2022,8664,75
05101,Ciudad Bolívar,Antioquia,2023,8810,75
05101,Ciudad Bolívar,Antioquia,2024,8943,75
05101,Ciudad Bolívar,Antioquia,2025,9101,75
05107,Briceño,Antioquia,2022,2737,78
05107,Briceño,Antioquia,2023,2753,78
05107,Briceño,Antioquia,2024,2772,78
05107,Briceño,Antioquia,2025,2779,78
05113,Buriticá,Antioquia,2022,3079,81
05113,Buriticá,Antioquia,2023,3164,81
05113,Buriticá,Antioquia,2024,3269,81
05113,Buriticá,Antioquia,2025,3355,81
05120,Cáceres,Antioquia,2022,8338,84
05120,Cáceres,Antioquia,2023,8404,84
05120,Cáceres,Antioquia,2024,8462,84
05120,Cáceres,Antioquia,2025,8523,84
05125,Caicedo,Antioquia,2022,2887,87
05125,Caicedo,Antioquia,2023,2937,87
05125,Caicedo,Antioquia,2024,3003,87
05125,Caicedo,Antioquia,2025,3060,87
05129,Caldas,Antioquia,2022,27913,90
05129,Caldas,Antioquia,2023,28427,90
05129,Caldas,Antioquia,2024,29002,90
05129,Caldas,Antioquia,2025,29552,90
05134,Campamento,Antioquia,2022,2867,93
05134,Campamento,Antioquia,2023,2918,93
05134,Campamento,Antioquia,2024,2988,93
05134,Campamento,Antioquia,2025,3041,93
05138,Cañasgordas,Antioquia,2022,5082,96
05138,Cañasgordas,Antioquia,2023,5107,96
05138,Cañasgordas,Antioquia,2024,5155,96
05138,Cañasgordas,Antioquia,2025,5174,96
05142,Caracolí,Antioquia,2022,1728,99
05142,Caracolí,Antioquia,2023,1736,99
05142,Caracolí,Antioquia,2024,1750,99
05142,Caracolí,Antioquia,2025,1759,99
05145,Caramanta,Antioquia,2022,1662,102
05145,Caramanta,Antioquia,2023,1660,102
05145,Caramanta,Antioquia,2024,1665,102
05145,Caramanta,Antioquia,2025,1662,102
05147,Carepa,Antioquia,2022,15397,105
05147,Carepa,Antioquia,2023,15682,105
05147,Carepa,Antioquia,2024,15912,105
05147,Carepa,Antioquia,2025,16209,105
05148,El Carmen de Viboral,Antioquia,2022,20613,108
05148,El Carmen de Viboral,Antioquia,2023,21229,108
05148,El Carmen de Viboral,Antioquia,2024,21843,108
05148,El Carmen de Viboral,Antioquia,2025,22476,108
05150,Carolina,Antioquia,2022,1555,111
05150,Carolina,Antioquia,2023,1571,111
05150,Carolina,Antioquia,2024,1575,111
05150,Carolina,Antioquia,2025,1589,111
05154,Caucasia,Antioquia,2022,28084,114
05154,Caucasia,Antioquia,2023,28468,114
05154,Caucasia,Antioquia,2024,28856,114
05154,Caucasia,Antioquia,2025,29228,114
05172,Chigorodó,Antioquia,2022,17546,117
05172,Chigorodó,Antioquia,2023,17704,117
05172,Chigorodó,Antioquia,2024,17789,117
05172,Chigorodó,Antioquia,2025,17968,117
05190,Cisneros,Antioquia,2022,3626,120
05190,Cisneros,Antioquia,2023,3681,120
05190,Cisneros,Antioquia,2024,3721,120
05190,Cisneros,Antioquia,2025,3779,120
05197,Cocorná,Antioquia,2022,5504,123
05197,Cocorná,Antioquia,2023,5576,123
05197,Cocorná,Antioquia,2024,5661,123
05197,Cocorná,Antioquia,2025,5735,123
05206,Concepción,Antioquia,2022,1781,126
05206,Concepción,Antioquia,2023,1805,126
05206,Concepción,Antioquia,2024,1844,126
05206,Concepción,Antioquia,2025,1865,126
05209,Concordia,Antioquia,2022,7176,129
05209,Concordia,Antioquia,2023,7252,129
05209,Concordia,Antioquia,2024,7361,129
05209,Concordia,Antioquia,2025,7436,129
05212,Copacabana,Antioquia,2022,28688,132
05212,Copacabana,Antioquia,2023,29396,132
05212,Copacabana,Antioquia,2024,30182,132
05212,Copacabana,Antioquia,2025,30946,132
05234,Dabeiba,Antioquia,2022,6968,135
05234,Dabeiba,Antioquia,2023,7093,135
05234,Dabeiba,Antioquia,2024,7234,135
05234,Dabeiba,Antioquia,2025,7364,135
05237,Donmatías,Antioquia,2022,6458,138
05237,Donmatías,Antioquia,2023,6558,138
05237,Donmatías,Antioquia,2024,6648,138
05237,Donmatías,Antioquia,2025,6754,138
05240,Ebéjico,Antioquia,2022,4643,141
05240,Ebéjico,Antioquia,2023,4681,141
05240,Ebéjico,Antioquia,2024,4754,141
05240,Ebéjico,Antioquia,2025,4799,141
05250,El Bagre,Antioquia,2022,15162,144
05250,El Bagre,Antioquia,2023,15464,144
05250,El Bagre,Antioquia,2024,15772,144
05250,El Bagre,Antioquia,2025,16069,144
05264,Entrerríos,Antioquia,2022,3829,147
05264,Entrerríos,Antioquia,2023,3931,147
05264,Entrerríos,Antioquia,2024,4039,147
05264,Entrerríos,Antioquia,2025,4139,147
05266,Envigado,Antioquia,2022,89268,150
05266,Envigado,Antioquia,2023,91602,150
05266,Envigado,Antioquia,2024,94157,150
05266,Envigado,Antioquia,2025,96663,150
05282,Fredonia,Antioquia,2022,9131,153
05282,Fredonia,Antioquia,2023,9282,153
05282,Fredonia,Antioquia,2024,9478,153
05282,Fredonia,Antioquia,2025,9634,153
05284,Frontino,Antioquia,2022,6405,156
05284,Frontino,Antioquia,2023,6491,156
05284,Frontino,Antioquia,2024,6594,156
05284,Frontino,Antioquia,2025,6690,156
05306,Giraldo,Antioquia,2022,2034,159
05306,Giraldo,Antioquia,2023,2086,159
05306,Giraldo,Antioquia,2024,2154,159
05306,Giraldo,Antioquia,2025,2202,159
05308,Girardota,Antioquia,2022,18396,162
05308,Girardota,Antioquia,2023,18824,162
05308,Girardota,Antioquia,2024,19301,162
05308,Girardota,Antioquia,2025,19770,162
05310,Gómez Plata,Antioquia,2022,3712,165
05310,Gómez Plata,Antioquia,2023,3761,165
05310,Gómez Plata,Antioquia,2024,3829,165
05310,Gómez Plata,Antioquia,2025,3895,165
05313,Granada,Antioquia,2022,3647,168
05313,Granada,Antioquia,2023,3698,168
05313,Granada,Antioquia,2024,3743,168
05313,Granada,Antioquia,2025,3800,168
05315,Guadalupe,Antioquia,2022,2324,171
05315,Guadalupe,Antioquia,2023,2365,171
05315,Guadalupe,Antioquia,2024,2409,171
05315,Guadalupe,Antioquia,2025,2445,171
05318,Guarne,Antioquia,2022,18906,174
05318,Guarne,Antioquia,2023,19453,174
05318,Guarne,Antioquia,2024,20095,174
05318,Guarne,Antioquia,2025,20661,174
05321,Guatapé,Antioquia,2022,3252,177
05321,Guatapé,Antioquia,2023,3343,177
05321,Guatapé,Antioquia,2024,3431,177
05321,Guatapé,Antioquia,2025,3529,177
05347,Heliconia,Antioquia,2022,1866,180
05347,Heliconia,Antioquia,2023,1856,180
05347,Heliconia,Antioquia,2024,1857,180
05347,Heliconia,Antioquia,2025,1844,180
05353,Hispania,Antioquia,2022,1998,183
05353,Hispania,Antioquia,2023,2037,183
05353,Hispania,Antioquia,2024,2073,183
05353,Hispania,Antioquia,2025,2119,183
05360,Itagüí,Antioquia,2022,96808,186
05360,Itagüí,Antioquia,2023,98537,186
05360,Itagüí,Antioquia,2024,100493,186
05360,Itagüí,Antioquia,2025,102360,186
05361,Ituango,Antioquia,2022,6786,189
05361,Ituango,Antioquia,2023,6916,189
05361,Ituango,Antioquia,2024,7076,189
05361,Ituango,Antioquia,2025,7205,189
05364,Jardín,Antioquia,2022,5012,192
05364,Jardín,Antioquia,2023,5092,192
05364,Jardín,Antioquia,2024,5185,192
05364,Jardín,Antioquia,2025,5269,192
05368,Jericó,Antioquia,2022,4827,195
05368,Jericó,Antioquia,2023,4894,195
05368,Jericó,Antioquia,2024,4976,195
05368,Jericó,Antioquia,2025,5050,195
05376,La Ceja,Antioquia,2022,21490,198
05376,La Ceja,Antioquia,2023,22091,198
05376,La Ceja,Antioquia,2024,22564,198
05376,La Ceja,Antioquia,2025,23188,198
05380,La Estrella,Antioquia,2022,25901,201
05380,La Estrella,Antioquia,2023,26535,201
05380,La Estrella,Antioquia,2024,27224,201
05380,La Estrella,Antioquia,2025,27891,201
05390,La Pintada,Antioquia,2022,2844,204
05390,La Pintada,Antioquia,2023,2900,204
05390,La Pintada,Antioquia,2024,2943,204
05390,La Pintada,Antioquia,2025,3008,204
05400,La Unión,Antioquia,2022,6898,207
05400,La Unión,Antioquia,2023,7069,207
05400,La Unión,Antioquia,2024,7238,207
05400,La Unión,Antioquia,2025,7419,207
05411,Liborina,Antioquia,2022,3421,210
05411,Liborina,Antioquia,2023,3474,210
05411,Liborina,Antioquia,2024,3556,210
05411,Liborina,Antioquia,2025,3607,210
05425,Maceo,Antioquia,2022,3023,213
05425,Maceo,Antioquia,2023,3071,213
05425,Maceo,Antioquia,2024,3131,213
05425,Maceo,Antioquia,2025,3187,213
05440,Marinilla,Antioquia,2022,23779,216
05440,Marinilla,Antioquia,2023,24462,216
05440,Marinilla,Antioquia,2024,25082,216
05440,Marinilla,Antioquia,2025,25781,216
05467,Montebello,Antioquia,2022,2328,219
05467,Montebello,Antioquia,2023,2331,219
05467,Montebello,Antioquia,2024,2350,219
05467,Montebello,Antioquia,2025,2355,219
05475,Murindó,Antioquia,2022,1351,222
05475,Murindó,Antioquia,2023,1393,222
05475,Murindó,Antioquia,2024,1433,222
05475,Murindó,Antioquia,2025,1477,222
05480,Mutatá,Antioquia,2022,4074,225
05480,Mutatá,Antioquia,2023,4098,225
05480,Mutatá,Antioquia,2024,4133,225
05480,Mutatá,Antioquia,2025,4164,225
05483,Nariño,Antioquia,2022,3548,228
05483,Nariño,Antioquia,2023,3611,228
05483,Nariño,Antioquia,2024,3687,228
05483,Nariño,Antioquia,2025,3762,228
05490,Necoclí,Antioquia,2022,12920,231
05490,Necoclí,Antioquia,2023,12996,231
05490,Necoclí,Antioquia,2024,13149,231
05490,Necoclí,Antioquia,2025,13241,231
05495,Nechí,Antioquia,2022,8547,234
05495,Nechí,Antioquia,2023,8789,234
05495,Nechí,Antioquia,2024,9017,234
05495,Nechí,Antioquia,2025,9255,234
05501,Olaya,Antioquia,2022,1204,237
05501,Olaya,Antioquia,2023,1223,237
05501,Olaya,Antioquia,2024,1259,237
05501,Olaya,Antioquia,2025,1289,237
05541,Peñol,Antioquia,2022,7724,240
05541,Peñol,Antioquia,2023,7912,240
05541,Peñol,Antioquia,2024,8111,240
05541,Peñol,Antioquia,2025,8315,240
05543,Peque,Antioquia,2022,2548,243
05543,Peque,Antioquia,2023,2594,243
05543,Peque,Antioquia,2024,2655,243
05543,Peque,Antioquia,2025,2699,243
05576,Pueblorrico,Antioquia,2022,2944,246
05576,Pueblorrico,Antioquia,2023,2982,246
05576,Pueblorrico,Antioquia,2024,3030,246
05576,Pueblorrico,Antioquia,2025,3069,246
05579,Puerto Berrío,Antioquia,2022,13674,249
05579,Puerto Berrío,Antioquia,2023,13820,249
05579,Puerto Berrío,Antioquia,2024,13884,249
05579,Puerto Berrío,Antioquia,2025,14035,249
05585,Puerto Nare,Antioquia,2022,5496,252
05585,Puerto Nare,Antioquia,2023,5582,252
05585,Puerto Nare,Antioquia,2024,5703,252
05585,Puerto Nare,Antioquia,2025,5808,252
05591,Puerto Triunfo,Antioquia,2022,5821,255
05591,Puerto Triunfo,Antioquia,2023,5929,255
05591,Puerto Triunfo,Antioquia,2024,6095,255
05591,Puerto Triunfo,Antioquia,2025,6215,255
05604,Remedios,Antioquia,2022,9989,258
05604,Remedios,Antioquia,2023,10268,258
05604,Remedios,Antioquia,2024,10584,258
05604,Remedios,Antioquia,2025,10881,258
05607,Retiro,Antioquia,2022,8749,261
05607,Retiro,Antioquia,2023,8990,261
05607,Retiro,Antioquia,2024,9240,261
05607,Retiro,Antioquia,2025,9493,261
05615,Rionegro,Antioquia,2022,50224,264
05615,Rionegro,Antioquia,2023,51561,264
05615,Rionegro,Antioquia,2024,52855,264
05615,Rionegro,Antioquia,2025,54222,264
05628,Sabanalarga,Antioquia,2022,2975,267
05628,Sabanalarga,Antioquia,2023,3028,267
05628,Sabanalarga,Antioquia,2024,3101,267
05628,Sabanalarga,Antioquia,2025,3159,267
05631,Sabaneta,Antioquia,2022,35741,270
05631,Sabaneta,Antioquia,2023,37169,270
05631,Sabaneta,Antioquia,2024,38670,270
05631,Sabaneta,Antioquia,2025,40149,270
05642,Salgar,Antioquia,2022,6361,273
05642,Salgar,Antioquia,2023,6430,273
05642,Salgar,Antioquia,2024,6517,273
05642,Salgar,Antioquia,2025,6588,273
05647,San Andrés de Cuerquía,Antioquia,2022,2307,276
05647,San Andrés de Cuerquía,Antioquia,2023,2330,276
05647,San Andrés de Cuerquía,Antioquia,2024,2359,276
05647,San Andrés de Cuerquía,Antioquia,2025,2382,276
05649,San Carlos,Antioquia,2022,6157,279
05649,San Carlos,Antioquia,2023,6235,279
05649,San Carlos,Antioquia,2024,6328,279
05649,San Carlos,Antioquia,2025,6404,279
05652,San Francisco,Antioquia,2022,2000,282
05652,San Francisco,Antioquia,2023,2038,282
05652,San Francisco,Antioquia,2024,2075,282
05652,San Francisco,Antioquia,2025,2114,282
05656,San Jerónimo,Antioquia,2022,5550,285
05656,San Jerónimo,Antioquia,2023,5734,285
05656,San Jerónimo,Antioquia,2024,5937,285
05656,San Jerónimo,Antioquia,2025,6120,285
05658,San José de La Montaña,Antioquia,2022,1266,288
05658,San José de La Montaña,Antioquia,2023,1290,288
05658,San José de La Montaña,Antioquia,2024,1316,288
05658,San José de La Montaña,Antioquia,2025,1348,288
05659,San Juan de Urabá,Antioquia,2022,5862,291
05659,San Juan de Urabá,Antioquia,2023,5905,291
05659,San Juan de Urabá,Antioquia,2024,5947,291
05659,San Juan de Urabá,Antioquia,2025,5990,291
05660,San Luis,Antioquia,2022,4589,294
05660,San Luis,Antioquia,2023,4695,294
05660,San Luis,Antioquia,2024,4804,294
05660,San Luis,Antioquia,2025,4926,294
05664,San Pedro de Los Milagros,Antioquia,2022,6832,297
05664,San Pedro de Los Milagros,Antioquia,2023,6905,297
05664,San Pedro de Los Milagros,Antioquia,2024,6968,297
05664,San Pedro de Los Milagros,Antioquia,2025,7037,297
05665,San Pedro de Urabá,Antioquia,2022,8904,300
05665,San Pedro de Urabá,Antioquia,2023,9036,300
05665,San Pedro de Urabá,Antioquia,2024,9182,300
05665,San Pedro de Urabá,Antioquia,2025,9319,300
05667,San Rafael,Antioquia,2022,5877,303
05667,San Rafael,Antioquia,2023,6003,303
05667,San Rafael,Antioquia,2024,6149,303
05667,San Rafael,Antioquia,2025,6281,303
05670,San Roque,Antioquia,2022,8122,306
05670,San Roque,Antioquia,2023,8310,306
05670,San Roque,Antioquia,2024,8556,306
05670,San Roque,Antioquia,2025,8757,306
05674,San Vicente Ferrer,Antioquia,2022,7651,309
05674,San Vicente Ferrer,Antioquia,2023,7810,309
05674,San Vicente Ferrer,Antioquia,2024,8025,309
05674,San Vicente Ferrer,Antioquia,2025,8189,309
05679,Santa Bárbara,Antioquia,2022,9764,312
05679,Santa Bárbara,Antioquia,2023,9961,312
05679,Santa Bárbara,Antioquia,2024,10178,312
05679,Santa Bárbara,Antioquia,2025,10387,312
05686,Santa Rosa de Osos,Antioquia,2022,11500,315
05686,Santa Rosa de Osos,Antioquia,2023,11760,315
05686,Santa Rosa de Osos,Antioquia,2024,12032,315
05686,Santa Rosa de Osos,Antioquia,2025,12305,315
05690,Santo Domingo,Antioquia,2022,4411,318
05690,Santo Domingo,Antioquia,2023,4485,318
05690,Santo Domingo,Antioquia,2024,4592,318
05690,Santo Domingo,Antioquia,2025,4657,318
05697,El Santuario,Antioquia,2022,11241,321
05697,El Santuario,Antioquia,2023,11530,321
05697,El Santuario,Antioquia,2024,11806,321
05697,El Santuario,Antioquia,2025,12109,321
05736,Segovia,Antioquia,2022,12504,324
05736,Segovia,Antioquia,2023,12701,324
05736,Segovia,Antioquia,2024,12849,324
05736,Segovia,Antioquia,2025,13060,324
05756,Sonsón,Antioquia,2022,11457,327
05756,Sonsón,Antioquia,2023,11519,327
05756,Sonsón,Antioquia,2024,11602,327
05756,Sonsón,Antioquia,2025,11673,327
05761,Sopetrán,Antioquia,2022,5701,330
05761,Sopetrán,Antioquia,2023,5811,330
05761,Sopetrán,Antioquia,2024,5939,330
05761,Sopetrán,Antioquia,2025,6057,330
05789,Támesis,Antioquia,2022,5827,333
05789,Támesis,Antioquia,2023,5883,333
05789,Támesis,Antioquia,2024,5955,333
05789,Támesis,Antioquia,2025,6017,333
05790,Tarazá,Antioquia,2022,8998,336
05790,Tarazá,Antioquia,2023,9175,336
05790,Tarazá,Antioquia,2024,9363,336
05790,Tarazá,Antioquia,2025,9546,336
05792,Tarso,Antioquia,2022,2083,339
05792,Tarso,Antioquia,2023,2119,339
05792,Tarso,Antioquia,2024,2160,339
05792,Tarso,Antioquia,2025,2191,339
05809,Titiribí,Antioquia,2022,3873,342
05809,Titiribí,Antioquia,2023,3933,342
05809,Titiribí,Antioquia,2024,4007,342
05809,Titiribí,Antioquia,2025,4082,342
05819,Toledo,Antioquia,2022,1604,345
05819,Toledo,Antioquia,2023,1605,345
05819,Toledo,Antioquia,2024,1608,345
05819,Toledo,Antioquia,2025,1612,345
05837,Turbo,Antioquia,2022,36178,348
05837,Turbo,Antioquia,2023,36628,348
05837,Turbo,Antioquia,2024,37203,348
05837,Turbo,Antioquia,2025,37659,348
05842,Uramita,Antioquia,2022,2335,351
05842,Uramita,Antioquia,2023,2379,351
05842,Uramita,Antioquia,2024,2422,351
05842,Uramita,Antioquia,2025,2466,351
05847,Urrao,Antioquia,2022,10075,354
05847,Urrao,Antioquia,2023,10248,354
05847,Urrao,Antioquia,2024,10420,354
05847,Urrao,Antioquia,2025,10603,354
05854,Valdivia,Antioquia,2022,5035,357
05854,Valdivia,Antioquia,2023,5121,357
05854,Valdivia,Antioquia,2024,5241,357
05854,Valdivia,Antioquia,2025,5325,357
05856,Valparaíso,Antioquia,2022,2382,360
05856,Valparaíso,Antioquia,2023,2410,360
05856,Valparaíso,Antioquia,2024,2439,360
05856,Valparaíso,Antioquia,2025,2476,360
05858,Vegachí,Antioquia,2022,3921,363
05858,Vegachí,Antioquia,2023,3971,363
05858,Vegachí,Antioquia,2024,4016,363
05858,Vegachí,Antioquia,2025,4070,363
05861,Venecia,Antioquia,2022,4275,366
05861,Venecia,Antioquia,2023,4341,366
05861,Venecia,Antioquia,2024,4427,366
05861,Venecia,Antioquia,2025,4501,366
05873,Vigía del Fuerte,Antioquia,2022,2948,369
05873,Vigía del Fuerte,Antioquia,2023,3060,369
05873,Vigía del Fuerte,Antioquia,2024,3186,369
05873,Vigía del Fuerte,Antioquia,2025,3302,369
05885,Yalí,Antioquia,2022,2791,372
05885,Yalí,Antioquia,2023,2816,372
05885,Yalí,Antioquia,2024,2850,372
05885,Yalí,Antioquia,2025,2870,372
05887,Yarumal,Antioquia,2022,13175,375
05887,Yarumal,Antioquia,2023,13319,375
05887,Yarumal,Antioquia,2024,13412,375
05887,Yarumal,Antioquia,2025,13556,375
05890,Yolombó,Antioquia,2022,7988,378
05890,Yolombó,Antioquia,2023,8155,378
05890,Yolombó,Antioquia,2024,8361,378
05890,Yolombó,Antioquia,2025,8524,378
05893,Yondó,Antioquia,2022,6493,381
05893,Yondó,Antioquia,2023,6681,381
05893,Yondó,Antioquia,2024,6880,381
05893,Yondó,Antioquia,2025,7074,381
05895,Zaragoza,Antioquia,2022,7800,384
05895,Zaragoza,Antioquia,2023,7960,384
05895,Zaragoza,Antioquia,2024,8118,384
05895,Zaragoza,Antioquia,2025,8282,384
08001,Barranquilla,Atlántico,2022,349967,387
08001,Barranquilla,Atlántico,2023,354038,387
08001,Barranquilla,Atlántico,2024,358275,387
08001,Barranquilla,Atlántico,2025,362170,387
08078,Baranoa,Atlántico,2022,18297,390
08078,Baranoa,Atlántico,2023,18891,390
08078,Baranoa,Atlántico,2024,19523,390
08078,Baranoa,Atlántico,2025,20162,390
08137,Campo de La Cruz,Atlántico,2022,6221,393
08137,Campo de La Cruz,Atlántico,2023,6414,393
08137,Campo de La Cruz,Atlántico,2024,6618,393
08137,Campo de La Cruz,Atlántico,2025,6822,393
08141,Candelaria,Atlántico,2022,4485,396
08141,Candelaria,Atlántico,2023,4640,396
08141,Candelaria,Atlántico,2024,4801,396
08141,Candelaria,Atlántico,2025,4954,396
08296,Galapa,Atlántico,2022,19084,399
08296,Galapa,Atlántico,2023,19484,399
08296,Galapa,Atlántico,2024,19888,399
08296,Galapa,Atlántico,2025,20272,399
08372,Juan de Acosta,Atlántico,2022,6474,402
08372,Juan de Acosta,Atlántico,2023,6640,402
08372,Juan de Acosta,Atlántico,2024,6815,402
08372,Juan de Acosta,Atlántico,2025,6984,402
08421,Luruaco,Atlántico,2022,7926,405
08421,Luruaco,Atlántico,2023,8131,405
08421,Luruaco,Atlántico,2024,8364,405
08421,Luruaco,Atlántico,2025,8593,405
08433,Malambo,Atlántico,2022,36199,408
08433,Malambo,Atlántico,2023,37161,408
08433,Malambo,Atlántico,2024,38172,408
08433,Malambo,Atlántico,2025,39175,408
08436,Manatí,Atlántico,2022,5625,411
08436,Manatí,Atlántico,2023,5798,411
08436,Manatí,Atlántico,2024,5978,411
08436,Manatí,Atlántico,2025,6158,411
08520,Palmar de Varela,Atlántico,2022,9316,414
08520,Palmar de Varela,Atlántico,2023,9640,414
08520,Palmar de Varela,Atlántico,2024,9985,414
08520,Palmar de Varela,Atlántico,2025,10329,414
08549,Piojó,Atlántico,2022,2038,417
08549,Piojó,Atlántico,2023,2096,417
08549,Piojó,Atlántico,2024,2156,417
08549,Piojó,Atlántico,2025,2217,417
08558,Polonuevo,Atlántico,2022,5953,420
08558,Polonuevo,Atlántico,2023,6125,420
08558,Polonuevo,Atlántico,2024,6299,420
08558,Polonuevo,Atlántico,2025,6476,420
08560,Ponedera,Atlántico,2022,6378,423
08560,Ponedera,Atlántico,2023,6537,423
08560,Ponedera,Atlántico,2024,6710,423
08560,Ponedera,Atlántico,2025,6878,423
08573,Puerto Colombia,Atlántico,2022,16169,426
08573,Puerto Colombia,Atlántico,2023,16813,426
08573,Puerto Colombia,Atlántico,2024,17472,426
08573,Puerto Colombia,Atlántico,2025,18116,426
08606,Repelón,Atlántico,2022,7743,429
08606,Repelón,Atlántico,2023,7940,429
08606,Repelón,Atlántico,2024,8157,429
08606,Repelón,Atlántico,2025,8372,429
08634,Sabanagrande,Atlántico,2022,8972,432
08634,Sabanagrande,Atlántico,2023,9283,432
08634,Sabanagrande,Atlántico,2024,9617,432
08634,Sabanagrande,Atlántico,2025,9955,432
08638,Sabanalarga,Atlántico,2022,24661,435
08638,Sabanalarga,Atlántico,2023,25211,435
08638,Sabanalarga,Atlántico,2024,25803,435
08638,Sabanalarga,Atlántico,2025,26380,435
08675,Santa Lucía,Atlántico,2022,5415,438
08675,Santa Lucía,Atlántico,2023,5604,438
08675,Santa Lucía,Atlántico,2024,5794,438
08675,Santa Lucía,Atlántico,2025,5979,438
08685,Santo Tomás,Atlántico,2022,9006,441
08685,Santo Tomás,Atlántico,2023,9332,441
08685,Santo Tomás,Atlántico,2024,9685,441
08685,Santo Tomás,Atlántico,2025,10038,441
08758,Soledad,Atlántico,2022,184739,444
08758,Soledad,Atlántico,2023,190168,444
08758,Soledad,Atlántico,2024,195825,444
08758,Soledad,Atlántico,2025,201421,444
08770,Suan,Atlántico,2022,3483,447
08770,Suan,Atlántico,2023,3594,447
08770,Suan,Atlántico,2024,3717,447
08770,Suan,Atlántico,2025,3834,447
08832,Tubará,Atlántico,2022,5772,450
08832,Tubará,Atlántico,2023,5916,450
08832,Tubará,Atlántico,2024,6069,450
08832,Tubará,Atlántico,2025,6212,450
08849,Usiacurí,Atlántico,2022,4331,453
08849,Usiacurí,Atlántico,2023,4494,453
08849,Usiacurí,Atlántico,2024,4661,453
08849,Usiacurí,Atlántico,2025,4837,453
11001,"Bogotá, D.C.","Bogotá, D.C.",2022,2796296,456
11001,"Bogotá, D.C.","Bogotá, D.C.",2023,2840931,456
11001,"Bogotá, D.C.","Bogotá, D.C.",2024,2886945,456
11001,"Bogotá, D.C.","Bogotá, D.C.",2025,2930023,456
13001,Cartagena de Indias,Bolívar,2022,296704,459
13001,Cartagena de Indias,Bolívar,2023,299901,459
13001,Cartagena de Indias,Bolívar,2024,303381,459
13001,Cartagena de Indias,Bolívar,2025,306639,459
13006,Achí,Bolívar,2022,8075,462
13006,Achí,Bolívar,2023,8280,462
13006,Achí,Bolívar,2024,8489,462
13006,Achí,Bolívar,2025,8694,462
13030,Altos del Rosario,Bolívar,2022,3066,465
13030,Altos del Rosario,Bolívar,2023,3082,465
13030,Altos del Rosario,Bolívar,2024,3100,465
13030,Altos del Rosario,Bolívar,2025,3114,465
13042,Arenal,Bolívar,2022,2402,468
13042,Arenal,Bolívar,2023,2461,468
13042,Arenal,Bolívar,2024,2525,468
13042,Arenal,Bolívar,2025,2590,468
13052,Arjona,Bolívar,2022,18884,471
13052,Arjona,Bolívar,2023,19163,471
13052,Arjona,Bolívar,2024,19463,471
13052,Arjona,Bolívar,2025,19755,471
13062,Arroyohondo,Bolívar,2022,1813,474
13062,Arroyohondo,Bolívar,2023,1831,474
13062,Arroyohondo,Bolívar,2024,1848,474
13062,Arroyohondo,Bolívar,2025,1860,474
13074,Barranco de Loba,Bolívar,2022,4466,477
13074,Barranco de Loba,Bolívar,2023,4578,477
13074,Barranco de Loba,Bolívar,2024,4698,477
13074,Barranco de Loba,Bolívar,2025,4804,477
13140,Calamar,Bolívar,2022,6089,480
13140,Calamar,Bolívar,2023,6209,480
13140,Calamar,Bolívar,2024,6336,480
13140,Calamar,Bolívar,2025,6462,480
13160,Cantagallo,Bolívar,2022,3061,483
13160,Cantagallo,Bolívar,2023,3107,483
13160,Cantagallo,Bolívar,2024,3160,483
13160,Cantagallo,Bolívar,2025,3216,483
13188,Cicuco,Bolívar,2022,4057,486
13188,Cicuco,Bolívar,2023,4179,486
13188,Cicuco,Bolívar,2024,4302,486
13188,Cicuco,Bolívar,2025,4427,486
13212,Córdoba,Bolívar,2022,4908,489
13212,Córdoba,Bolívar,2023,5030,489
13212,Córdoba,Bolívar,2024,5158,489
13212,Córdoba,Bolívar,2025,5283,489
13222,Clemencia,Bolívar,2022,4543,492
13222,Clemencia,Bolívar,2023,4637,492
13222,Clemencia,Bolívar,2024,4736,492
13222,Clemencia,Bolívar,2025,4834,492
13244,El Carmen de Bolívar,Bolívar,2022,20281,495
13244,El Carmen de Bolívar,Bolívar,2023,20650,495
13244,El Carmen de Bolívar,Bolívar,2024,21040,495
13244,El Carmen de Bolívar,Bolívar,2025,21414,495
13248,El Guamo,Bolívar,2022,2664,498
13248,El Guamo,Bolívar,2023,2718,498
13248,El Guamo,Bolívar,2024,2783,498
13248,El Guamo,Bolívar,2025,2841,498
13268,El Peñón,Bolívar,2022,2231,501
13268,El Peñón,Bolívar,2023,2253,501
13268,El Peñón,Bolívar,2024,2268,501
13268,El Peñón,Bolívar,2025,2275,501
13300,Hatillo de Loba,Bolívar,2022,2918,504
13300,Hatillo de Loba,Bolívar,2023,2956,504
13300,Hatillo de Loba,Bolívar,2024,3003,504
13300,Hatillo de Loba,Bolívar,2025,3049,504
13430,Magangué,Bolívar,2022,38737,507
13430,Magangué,Bolívar,2023,39601,507
13430,Magangué,Bolívar,2024,40524,507
13430,Magangué,Bolívar,2025,41433,507
13433,Mahates,Bolívar,2022,8758,510
13433,Mahates,Bolívar,2023,8985,510
13433,Mahates,Bolívar,2024,9222,510
13433,Mahates,Bolívar,2025,9466,510
13440,Margarita,Bolívar,2022,3317,513
13440,Margarita,Bolívar,2023,3374,513
13440,Margarita,Bolívar,2024,3437,513
13440,Margarita,Bolívar,2025,3491,513
13442,María La Baja,Bolívar,2022,12308,516
13442,María La Baja,Bolívar,2023,12466,516
13442,María La Baja,Bolívar,2024,12636,516
13442,María La Baja,Bolívar,2025,12801,516
13458,Montecristo,Bolívar,2022,5355,519
13458,Montecristo,Bolívar,2023,5384,519
13458,Montecristo,Bolívar,2024,5417,519
13458,Montecristo,Bolívar,2025,5442,519
13468,Mompós,Bolívar,2022,12521,522
13468,Mompós,Bolívar,2023,12745,522
13468,Mompós,Bolívar,2024,12979,522
13468,Mompós,Bolívar,2025,13204,522
13473,Morales,Bolívar,2022,8220,525
13473,Morales,Bolívar,2023,8398,525
13473,Morales,Bolívar,2024,8590,525
13473,Morales,Bolívar,2025,8767,525
13490,Norosí,Bolívar,2022,3774,528
13490,Norosí,Bolívar,2023,3947,528
13490,Norosí,Bolívar,2024,4121,528
13490,Norosí,Bolívar,2025,4279,528
13549,Pinillos,Bolívar,2022,6960,531
13549,Pinillos,Bolívar,2023,7054,531
13549,Pinillos,Bolívar,2024,7137,531
13549,Pinillos,Bolívar,2025,7222,531
13580,Regidor,Bolívar,2022,2467,534
13580,Regidor,Bolívar,2023,2533,534
13580,Regidor,Bolívar,2024,2605,534
13580,Regidor,Bolívar,2025,2664,534
13600,Río Viejo,Bolívar,2022,3897,537
13600,Río Viejo,Bolívar,2023,3991,537
13600,Río Viejo,Bolívar,2024,4090,537
13600,Río Viejo,Bolívar,2025,4196,537
13620,San Cristóbal,Bolívar,2022,2790,540
13620,San Cristóbal,Bolívar,2023,2877,540
13620,San Cristóbal,Bolívar,2024,2973,540
13620,San Cristóbal,Bolívar,2025,3066,540
13647,San Estanislao,Bolívar,2022,6168,543
13647,San Estanislao,Bolívar,2023,6336,543
13647,San Estanislao,Bolívar,2024,6513,543
13647,San Estanislao,Bolívar,2025,6689,543
13650,San Fernando,Bolívar,2022,3791,546
13650,San Fernando,Bolívar,2023,3812,546
13650,San Fernando,Bolívar,2024,3831,546
13650,San Fernando,Bolívar,2025,3851,546
13654,San Jacinto,Bolívar,2022,7218,549
13654,San Jacinto,Bolívar,2023,7394,549
13654,San Jacinto,Bolívar,2024,7589,549
13654,San Jacinto,Bolívar,2025,7786,549
13655,San Jacinto del Cauca,Bolívar,2022,3165,552
13655,San Jacinto del Cauca,Bolívar,2023,3216,552
13655,San Jacinto del Cauca,Bolívar,2024,3280,552
13655,San Jacinto del Cauca,Bolívar,2025,3341,552
13657,San Juan Nepomuceno,Bolívar,2022,11054,555
13657,San Juan Nepomuceno,Bolívar,2023,11339,555
13657,San Juan Nepomuceno,Bolívar,2024,11648,555
13657,San Juan Nepomuceno,Bolívar,2025,11946,555
13667,San Martín de Loba,Bolívar,2022,3975,558
13667,San Martín de Loba,Bolívar,2023,4019,558
13667,San Martín de Loba,Bolívar,2024,4063,558
13667,San Martín de Loba,Bolívar,2025,4106,558
13670,San Pablo,Bolívar,2022,8361,561
13670,San Pablo,Bolívar,2023,8487,561
13670,San Pablo,Bolívar,2024,8625,561
13670,San Pablo,Bolívar,2025,8762,561
13673,Santa Catalina,Bolívar,2022,3929,564
13673,Santa Catalina,Bolívar,2023,3997,564
13673,Santa Catalina,Bolívar,2024,4066,564
13673,Santa Catalina,Bolívar,2025,4135,564
13683,Santa Rosa,Bolívar,2022,6450,567
13683,Santa Rosa,Bolívar,2023,6551,567
13683,Santa Rosa,Bolívar,2024,6648,567
13683,Santa Rosa,Bolívar,2025,6748,567
13688,Santa Rosa del Sur,Bolívar,2022,11864,570
13688,Santa Rosa del Sur,Bolívar,2023,11981,570
13688,Santa Rosa del Sur,Bolívar,2024,12090,570
13688,Santa Rosa del Sur,Bolívar,2025,12196,570
13744,Simití,Bolívar,2022,5385,573
13744,Simití,Bolívar,2023,5428,573
13744,Simití,Bolívar,2024,5474,573
13744,Simití,Bolívar,2025,5521,573
13760,Soplaviento,Bolívar,2022,4000,576
13760,Soplaviento,Bolívar,2023,4139,576
13760,Soplaviento,Bolívar,2024,4291,576
13760,Soplaviento,Bolívar,2025,4431,576
13780,Talaigua Nuevo,Bolívar,2022,3777,579
13780,Talaigua Nuevo,Bolívar,2023,3871,579
13780,Talaigua Nuevo,Bolívar,2024,3973,579
13780,Talaigua Nuevo,Bolívar,2025,4081,579
13810,Tiquisio,Bolívar,2022,4553,582
13810,Tiquisio,Bolívar,2023,4587,582
13810,Tiquisio,Bolívar,2024,4624,582
13810,Tiquisio,Bolívar,2025,4658,582
13836,Turbaco,Bolívar,2022,33510,585
13836,Turbaco,Bolívar,2023,34579,585
13836,Turbaco,Bolívar,2024,35678,585
13836,Turbaco,Bolívar,2025,36749,585
13838,Turbaná,Bolívar,2022,4570,588
13838,Turbaná,Bolívar,2023,4655,588
13838,Turbaná,Bolívar,2024,4754,588
13838,Turbaná,Bolívar,2025,4841,588
13873,Villanueva,Bolívar,2022,7832,591
13873,Villanueva,Bolívar,2023,8103,591
13873,Villanueva,Bolívar,2024,8397,591
13873,Villanueva,Bolívar,2025,8690,591
13894,Zambrano,Bolívar,2022,3457,594
13894,Zambrano,Bolívar,2023,3529,594
13894,Zambrano,Bolívar,2024,3607,594
13894,Zambrano,Bolívar,2025,3694,594
15001,Tunja,Boyacá,2022,61858,597
15001,Tunja,Boyacá,2023,63047,597
15001,Tunja,Boyacá,2024,64322,597
15001,Tunja,Boyacá,2025,65599,597
15022,Almeida,Boyacá,2022,831,600
15022,Almeida,Boyacá,2023,833,600
15022,Almeida,Boyacá,2024,831,600
15022,Almeida,Boyacá,2025,829,600
15047,Aquitania,Boyacá,2022,5279,603
15047,Aquitania,Boyacá,2023,5307,603
15047,Aquitania,Boyacá,2024,5343,603
15047,Aquitania,Boyacá,2025,5381,603
15051,Arcabuco,Boyacá,2022,2123,606
15051,Arcabuco,Boyacá,2023,2159,606
15051,Arcabuco,Boyacá,2024,2208,606
15051,Arcabuco,Boyacá,2025,2260,606
15087,Belén,Boyacá,2022,2615,609
15087,Belén,Boyacá,2023,2637,609
15087,Belén,Boyacá,2024,2666,609
15087,Belén,Boyacá,2025,2700,609
15090,Berbeo,Boyacá,2022,661,612
15090,Berbeo,Boyacá,2023,663,612
15090,Berbeo,Boyacá,2024,678,612
15090,Berbeo,Boyacá,2025,688,612
15092,Betéitiva,Boyacá,2022,767,615
15092,Betéitiva,Boyacá,2023,765,615
15092,Betéitiva,Boyacá,2024,758,615
15092,Betéitiva,Boyacá,2025,759,615
15097,Boavita,Boyacá,2022,1941,618
15097,Boavita,Boyacá,2023,1968,618
15097,Boavita,Boyacá,2024,1977,618
15097,Boavita,Boyacá,2025,2009,618
15104,Boyacá,Boyacá,2022,1838,621
15104,Boyacá,Boyacá,2023,1857,621
15104,Boyacá,Boyacá,2024,1894,621
15104,Boyacá,Boyacá,2025,1925,621
15106,Briceño,Boyacá,2022,790,624
15106,Briceño,Boyacá,2023,805,624
15106,Briceño,Boyacá,2024,810,624
15106,Briceño,Boyacá,2025,819,624
15109,Buenavista,Boyacá,2022,1691,627
15109,Buenavista,Boyacá,2023,1704,627
15109,Buenavista,Boyacá,2024,1721,627
15109,Buenavista,Boyacá,2025,1742,627
15114,Busbanzá,Boyacá,2022,451,630
15114,Busbanzá,Boyacá,2023,463,630
15114,Busbanzá,Boyacá,2024,482,630
15114,Busbanzá,Boyacá,2025,504,630
15131,Caldas,Boyacá,2022,1024,633
15131,Caldas,Boyacá,2023,1021,633
15131,Caldas,Boyacá,2024,1014,633
15131,Caldas,Boyacá,2025,1015,633
15135,Campohermoso,Boyacá,2022,1223,636
15135,Campohermoso,Boyacá,2023,1231,636
15135,Campohermoso,Boyacá,2024,1247,636
15135,Campohermoso,Boyacá,2025,1270,636
15162,Cerinza,Boyacá,2022,1245,639
15162,Cerinza,Boyacá,2023,1247,639
15162,Cerinza,Boyacá,2024,1246,639
15162,Cerinza,Boyacá,2025,1246,639
15172,Chinavita,Boyacá,2022,1281,642
15172,Chinavita,Boyacá,2023,1278,642
15172,Chinavita,Boyacá,2024,1278,642
15172,Chinavita,Boyacá,2025,1288,642
15176,Chiquinquirá,Boyacá,2022,18331,645
15176,Chiquinquirá,Boyacá,2023,18534,645
15176,Chiquinquirá,Boyacá,2024,18761,645
15176,Chiquinquirá,Boyacá,2025,18984,645
15180,Chiscas,Boyacá,2022,1520,648
15180,Chiscas,Boyacá,2023,1532,648
15180,Chiscas,Boyacá,2024,1550,648
15180,Chiscas,Boyacá,2025,1571,648
15183,Chita,Boyacá,2022,2878,651
15183,Chita,Boyacá,2023,2903,651
15183,Chita,Boyacá,2024,2942,651
15183,Chita,Boyacá,2025,2970,651
15185,Chitaraque,Boyacá,2022,2121,654
15185,Chitaraque,Boyacá,2023,2142,654
15185,Chitaraque,Boyacá,2024,2160,654
15185,Chitaraque,Boyacá,2025,2185,654
15187,Chivatá,Boyacá,2022,872,657
15187,Chivatá,Boyacá,2023,884,657
15187,Chivatá,Boyacá,2024,890,657
15187,Chivatá,Boyacá,2025,896,657
15189,Ciénega,Boyacá,2022,1584,660
15189,Ciénega,Boyacá,2023,1590,660
15189,Ciénega,Boyacá,2024,1592,660
15189,Ciénega,Boyacá,2025,1606,660
15204,Cómbita,Boyacá,2022,3183,663
15204,Cómbita,Boyacá,2023,3227,663
15204,Cómbita,Boyacá,2024,3277,663
15204,Cómbita,Boyacá,2025,3325,663
15212,Coper,Boyacá,2022,1446,666
15212,Coper,Boyacá,2023,1446,666
15212,Coper,Boyacá,2024,1451,666
15212,Coper,Boyacá,2025,1450,666
15215,Corrales,Boyacá,2022,834,669
15215,Corrales,Boyacá,2023,842,669
15215,Corrales,Boyacá,2024,854,669
15215,Corrales,Boyacá,2025,866,669
15218,Covarachía,Boyacá,2022,1006,672
15218,Covarachía,Boyacá,2023,1015,672
15218,Covarachía,Boyacá,2024,1028,672
15218,Covarachía,Boyacá,2025,1036,672
15223,Cubará,Boyacá,2022,3523,675
15223,Cubará,Boyacá,2023,3666,675
15223,Cubará,Boyacá,2024,3807,675
15223,Cubará,Boyacá,2025,3953,675
15224,Cucaita,Boyacá,2022,1171,678
15224,Cucaita,Boyacá,2023,1181,678
15224,Cucaita,Boyacá,2024,1194,678
15224,Cucaita,Boyacá,2025,1208,678
15226,Cuítiva,Boyacá,2022,694,681
15226,Cuítiva,Boyacá,2023,700,681
15226,Cuítiva,Boyacá,2024,706,681
15226,Cuítiva,Boyacá,2025,716,681
15232,Chíquiza,Boyacá,2022,1516,684
15232,Chíquiza,Boyacá,2023,1539,684
15232,Chíquiza,Boyacá,2024,1559,684
15232,Chíquiza,Boyacá,2025,1575,684
15236,Chivor,Boyacá,2022,978,687
15236,Chivor,Boyacá,2023,986,687
15236,Chivor,Boyacá,2024,1014,687
15236,Chivor,Boyacá,2025,1032,687
15238,Duitama,Boyacá,2022,43925,690
15238,Duitama,Boyacá,2023,44824,690
15238,Duitama,Boyacá,2024,45803,690
15238,Duitama,Boyacá,2025,46777,690
15244,El Cocuy,Boyacá,2022,1455,693
15244,El Cocuy,Boyacá,2023,1470,693
15244,El Cocuy,Boyacá,2024,1485,693
15244,El Cocuy,Boyacá,2025,1500,693
15248,El Espino,Boyacá,2022,1144,696
15248,El Espino,Boyacá,2023,1150,696
15248,El Espino,Boyacá,2024,1167,696
15248,El Espino,Boyacá,2025,1186,696
15272,Firavitoba,Boyacá,2022,2367,699
15272,Firavitoba,Boyacá,2023,2410,699
15272,Firavitoba,Boyacá,2024,2451,699
15272,Firavitoba,Boyacá,2025,2493,699
15276,Floresta,Boyacá,2022,1186,702
15276,Floresta,Boyacá,2023,1199,702
15276,Floresta,Boyacá,2024,1207,702
15276,Floresta,Boyacá,2025,1228,702
15293,Gachantivá,Boyacá,2022,1021,705
15293,Gachantivá,Boyacá,2023,1018,705
15293,Gachantivá,Boyacá,2024,1028,705
15293,Gachantivá,Boyacá,2025,1033,705
15296,Gámeza,Boyacá,2022,1608,708
15296,Gámeza,Boyacá,2023,1608,708
15296,Gámeza,Boyacá,2024,1612,708
15296,Gámeza,Boyacá,2025,1615,708
15299,Garagoa,Boyacá,2022,7134,711
15299,Garagoa,Boyacá,2023,7261,711
15299,Garagoa,Boyacá,2024,7397,711
15299,Garagoa,Boyacá,2025,7534,711
15317,Guacamayas,Boyacá,2022,710,714
15317,Guacamayas,Boyacá,2023,711,714
15317,Guacamayas,Boyacá,2024,712,714
15317,Guacamayas,Boyacá,2025,719,714
15322,Guateque,Boyacá,2022,4286,717
15322,Guateque,Boyacá,2023,4355,717
15322,Guateque,Boyacá,2024,4417,717
15322,Guateque,Boyacá,2025,4490,717
15325,Guayatá,Boyacá,2022,1453,720
15325,Guayatá,Boyacá,2023,1468,720
15325,Guayatá,Boyacá,2024,1473,720
15325,Guayatá,Boyacá,2025,1496,720
15332,Güicán de La Sierra,Boyacá,2022,1630,723
15332,Güicán de La Sierra,Boyacá,2023,1640,723
15332,Güicán de La Sierra,Boyacá,2024,1667,723
15332,Güicán de La Sierra,Boyacá,2025,1673,723
15362,Iza,Boyacá,2022,731,726
15362,Iza,Boyacá,2023,739,726
15362,Iza,Boyacá,2024,735,726
15362,Iza,Boyacá,2025,744,726
15367,Jenesano,Boyacá,2022,2560,729
15367,Jenesano,Boyacá,2023,2580,729
15367,Jenesano,Boyacá,2024,2617,729
15367,Jenesano,Boyacá,2025,2640,729
15368,Jericó,Boyacá,2022,1456,732
15368,Jericó,Boyacá,2023,1468,732
15368,Jericó,Boyacá,2024,1485,732
15368,Jericó,Boyacá,2025,1498,732
15377,Labranzagrande,Boyacá,2022,1361,735
15377,Labranzagrande,Boyacá,2023,1385,735
15377,Labranzagrande,Boyacá,2024,1404,735
15377,Labranzagrande,Boyacá,2025,1427,735
15380,La Capilla,Boyacá,2022,1052,738
15380,La Capilla,Boyacá,2023,1048,738
15380,La Capilla,Boyacá,2024,1053,738
15380,La Capilla,Boyacá,2025,1049,738
15401,La Victoria,Boyacá,2022,479,741
15401,La Victoria,Boyacá,2023,479,741
15401,La Victoria,Boyacá,2024,483,741
15401,La Victoria,Boyacá,2025,492,741
15403,La Uvita,Boyacá,2022,1161,744
15403,La Uvita,Boyacá,2023,1151,744
15403,La Uvita,Boyacá,2024,1153,744
15403,La Uvita,Boyacá,2025,1157,744
15407,Villa de Leyva,Boyacá,2022,6247,747
15407,Villa de Leyva,Boyacá,2023,6462,747
15407,Villa de Leyva,Boyacá,2024,6692,747
15407,Villa de Leyva,Boyacá,2025,6930,747
15425,Macanal,Boyacá,2022,2065,750
15425,Macanal,Boyacá,2023,2095,750
15425,Macanal,Boyacá,2024,2141,750
15425,Macanal,Boyacá,2025,2172,750
15442,Maripí,Boyacá,2022,2005,753
15442,Maripí,Boyacá,2023,2032,753
15442,Maripí,Boyacá,2024,2057,753
15442,Maripí,Boyacá,2025,2076,753
15455,Miraflores,Boyacá,2022,3525,756
15455,Miraflores,Boyacá,2023,3562,756
15455,Miraflores,Boyacá,2024,3594,756
15455,Miraflores,Boyacá,2025,3633,756
15464,Mongua,Boyacá,2022,1552,759
15464,Mongua,Boyacá,2023,1553,759
15464,Mongua,Boyacá,2024,1556,759
15464,Mongua,Boyacá,2025,1563,759
15466,Monguí,Boyacá,2022,1533,762
15466,Monguí,Boyacá,2023,1545,762
15466,Monguí,Boyacá,2024,1565,762
15466,Monguí,Boyacá,2025,1584,762
15469,Moniquirá,Boyacá,2022,8436,765
15469,Moniquirá,Boyacá,2023,8555,765
15469,Moniquirá,Boyacá,2024,8692,765
15469,Moniquirá,Boyacá,2025,8813,765
15476,Motavita,Boyacá,2022,1504,768
15476,Motavita,Boyacá,2023,1501,768
15476,Motavita,Boyacá,2024,1496,768
15476,Motavita,Boyacá,2025,1493,768
15480,Muzo,Boyacá,2022,2885,771
15480,Muzo,Boyacá,2023,2878,771
15480,Muzo,Boyacá,2024,2876,771
15480,Muzo,Boyacá,2025,2867,771
15491,Nobsa,Boyacá,2022,5433,774
15491,Nobsa,Boyacá,2023,5513,774
15491,Nobsa,Boyacá,2024,5607,774
15491,Nobsa,Boyacá,2025,5707,774
15494,Nuevo Colón,Boyacá,2022,1750,777
15494,Nuevo Colón,Boyacá,2023,1764,777
15494,Nuevo Colón,Boyacá,2024,1782,777
15494,Nuevo Colón,Boyacá,2025,1807,777
15500,Oicatá,Boyacá,2022,1001,780
15500,Oicatá,Boyacá,2023,1008,780
15500,Oicatá,Boyacá,2024,1026,780
15500,Oicatá,Boyacá,2025,1034,780
15507,Otanche,Boyacá,2022,2891,783
15507,Otanche,Boyacá,2023,2909,783
15507,Otanche,Boyacá,2024,2943,783
15507,Otanche,Boyacá,2025,2978,783
15511,Pachavita,Boyacá,2022,977,786
15511,Pachavita,Boyacá,2023,962,786
15511,Pachavita,Boyacá,2024,960,786
15511,Pachavita,Boyacá,2025,961,786
15514,Páez,Boyacá,2022,1281,789
15514,Páez,Boyacá,2023,1290,789
15514,Páez,Boyacá,2024,1309,789
15514,Páez,Boyacá,2025,1322,789
15516,Paipa,Boyacá,2022,12201,792
15516,Paipa,Boyacá,2023,12515,792
15516,Paipa,Boyacá,2024,12857,792
15516,Paipa,Boyacá,2025,13206,792
15518,Pajarito,Boyacá,2022,839,795
15518,Pajarito,Boyacá,2023,833,795
15518,Pajarito,Boyacá,2024,825,795
15518,Pajarito,Boyacá,2025,822,795
15522,Panqueba,Boyacá,2022,594,798
15522,Panqueba,Boyacá,2023,595,798
15522,Panqueba,Boyacá,2024,599,798
15522,Panqueba,Boyacá,2025,598,798
15531,Pauna,Boyacá,2022,2887,801
15531,Pauna,Boyacá,2023,2910,801
15531,Pauna,Boyacá,2024,2945,801
15531,Pauna,Boyacá,2025,2978,801
15533,Paya,Boyacá,2022,846,804
15533,Paya,Boyacá,2023,864,804
15533,Paya,Boyacá,2024,868,804
15533,Paya,Boyacá,2025,891,804
15537,Paz de Río,Boyacá,2022,1572,807
15537,Paz de Río,Boyacá,2023,1596,807
15537,Paz de Río,Boyacá,2024,1603,807
15537,Paz de Río,Boyacá,2025,1619,807
15542,Pesca,Boyacá,2022,2341,810
15542,Pesca,Boyacá,2023,2362,810
15542,Pesca,Boyacá,2024,2394,810
15542,Pesca,Boyacá,2025,2422,810
15550,Pisba,Boyacá,2022,667,813
15550,Pisba,Boyacá,2023,683,813
15550,Pisba,Boyacá,2024,702,813
15550,Pisba,Boyacá,2025,711,813
15572,Puerto Boyacá,Boyacá,2022,16192,816
15572,Puerto Boyacá,Boyacá,2023,16339,816
15572,Puerto Boyacá,Boyacá,2024,16509,816
15572,Puerto Boyacá,Boyacá,2025,16673,816
15580,Quípama,Boyacá,2022,2070,819
15580,Quípama,Boyacá,2023,2087,819
15580,Quípama,Boyacá,2024,2119,819
15580,Quípama,Boyacá,2025,2136,819
15599,Ramiriquí,Boyacá,2022,3157,822
15599,Ramiriquí,Boyacá,2023,3192,822
15599,Ramiriquí,Boyacá,2024,3230,822
15599,Ramiriquí,Boyacá,2025,3258,822
15600,Ráquira,Boyacá,2022,2835,825
15600,Ráquira,Boyacá,2023,2865,825
15600,Ráquira,Boyacá,2024,2895,825
15600,Ráquira,Boyacá,2025,2930,825
15621,Rondón,Boyacá,2022,1002,828
15621,Rondón,Boyacá,2023,1018,828
15621,Rondón,Boyacá,2024,1024,828
15621,Rondón,Boyacá,2025,1035,828
15632,Saboyá,Boyacá,2022,4440,831
15632,Saboyá,Boyacá,2023,4511,831
15632,Saboyá,Boyacá,2024,4597,831
15632,Saboyá,Boyacá,2025,4682,831
15638,Sáchica,Boyacá,2022,1955,834
15638,Sáchica,Boyacá,2023,2001,834
15638,Sáchica,Boyacá,2024,2060,834
15638,Sáchica,Boyacá,2025,2115,834
15646,Samacá,Boyacá,2022,5583,837
15646,Samacá,Boyacá,2023,5668,837
15646,Samacá,Boyacá,2024,5760,837
15646,Samacá,Boyacá,2025,5849,837
15660,San Eduardo,Boyacá,2022,723,840
15660,San Eduardo,Boyacá,2023,724,840
15660,San Eduardo,Boyacá,2024,726,840
15660,San Eduardo,Boyacá,2025,727,840
15664,San José de Pare,Boyacá,2022,1818,843
15664,San José de Pare,Boyacá,2023,1813,843
15664,San José de Pare,Boyacá,2024,1828,843
15664,San José de Pare,Boyacá,2025,1827,843
15667,San Luis de Gaceno,Boyacá,2022,2144,846
15667,San Luis de Gaceno,Boyacá,2023,2145,846
15667,San Luis de Gaceno,Boyacá,2024,2142,846
15667,San Luis de Gaceno,Boyacá,2025,2152,846
15673,San Mateo,Boyacá,2022,1248,849
15673,San Mateo,Boyacá,2023,1264,849
15673,San Mateo,Boyacá,2024,1275,849
15673,San Mateo,Boyacá,2025,1292,849
15676,San Miguel de Sema,Boyacá,2022,1080,852
15676,San Miguel de Sema,Boyacá,2023,1090,852
15676,San Miguel de Sema,Boyacá,2024,1104,852
15676,San Miguel de Sema,Boyacá,2025,1115,852
15681,San Pablo de Borbur,Boyacá,2022,2432,855
15681,San Pablo de Borbur,Boyacá,2023,2448,855
15681,San Pablo de Borbur,Boyacá,2024,2484,855
15681,San Pablo de Borbur,Boyacá,2025,2508,855
15686,Santana,Boyacá,2022,2806,858
15686,Santana,Boyacá,2023,2832,858
15686,Santana,Boyacá,2024,2859,858
15686,Santana,Boyacá,2025,2895,858
15690,Santa María,Boyacá,2022,1395,861
15690,Santa María,Boyacá,2023,1412,861
15690,Santa María,Boyacá,2024,1430,861
15690,Santa María,Boyacá,2025,1436,861
15693,Santa Rosa de Viterbo,Boyacá,2022,4915,864
15693,Santa Rosa de Viterbo,Boyacá,2023,4961,864
15693,Santa Rosa de Viterbo,Boyacá,2024,5023,864
15693,Santa Rosa de Viterbo,Boyacá,2025,5077,864
15696,Santa Sofía,Boyacá,2022,1174,867
15696,Santa Sofía,Boyacá,2023,1185,867
15696,Santa Sofía,Boyacá,2024,1208,867
15696,Santa Sofía,Boyacá,2025,1218,867
15720,Sativanorte,Boyacá,2022,864,870
15720,Sativanorte,Boyacá,2023,858,870
15720,Sativanorte,Boyacá,2024,854,870
15720,Sativanorte,Boyacá,2025,856,870
15723,Sativasur,Boyacá,2022,399,873
15723,Sativasur,Boyacá,2023,392,873
15723,Sativasur,Boyacá,2024,401,873
15723,Sativasur,Boyacá,2025,393,873
15740,Siachoque,Boyacá,2022,2059,876
15740,Siachoque,Boyacá,2023,2087,876
15740,Siachoque,Boyacá,2024,2112,876
15740,Siachoque,Boyacá,2025,2134,876
15753,Soatá,Boyacá,2022,3593,879
15753,Soatá,Boyacá,2023,3626,879
15753,Soatá,Boyacá,2024,3669,879
15753,Soatá,Boyacá,2025,3696,879
15755,Socotá,Boyacá,2022,2597,882
15755,Socotá,Boyacá,2023,2612,882
15755,Socotá,Boyacá,2024,2650,882
15755,Socotá,Boyacá,2025,2683,882
15757,Socha,Boyacá,2022,2917,885
15757,Socha,Boyacá,2023,2959,885
15757,Socha,Boyacá,2024,3016,885
15757,Socha,Boyacá,2025,3054,885
15759,Sogamoso,Boyacá,2022,47019,888
15759,Sogamoso,Boyacá,2023,47812,888
15759,Sogamoso,Boyacá,2024,48677,888
15759,Sogamoso,Boyacá,2025,49536,888
15761,Somondoco,Boyacá,2022,1324,891
15761,Somondoco,Boyacá,2023,1340,891
15761,Somondoco,Boyacá,2024,1350,891
15761,Somondoco,Boyacá,2025,1370,891
15762,Sora,Boyacá,2022,1163,894
15762,Sora,Boyacá,2023,1176,894
15762,Sora,Boyacá,2024,1185,894
15762,Sora,Boyacá,2025,1204,894
15763,Sotaquirá,Boyacá,2022,2718,897
15763,Sotaquirá,Boyacá,2023,2726,897
15763,Sotaquirá,Boyacá,2024,2752,897
15763,Sotaquirá,Boyacá,2025,2766,897
15764,Soracá,Boyacá,2022,1812,900
15764,Soracá,Boyacá,2023,1829,900
15764,Soracá,Boyacá,2024,1858,900
15764,Soracá,Boyacá,2025,1886,900
15774,Susacón,Boyacá,2022,1113,903
15774,Susacón,Boyacá,2023,1125,903
15774,Susacón,Boyacá,2024,1147,903
15774,Susacón,Boyacá,2025,1153,903
15776,Sutamarchán,Boyacá,2022,2155,906
15776,Sutamarchán,Boyacá,2023,2181,906
15776,Sutamarchán,Boyacá,2024,2210,906
15776,Sutamarchán,Boyacá,2025,2236,906
15778,Sutatenza,Boyacá,2022,1632,909
15778,Sutatenza,Boyacá,2023,1635,909
15778,Sutatenza,Boyacá,2024,1659,909
15778,Sutatenza,Boyacá,2025,1673,909
15790,Tasco,Boyacá,2022,2220,912
15790,Tasco,Boyacá,2023,2234,912
15790,Tasco,Boyacá,2024,2260,912
15790,Tasco,Boyacá,2025,2283,912
15798,Tenza,Boyacá,2022,1520,915
15798,Tenza,Boyacá,2023,1505,915
15798,Tenza,Boyacá,2024,1518,915
15798,Tenza,Boyacá,2025,1511,915
15804,Tibaná,Boyacá,2022,3293,918
15804,Tibaná,Boyacá,2023,3320,918
15804,Tibaná,Boyacá,2024,3352,918
15804,Tibaná,Boyacá,2025,3382,918
15806,Tibasosa,Boyacá,2022,4521,921
15806,Tibasosa,Boyacá,2023,4582,921
15806,Tibasosa,Boyacá,2024,4647,921
15806,Tibasosa,Boyacá,2025,4718,921
15808,Tinjacá,Boyacá,2022,1321,924
15808,Tinjacá,Boyacá,2023,1346,924
15808,Tinjacá,Boyacá,2024,1372,924
15808,Tinjacá,Boyacá,2025,1407,924
15810,Tipacoque,Boyacá,2022,1235,927
15810,Tipacoque,Boyacá,2023,1229,927
15810,Tipacoque,Boyacá,2024,1238,927
15810,Tipacoque,Boyacá,2025,1238,927
15814,Toca,Boyacá,2022,2873,930
15814,Toca,Boyacá,2023,2905,930
15814,Toca,Boyacá,2024,2937,930
15814,Toca,Boyacá,2025,2970,930
15816,Togüí,Boyacá,2022,1488,933
15816,Togüí,Boyacá,2023,1509,933
15816,Togüí,Boyacá,2024,1524,933
15816,Togüí,Boyacá,2025,1548,933
15820,Tópaga,Boyacá,2022,1264,936
15820,Tópaga,Boyacá,2023,1277,936
15820,Tópaga,Boyacá,2024,1289,936
15820,Tópaga,Boyacá,2025,1312,936
15822,Tota,Boyacá,2022,1678,939
15822,Tota,Boyacá,2023,1693,939
15822,Tota,Boyacá,2024,1707,939
15822,Tota,Boyacá,2025,1720,939
15832,Tununguá,Boyacá,2022,554,942
15832,Tununguá,Boyacá,2023,559,942
15832,Tununguá,Boyacá,2024,566,942
15832,Tununguá,Boyacá,2025,568,942
15835,Turmequé,Boyacá,2022,2105,945
15835,Turmequé,Boyacá,2023,2096,945
15835,Turmequé,Boyacá,2024,2092,945
15835,Turmequé,Boyacá,2025,2081,945
15837,Tuta,Boyacá,2022,2715,948
15837,Tuta,Boyacá,2023,2734,948
15837,Tuta,Boyacá,2024,2750,948
15837,Tuta,Boyacá,2025,2772,948
15839,Tutazá,Boyacá,2022,691,951
15839,Tutazá,Boyacá,2023,698,951
15839,Tutazá,Boyacá,2024,698,951
15839,Tutazá,Boyacá,2025,702,951
15842,Úmbita,Boyacá,2022,2783,954
15842,Úmbita,Boyacá,2023,2814,954
15842,Úmbita,Boyacá,2024,2842,954
15842,Úmbita,Boyacá,2025,2878,954
15861,Ventaquemada,Boyacá,2022,5367,957
15861,Ventaquemada,Boyacá,2023,5470,957
15861,Ventaquemada,Boyacá,2024,5581,957
15861,Ventaquemada,Boyacá,2025,5694,957
15879,Viracachá,Boyacá,2022,1080,960
15879,Viracachá,Boyacá,2023,1088,960
15879,Viracachá,Boyacá,2024,1108,960
15879,Viracachá,Boyacá,2025,1121,960
15897,Zetaquira,Boyacá,2022,1788,963
15897,Zetaquira,Boyacá,2023,1807,963
15897,Zetaquira,Boyacá,2024,1825,963
15897,Zetaquira,Boyacá,2025,1845,963
17001,Manizales,Caldas,2022,158413,966
17001,Manizales,Caldas,2023,160885,966
17001,Manizales,Caldas,2024,163883,966
17001,Manizales,Caldas,2025,166737,966
17013,Aguadas,Caldas,2022,7818,969
17013,Aguadas,Caldas,2023,7814,969
17013,Aguadas,Caldas,2024,7820,969
17013,Aguadas,Caldas,2025,7825,969
17042,Anserma,Caldas,2022,12933,972
17042,Anserma,Caldas,2023,13014,972
17042,Anserma,Caldas,2024,13137,972
17042,Anserma,Caldas,2025,13244,972
17050,Aranzazu,Caldas,2022,3755,975
17050,Aranzazu,Caldas,2023,3773,975
17050,Aranzazu,Caldas,2024,3813,975
17050,Aranzazu,Caldas,2025,3837,975
17088,Belalcázar,Caldas,2022,3506,978
17088,Belalcázar,Caldas,2023,3500,978
17088,Belalcázar,Caldas,2024,3509,978
17088,Belalcázar,Caldas,2025,3521,978
17174,Chinchiná,Caldas,2022,16983,981
17174,Chinchiná,Caldas,2023,17013,981
17174,Chinchiná,Caldas,2024,17098,981
17174,Chinchiná,Caldas,2025,17153,981
17272,Filadelfia,Caldas,2022,4083,984
17272,Filadelfia,Caldas,2023,4065,984
17272,Filadelfia,Caldas,2024,4051,984
17272,Filadelfia,Caldas,2025,4044,984
17380,La Dorada,Caldas,2022,23869,987
17380,La Dorada,Caldas,2023,23940,987
17380,La Dorada,Caldas,2024,24095,987
17380,La Dorada,Caldas,2025,24215,987
17388,La Merced,Caldas,2022,2179,990
17388,La Merced,Caldas,2023,2165,990
17388,La Merced,Caldas,2024,2162,990
17388,La Merced,Caldas,2025,2155,990
17433,Manzanares,Caldas,2022,6573,993
17433,Manzanares,Caldas,2023,6601,993
17433,Manzanares,Caldas,2024,6657,993
17433,Manzanares,Caldas,2025,6709,993
17442,Marmato,Caldas,2022,3025,996
17442,Marmato,Caldas,2023,3045,996
17442,Marmato,Caldas,2024,3073,996
17442,Marmato,Caldas,2025,3100,996
17444,Marquetalia,Caldas,2022,4964,999
17444,Marquetalia,Caldas,2023,4988,999
17444,Marquetalia,Caldas,2024,5028,999
17444,Marquetalia,Caldas,2025,5068,999
17446,Marulanda,Caldas,2022,980,1002
17446,Marulanda,Caldas,2023,983,1002
17446,Marulanda,Caldas,2024,993,1002
17446,Marulanda,Caldas,2025,1004,1002
17486,Neira,Caldas,2022,6876,1005
17486,Neira,Caldas,2023,6909,1005
17486,Neira,Caldas,2024,6965,1005
17486,Neira,Caldas,2025,7018,1005
17495,Norcasia,Caldas,2022,2069,1008
17495,Norcasia,Caldas,2023,2085,1008
17495,Norcasia,Caldas,2024,2104,1008
17495,Norcasia,Caldas,2025,2119,1008
17513,Pácora,Caldas,2022,5611,1011
17513,Pácora,Caldas,2023,5637,1011
17513,Pácora,Caldas,2024,5681,1011
17513,Pácora,Caldas,2025,5717,1011
17524,Palestina,Caldas,2022,5441,1014
17524,Palestina,Caldas,2023,5469,1014
17524,Palestina,Caldas,2024,5501,1014
17524,Palestina,Caldas,2025,5537,1014
17541,Pensilvania,Caldas,2022,7279,1017
17541,Pensilvania,Caldas,2023,7320,1017
17541,Pensilvania,Caldas,2024,7365,1017
17541,Pensilvania,Caldas,2025,7417,1017
17614,Riosucio,Caldas,2022,15879,1020
17614,Riosucio,Caldas,2023,15957,1020
17614,Riosucio,Caldas,2024,16104,1020
17614,Riosucio,Caldas,2025,16225,1020
17616,Risaralda,Caldas,2022,3838,1023
17616,Risaralda,Caldas,2023,3860,1023
17616,Risaralda,Caldas,2024,3887,1023
17616,Risaralda,Caldas,2025,3910,1023
17653,Salamina,Caldas,2022,6962,1026
17653,Salamina,Caldas,2023,6961,1026
17653,Salamina,Caldas,2024,6992,1026
17653,Salamina,Caldas,2025,7006,1026
17662,Samaná,Caldas,2022,7815,1029
17662,Samaná,Caldas,2023,7844,1029
17662,Samaná,Caldas,2024,7910,1029
17662,Samaná,Caldas,2025,7955,1029
17665,San José,Caldas,2022,1717,1032
17665,San José,Caldas,2023,1723,1032
17665,San José,Caldas,2024,1736,1032
17665,San José,Caldas,2025,1748,1032
17777,Supía,Caldas,2022,9784,1035
17777,Supía,Caldas,2023,9934,1035
17777,Supía,Caldas,2024,10117,1035
17777,Supía,Caldas,2025,10289,1035
17867,Victoria,Caldas,2022,3709,1038
17867,Victoria,Caldas,2023,3743,1038
17867,Victoria,Caldas,2024,3805,1038
17867,Victoria,Caldas,2025,3861,1038
17873,Villamaría,Caldas,2022,23112,1041
17873,Villamaría,Caldas,2023,23594,1041
17873,Villamaría,Caldas,2024,24145,1041
17873,Villamaría,Caldas,2025,24671,1041
17877,Viterbo,Caldas,2022,4242,1044
17877,Viterbo,Caldas,2023,4255,1044
17877,Viterbo,Caldas,2024,4274,1044
17877,Viterbo,Caldas,2025,4289,1044
18001,Florencia,Caquetá,2022,58770,1047
18001,Florencia,Caquetá,2023,60273,1047
18001,Florencia,Caquetá,2024,61784,1047
18001,Florencia,Caquetá,2025,63238,1047
18029,Albania,Caquetá,2022,1670,1050
18029,Albania,Caquetá,2023,1692,1050
18029,Albania,Caquetá,2024,1722,1050
18029,Albania,Caquetá,2025,1742,1050
18094,Belén de Los Andaquíes,Caquetá,2022,3953,1053
18094,Belén de Los Andaquíes,Caquetá,2023,4008,1053
18094,Belén de Los Andaquíes,Caquetá,2024,4070,1053
18094,Belén de Los Andaquíes,Caquetá,2025,4125,1053
18150,Cartagena del Chairá,Caquetá,2022,9221,1056
18150,Cartagena del Chairá,Caquetá,2023,9409,1056
18150,Cartagena del Chairá,Caquetá,2024,9600,1056
18150,Cartagena del Chairá,Caquetá,2025,9789,1056
18205,Curillo,Caquetá,2022,2520,1059
18205,Curillo,Caquetá,2023,2565,1059
18205,Curillo,Caquetá,2024,2601,1059
18205,Curillo,Caquetá,2025,2639,1059
18247,El Doncello,Caquetá,2022,6810,1062
18247,El Doncello,Caquetá,2023,6910,1062
18247,El Doncello,Caquetá,2024,7015,1062
18247,El Doncello,Caquetá,2025,7108,1062
18256,El Paujíl,Caquetá,2022,8540,1065
18256,El Paujíl,Caquetá,2023,8697,1065
18256,El Paujíl,Caquetá,2024,8845,1065
18256,El Paujíl,Caquetá,2025,8975,1065
18410,La Montañita,Caquetá,2022,4694,1068
18410,La Montañita,Caquetá,2023,4786,1068
18410,La Montañita,Caquetá,2024,4879,1068
18410,La Montañita,Caquetá,2025,4965,1068
18460,Milán,Caquetá,2022,2896,1071
18460,Milán,Caquetá,2023,2956,1071
18460,Milán,Caquetá,2024,3011,1071
18460,Milán,Caquetá,2025,3073,1071
18479,Morelia,Caquetá,2022,1398,1074
18479,Morelia,Caquetá,2023,1417,1074
18479,Morelia,Caquetá,2024,1443,1074
18479,Morelia,Caquetá,2025,1459,1074
18592,Puerto Rico,Caquetá,2022,8499,1077
18592,Puerto Rico,Caquetá,2023,8635,1077
18592,Puerto Rico,Caquetá,2024,8779,1077
18592,Puerto Rico,Caquetá,2025,8914,1077
18610,San José del Fragua,Caquetá,2022,4469,1080
18610,San José del Fragua,Caquetá,2023,4543,1080
18610,San José del Fragua,Caquetá,2024,4614,1080
18610,San José del Fragua,Caquetá,2025,4682,1080
18753,San Vicente del Caguán,Caquetá,2022,14736,1083
18753,San Vicente del Caguán,Caquetá,2023,14946,1083
18753,San Vicente del Caguán,Caquetá,2024,15156,1083
18753,San Vicente del Caguán,Caquetá,2025,15368,1083
18756,Solano,Caquetá,2022,3019,1086
18756,Solano,Caquetá,2023,3049,1086
18756,Solano,Caquetá,2024,3085,1086
18756,Solano,Caquetá,2025,3127,1086
18785,Solita,Caquetá,2022,2019,1089
18785,Solita,Caquetá,2023,2050,1089
18785,Solita,Caquetá,2024,2086,1089
18785,Solita,Caquetá,2025,2115,1089
18860,Valparaíso,Caquetá,2022,2178,1092
18860,Valparaíso,Caquetá,2023,2221,1092
18860,Valparaíso,Caquetá,2024,2257,1092
18860,Valparaíso,Caquetá,2025,2289,1092
19001,Popayán,Cauca,2022,121345,1095
19001,Popayán,Cauca,2023,123600,1095
19001,Popayán,Cauca,2024,126106,1095
19001,Popayán,Cauca,2025,128512,1095
19022,Almaguer,Cauca,2022,7511,1098
19022,Almaguer,Cauca,2023,7555,1098
19022,Almaguer,Cauca,2024,7623,1098
19022,Almaguer,Cauca,2025,7673,1098
19050,Argelia,Cauca,2022,10031,1101
19050,Argelia,Cauca,2023,10121,1101
19050,Argelia,Cauca,2024,10241,1101
19050,Argelia,Cauca,2025,10366,1101
19075,Balboa,Cauca,2022,8608,1104
19075,Balboa,Cauca,2023,8757,1104
19075,Balboa,Cauca,2024,8907,1104
19075,Balboa,Cauca,2025,9062,1104
19100,Bolívar,Cauca,2022,14478,1107
19100,Bolívar,Cauca,2023,14583,1107
19100,Bolívar,Cauca,2024,14702,1107
19100,Bolívar,Cauca,2025,14822,1107
19110,Buenos Aires,Cauca,2022,11923,1110
19110,Buenos Aires,Cauca,2023,12082,1110
19110,Buenos Aires,Cauca,2024,12276,1110
19110,Buenos Aires,Cauca,2025,12451,1110
19130,Cajibío,Cauca,2022,14917,1113
19130,Cajibío,Cauca,2023,15249,1113
19130,Cajibío,Cauca,2024,15603,1113
19130,Cajibío,Cauca,2025,15956,1113
19137,Caldono,Cauca,2022,12703,1116
19137,Caldono,Cauca,2023,12986,1116
19137,Caldono,Cauca,2024,13302,1116
19137,Caldono,Cauca,2025,13610,1116
19142,Caloto,Cauca,2022,10948,1119
19142,Caloto,Cauca,2023,11072,1119
19142,Caloto,Cauca,2024,11216,1119
19142,Caloto,Cauca,2025,11356,1119
19212,Corinto,Cauca,2022,9520,1122
19212,Corinto,Cauca,2023,9672,1122
19212,Corinto,Cauca,2024,9851,1122
19212,Corinto,Cauca,2025,10010,1122
19256,El Tambo,Cauca,2022,20379,1125
19256,El Tambo,Cauca,2023,20768,1125
19256,El Tambo,Cauca,2024,21170,1125
19256,El Tambo,Cauca,2025,21563,1125
19290,Florencia,Cauca,2022,1927,1128
19290,Florencia,Cauca,2023,1938,1128
19290,Florencia,Cauca,2024,1963,1128
19290,Florencia,Cauca,2025,1974,1128
19300,Guachené,Cauca,2022,7274,1131
19300,Guachené,Cauca,2023,7350,1131
19300,Guachené,Cauca,2024,7450,1131
19300,Guachené,Cauca,2025,7541,1131
19318,Guapi,Cauca,2022,8033,1134
19318,Guapi,Cauca,2023,8166,1134
19318,Guapi,Cauca,2024,8320,1134
19318,Guapi,Cauca,2025,8463,1134
19355,Inzá,Cauca,2022,10138,1137
19355,Inzá,Cauca,2023,10218,1137
19355,Inzá,Cauca,2024,10305,1137
19355,Inzá,Cauca,2025,10395,1137
19364,Jambaló,Cauca,2022,5890,1140
19364,Jambaló,Cauca,2023,5994,1140
19364,Jambaló,Cauca,2024,6111,1140
19364,Jambaló,Cauca,2025,6214,1140
19392,La Sierra,Cauca,2022,4197,1143
19392,La Sierra,Cauca,2023,4263,1143
19392,La Sierra,Cauca,2024,4343,1143
19392,La Sierra,Cauca,2025,4412,1143
19397,La Vega,Cauca,2022,9433,1146
19397,La Vega,Cauca,2023,9497,1146
19397,La Vega,Cauca,2024,9572,1146
19397,La Vega,Cauca,2025,9645,1146
19418,López de Micay,Cauca,2022,4986,1149
19418,López de Micay,Cauca,2023,5031,1149
19418,López de Micay,Cauca,2024,5093,1149
19418,López de Micay,Cauca,2025,5149,1149
19450,Mercaderes,Cauca,2022,9982,1152
19450,Mercaderes,Cauca,2023,10275,1152
19450,Mercaderes,Cauca,2024,10581,1152
19450,Mercaderes,Cauca,2025,10886,1152
19455,Miranda,Cauca,2022,11765,1155
19455,Miranda,Cauca,2023,11904,1155
19455,Miranda,Cauca,2024,12056,1155
19455,Miranda,Cauca,2025,12206,1155
19473,Morales,Cauca,2022,17952,1158
19473,Morales,Cauca,2023,18443,1158
19473,Morales,Cauca,2024,18968,1158
19473,Morales,Cauca,2025,19476,1158
19513,Padilla,Cauca,2022,3848,1161
19513,Padilla,Cauca,2023,3912,1161
19513,Padilla,Cauca,2024,3977,1161
19513,Padilla,Cauca,2025,4029,1161
19517,Páez,Cauca,2022,15697,1164
19517,Páez,Cauca,2023,16143,1164
19517,Páez,Cauca,2024,16600,1164
19517,Páez,Cauca,2025,17063,1164
19532,Patía,Cauca,2022,15593,1167
19532,Patía,Cauca,2023,15835,1167
19532,Patía,Cauca,2024,16122,1167
19532,Patía,Cauca,2025,16381,1167
19533,Piamonte,Cauca,2022,3606,1170
19533,Piamonte,Cauca,2023,3692,1170
19533,Piamonte,Cauca,2024,3774,1170
19533,Piamonte,Cauca,2025,3858,1170
19548,Piendamó - Tunía,Cauca,2022,15539,1173
19548,Piendamó - Tunía,Cauca,2023,15742,1173
19548,Piendamó - Tunía,Cauca,2024,15964,1173
19548,Piendamó - Tunía,Cauca,2025,16178,1173
19573,Puerto Tejada,Cauca,2022,14175,1176
19573,Puerto Tejada,Cauca,2023,14330,1176
19573,Puerto Tejada,Cauca,2024,14518,1176
19573,Puerto Tejada,Cauca,2025,14693,1176
19585,Puracé,Cauca,2022,6233,1179
19585,Puracé,Cauca,2023,6315,1179
19585,Puracé,Cauca,2024,6408,1179
19585,Puracé,Cauca,2025,6494,1179
19622,Rosas,Cauca,2022,4456,1182
19622,Rosas,Cauca,2023,4523,1182
19622,Rosas,Cauca,2024,4608,1182
19622,Rosas,Cauca,2025,4689,1182
19693,San Sebastián,Cauca,2022,4377,1185
19693,San Sebastián,Cauca,2023,4412,1185
19693,San Sebastián,Cauca,2024,4439,1185
19693,San Sebastián,Cauca,2025,4481,1185
19698,Santander de Quilichao,Cauca,2022,39963,1188
19698,Santander de Quilichao,Cauca,2023,41063,1188
19698,Santander de Quilichao,Cauca,2024,42260,1188
19698,Santander de Quilichao,Cauca,2025,43438,1188
19701,Santa Rosa,Cauca,2022,1758,1191
19701,Santa Rosa,Cauca,2023,1774,1191
19701,Santa Rosa,Cauca,2024,1782,1191
19701,Santa Rosa,Cauca,2025,1796,1191
19743,Silvia,Cauca,2022,12968,1194
19743,Silvia,Cauca,2023,13192,1194
19743,Silvia,Cauca,2024,13432,1194
19743,Silvia,Cauca,2025,13660,1194
19760,Sotará Paispamba,Cauca,2022,5579,1197
19760,Sotará Paispamba,Cauca,2023,5674,1197
19760,Sotará Paispamba,Cauca,2024,5768,1197
19760,Sotará Paispamba,Cauca,2025,5868,1197
19780,Suárez,Cauca,2022,14485,1200
19780,Suárez,Cauca,2023,14915,1200
19780,Suárez,Cauca,2024,15375,1200
19780,Suárez,Cauca,2025,15811,1200
19785,Sucre,Cauca,2022,4372,1203
19785,Sucre,Cauca,2023,4429,1203
19785,Sucre,Cauca,2024,4477,1203
19785,Sucre,Cauca,2025,4542,1203
19807,Timbío,Cauca,2022,13322,1206
19807,Timbío,Cauca,2023,13612,1206
19807,Timbío,Cauca,2024,13913,1206
19807,Timbío,Cauca,2025,14216,1206
19809,Timbiquí,Cauca,2022,7921,1209
19809,Timbiquí,Cauca,2023,8131,1209
19809,Timbiquí,Cauca,2024,8340,1209
19809,Timbiquí,Cauca,2025,8551,1209
19821,Toribío,Cauca,2022,13281,1212
19821,Toribío,Cauca,2023,13595,1212
19821,Toribío,Cauca,2024,13940,1212
19821,Toribío,Cauca,2025,14285,1212
19824,Totoró,Cauca,2022,8837,1215
19824,Totoró,Cauca,2023,9023,1215
19824,Totoró,Cauca,2024,9233,1215
19824,Totoró,Cauca,2025,9424,1215
19845,Villa Rica,Cauca,2022,7882,1218
19845,Villa Rica,Cauca,2023,8068,1218
19845,Villa Rica,Cauca,2024,8254,1218
19845,Villa Rica,Cauca,2025,8442,1218
20001,Valledupar,Cesar,2022,157101,1221
20001,Valledupar,Cesar,2023,162956,1221
20001,Valledupar,Cesar,2024,169014,1221
20001,Valledupar,Cesar,2025,175067,1221
20011,Aguachica,Cesar,2022,39657,1224
20011,Aguachica,Cesar,2023,41019,1224
20011,Aguachica,Cesar,2024,42404,1224
20011,Aguachica,Cesar,2025,43779,1224
20013,Agustín Codazzi,Cesar,2022,19159,1227
20013,Agustín Codazzi,Cesar,2023,19561,1227
20013,Agustín Codazzi,Cesar,2024,19971,1227
20013,Agustín Codazzi,Cesar,2025,20355,1227
20032,Astrea,Cesar,2022,6523,1230
20032,Astrea,Cesar,2023,6639,1230
20032,Astrea,Cesar,2024,6750,1230
20032,Astrea,Cesar,2025,6856,1230
20045,Becerril,Cesar,2022,6628,1233
20045,Becerril,Cesar,2023,6878,1233
20045,Becerril,Cesar,2024,7142,1233
20045,Becerril,Cesar,2025,7400,1233
20060,Bosconia,Cesar,2022,12255,1236
20060,Bosconia,Cesar,2023,12654,1236
20060,Bosconia,Cesar,2024,13059,1236
20060,Bosconia,Cesar,2025,13462,1236
20175,Chimichagua,Cesar,2022,10743,1239
20175,Chimichagua,Cesar,2023,10935,1239
20175,Chimichagua,Cesar,2024,11129,1239
20175,Chimichagua,Cesar,2025,11312,1239
20178,Chiriguaná,Cesar,2022,8669,1242
20178,Chiriguaná,Cesar,2023,8920,1242
20178,Chiriguaná,Cesar,2024,9176,1242
20178,Chiriguaná,Cesar,2025,9423,1242
20228,Curumaní,Cesar,2022,12559,1245
20228,Curumaní,Cesar,2023,12967,1245
20228,Curumaní,Cesar,2024,13383,1245
20228,Curumaní,Cesar,2025,13785,1245
20238,El Copey,Cesar,2022,8883,1248
20238,El Copey,Cesar,2023,9118,1248
20238,El Copey,Cesar,2024,9359,1248
20238,El Copey,Cesar,2025,9593,1248
20250,El Paso,Cesar,2022,11946,1251
20250,El Paso,Cesar,2023,12341,1251
20250,El Paso,Cesar,2024,12739,1251
20250,El Paso,Cesar,2025,13113,1251
20295,Gamarra,Cesar,2022,5536,1254
20295,Gamarra,Cesar,2023,5610,1254
20295,Gamarra,Cesar,2024,5677,1254
20295,Gamarra,Cesar,2025,5741,1254
20310,González,Cesar,2022,1457,1257
20310,González,Cesar,2023,1491,1257
20310,González,Cesar,2024,1523,1257
20310,González,Cesar,2025,1564,1257
20383,La Gloria,Cesar,2022,5762,1260
20383,La Gloria,Cesar,2023,5892,1260
20383,La Gloria,Cesar,2024,6032,1260
20383,La Gloria,Cesar,2025,6166,1260
20400,La Jagua de Ibirico,Cesar,2022,18451,1263
20400,La Jagua de Ibirico,Cesar,2023,19132,1263
20400,La Jagua de Ibirico,Cesar,2024,19810,1263
20400,La Jagua de Ibirico,Cesar,2025,20452,1263
20443,Manaure Balcón del Cesar,Cesar,2022,3272,1266
20443,Manaure Balcón del Cesar,Cesar,2023,3356,1266
20443,Manaure Balcón del Cesar,Cesar,2024,3453,1266
20443,Manaure Balcón del Cesar,Cesar,2025,3546,1266
20517,Pailitas,Cesar,2022,6087,1269
20517,Pailitas,Cesar,2023,6234,1269
20517,Pailitas,Cesar,2024,6378,1269
20517,Pailitas,Cesar,2025,6526,1269
20550,Pelaya,Cesar,2022,7037,1272
20550,Pelaya,Cesar,2023,7238,1272
20550,Pelaya,Cesar,2024,7442,1272
20550,Pelaya,Cesar,2025,7652,1272
20570,Pueblo Bello,Cesar,2022,7394,1275
20570,Pueblo Bello,Cesar,2023,7674,1275
20570,Pueblo Bello,Cesar,2024,7958,1275
20570,Pueblo Bello,Cesar,2025,8246,1275
20614,Río de Oro,Cesar,2022,5999,1278
20614,Río de Oro,Cesar,2023,6162,1278
20614,Río de Oro,Cesar,2024,6327,1278
20614,Río de Oro,Cesar,2025,6493,1278
20621,La Paz,Cesar,2022,9092,1281
20621,La Paz,Cesar,2023,9371,1281
20621,La Paz,Cesar,2024,9649,1281
20621,La Paz,Cesar,2025,9916,1281
20710,San Alberto,Cesar,2022,9586,1284
20710,San Alberto,Cesar,2023,9891,1284
20710,San Alberto,Cesar,2024,10215,1284
20710,San Alberto,Cesar,2025,10531,1284
20750,San Diego,Cesar,2022,6438,1287
20750,San Diego,Cesar,2023,6674,1287
20750,San Diego,Cesar,2024,6918,1287
20750,San Diego,Cesar,2025,7160,1287
20770,San Martín,Cesar,2022,9767,1290
20770,San Martín,Cesar,2023,10163,1290
20770,San Martín,Cesar,2024,10565,1290
20770,San Martín,Cesar,2025,10964,1290
20787,Tamalameque,Cesar,2022,4912,1293
20787,Tamalameque,Cesar,2023,5000,1293
20787,Tamalameque,Cesar,2024,5086,1293
20787,Tamalameque,Cesar,2025,5168,1293
23001,Montería,Córdoba,2022,162190,1296
23001,Montería,Córdoba,2023,167052,1296
23001,Montería,Córdoba,2024,171938,1296
23001,Montería,Córdoba,2025,176790,1296
23068,Ayapel,Córdoba,2022,15061,1299
23068,Ayapel,Córdoba,2023,15306,1299
23068,Ayapel,Córdoba,2024,15545,1299
23068,Ayapel,Córdoba,2025,15772,1299
23079,Buenavista,Córdoba,2022,6582,1302
23079,Buenavista,Córdoba,2023,6681,1302
23079,Buenavista,Córdoba,2024,6781,1302
23079,Buenavista,Córdoba,2025,6876,1302
23090,Canalete,Córdoba,2022,4282,1305
23090,Canalete,Córdoba,2023,4356,1305
23090,Canalete,Córdoba,2024,4438,1305
23090,Canalete,Córdoba,2025,4505,1305
23162,Cereté,Córdoba,2022,36631,1308
23162,Cereté,Córdoba,2023,37616,1308
23162,Cereté,Córdoba,2024,38601,1308
23162,Cereté,Córdoba,2025,39571,1308
23168,Chimá,Córdoba,2022,5876,1311
23168,Chimá,Córdoba,2023,6012,1311
23168,Chimá,Córdoba,2024,6144,1311
23168,Chimá,Córdoba,2025,6272,1311
23182,Chinú,Córdoba,2022,14385,1314
23182,Chinú,Córdoba,2023,14658,1314
23182,Chinú,Córdoba,2024,14932,1314
23182,Chinú,Córdoba,2025,15194,1314
23189,Ciénaga de Oro,Córdoba,2022,16893,1317
23189,Ciénaga de Oro,Córdoba,2023,17164,1317
23189,Ciénaga de Oro,Córdoba,2024,17429,1317
23189,Ciénaga de Oro,Córdoba,2025,17677,1317
23300,Cotorra,Córdoba,2022,6668,1320
23300,Cotorra,Córdoba,2023,6844,1320
23300,Cotorra,Córdoba,2024,7012,1320
23300,Cotorra,Córdoba,2025,7177,1320
23350,La Apartada,Córdoba,2022,4574,1323
23350,La Apartada,Córdoba,2023,4671,1323
23350,La Apartada,Córdoba,2024,4774,1323
23350,La Apartada,Córdoba,2025,4876,1323
23417,Lorica,Córdoba,2022,37543,1326
23417,Lorica,Córdoba,2023,38064,1326
23417,Lorica,Córdoba,2024,38585,1326
23417,Lorica,Córdoba,2025,39064,1326
23419,Los Córdobas,Córdoba,2022,6177,1329
23419,Los Córdobas,Córdoba,2023,6244,1329
23419,Los Córdobas,Córdoba,2024,6303,1329
23419,Los Córdobas,Córdoba,2025,6362,1329
23464,Momil,Córdoba,2022,6856,1332
23464,Momil,Córdoba,2023,7018,1332
23464,Momil,Córdoba,2024,7181,1332
23464,Momil,Córdoba,2025,7341,1332
23466,Montelíbano,Córdoba,2022,27453,1335
23466,Montelíbano,Córdoba,2023,27939,1335
23466,Montelíbano,Córdoba,2024,28420,1335
23466,Montelíbano,Córdoba,2025,28876,1335
23500,Moñitos,Córdoba,2022,9645,1338
23500,Moñitos,Córdoba,2023,9844,1338
23500,Moñitos,Córdoba,2024,10039,1338
23500,Moñitos,Córdoba,2025,10221,1338
23555,Planeta Rica,Córdoba,2022,18419,1341
23555,Planeta Rica,Córdoba,2023,18644,1341
23555,Planeta Rica,Córdoba,2024,18867,1341
23555,Planeta Rica,Córdoba,2025,19071,1341
23570,Pueblo Nuevo,Córdoba,2022,11459,1344
23570,Pueblo Nuevo,Córdoba,2023,11650,1344
23570,Pueblo Nuevo,Córdoba,2024,11838,1344
23570,Pueblo Nuevo,Córdoba,2025,12013,1344
23574,Puerto Escondido,Córdoba,2022,6759,1347
23574,Puerto Escondido,Córdoba,2023,6857,1347
23574,Puerto Escondido,Córdoba,2024,6940,1347
23574,Puerto Escondido,Córdoba,2025,7017,1347
23580,Puerto Libertador,Córdoba,2022,14320,1350
23580,Puerto Libertador,Córdoba,2023,14616,1350
23580,Puerto Libertador,Córdoba,2024,14914,1350
23580,Puerto Libertador,Córdoba,2025,15195,1350
23586,Purísima de La Concepción,Córdoba,2022,5455,1353
23586,Purísima de La Concepción,Córdoba,2023,5573,1353
23586,Purísima de La Concepción,Córdoba,2024,5699,1353
23586,Purísima de La Concepción,Córdoba,2025,5815,1353
23660,Sahagún,Córdoba,2022,35263,1356
23660,Sahagún,Córdoba,2023,36058,1356
23660,Sahagún,Córdoba,2024,36847,1356
23660,Sahagún,Córdoba,2025,37602,1356
23670,San Andrés de Sotavento,Córdoba,2022,13997,1359
23670,San Andrés de Sotavento,Córdoba,2023,14243,1359
23670,San Andrés de Sotavento,Córdoba,2024,14492,1359
23670,San Andrés de Sotavento,Córdoba,2025,14728,1359
23672,San Antero,Córdoba,2022,11614,1362
23672,San Antero,Córdoba,2023,11927,1362
23672,San Antero,Córdoba,2024,12249,1362
23672,San Antero,Córdoba,2025,12560,1362
23675,San Bernardo del Viento,Córdoba,2022,12233,1365
23675,San Bernardo del Viento,Córdoba,2023,12494,1365
23675,San Bernardo del Viento,Córdoba,2024,12768,1365
23675,San Bernardo del Viento,Córdoba,2025,13034,1365
23678,San Carlos,Córdoba,2022,8674,1368
23678,San Carlos,Córdoba,2023,8819,1368
23678,San Carlos,Córdoba,2024,8968,1368
23678,San Carlos,Córdoba,2025,9100,1368
23682,San José de Uré,Córdoba,2022,4414,1371
23682,San José de Uré,Córdoba,2023,4544,1371
23682,San José de Uré,Córdoba,2024,4667,1371
23682,San José de Uré,Córdoba,2025,4784,1371
23686,San Pelayo,Córdoba,2022,19993,1374
23686,San Pelayo,Córdoba,2023,20477,1374
23686,San Pelayo,Córdoba,2024,20953,1374
23686,San Pelayo,Córdoba,2025,21401,1374
23807,Tierralta,Córdoba,2022,25739,1377
23807,Tierralta,Córdoba,2023,26282,1377
23807,Tierralta,Córdoba,2024,26812,1377
23807,Tierralta,Córdoba,2025,27327,1377
23815,Tuchín,Córdoba,2022,15826,1380
23815,Tuchín,Córdoba,2023,16260,1380
23815,Tuchín,Córdoba,2024,16694,1380
23815,Tuchín,Córdoba,2025,17111,1380
23855,Valencia,Córdoba,2022,12071,1383
23855,Valencia,Córdoba,2023,12199,1383
23855,Valencia,Córdoba,2024,12326,1383
23855,Valencia,Córdoba,2025,12441,1383
25001,Agua de Dios,Cundinamarca,2022,4632,1386
25001,Agua de Dios,Cundinamarca,2023,4677,1386
25001,Agua de Dios,Cundinamarca,2024,4727,1386
25001,Agua de Dios,Cundinamarca,2025,4785,1386
25019,Albán,Cundinamarca,2022,2410,1389
25019,Albán,Cundinamarca,2023,2463,1389
25019,Albán,Cundinamarca,2024,2501,1389
25019,Albán,Cundinamarca,2025,2551,1389
25035,Anapoima,Cundinamarca,2022,6066,1392
25035,Anapoima,Cundinamarca,2023,6246,1392
25035,Anapoima,Cundinamarca,2024,6447,1392
25035,Anapoima,Cundinamarca,2025,6656,1392
25040,Anolaima,Cundinamarca,2022,5883,1395
25040,Anolaima,Cundinamarca,2023,5968,1395
25040,Anolaima,Cundinamarca,2024,6066,1395
25040,Anolaima,Cundinamarca,2025,6163,1395
25053,Arbeláez,Cundinamarca,2022,3813,1398
25053,Arbeláez,Cundinamarca,2023,3829,1398
25053,Arbeláez,Cundinamarca,2024,3847,1398
25053,Arbeláez,Cundinamarca,2025,3869,1398
25086,Beltrán,Cundinamarca,2022,703,1401
25086,Beltrán,Cundinamarca,2023,706,1401
25086,Beltrán,Cundinamarca,2024,718,1401
25086,Beltrán,Cundinamarca,2025,715,1401
25095,Bituima,Cundinamarca,2022,1034,1404
25095,Bituima,Cundinamarca,2023,1031,1404
25095,Bituima,Cundinamarca,2024,1048,1404
25095,Bituima,Cundinamarca,2025,1055,1404
25099,Bojacá,Cundinamarca,2022,3355,1407
25099,Bojacá,Cundinamarca,2023,3429,1407
25099,Bojacá,Cundinamarca,2024,3497,1407
25099,Bojacá,Cundinamarca,2025,3577,1407
25120,Cabrera,Cundinamarca,2022,1588,1410
25120,Cabrera,Cundinamarca,2023,1615,1410
25120,Cabrera,Cundinamarca,2024,1631,1410
25120,Cabrera,Cundinamarca,2025,1662,1410
25123,Cachipay,Cundinamarca,2022,4034,1413
25123,Cachipay,Cundinamarca,2023,4082,1413
25123,Cachipay,Cundinamarca,2024,4138,1413
25123,Cachipay,Cundinamarca,2025,4196,1413
25126,Cajicá,Cundinamarca,2022,36519,1416
25126,Cajicá,Cundinamarca,2023,38238,1416
25126,Cajicá,Cundinamarca,2024,40032,1416
25126,Cajicá,Cundinamarca,2025,41808,1416
25148,Caparrapí,Cundinamarca,2022,4882,1419
25148,Caparrapí,Cundinamarca,2023,4834,1419
25148,Caparrapí,Cundinamarca,2024,4792,1419
25148,Caparrapí,Cundinamarca,2025,4753,1419
25151,Cáqueza,Cundinamarca,2022,6494,1422
25151,Cáqueza,Cundinamarca,2023,6601,1422
25151,Cáqueza,Cundinamarca,2024,6725,1422
25151,Cáqueza,Cundinamarca,2025,6842,1422
25154,Carmen de Carupa,Cundinamarca,2022,2611,1425
25154,Carmen de Carupa,Cundinamarca,2023,2642,1425
25154,Carmen de Carupa,Cundinamarca,2024,2673,1425
25154,Carmen de Carupa,Cundinamarca,2025,2704,1425
25168,Chaguaní,Cundinamarca,2022,1754,1428
25168,Chaguaní,Cundinamarca,2023,1772,1428
25168,Chaguaní,Cundinamarca,2024,1801,1428
25168,Chaguaní,Cundinamarca,2025,1826,1428
25175,Chía,Cundinamarca,2022,55176,1431
25175,Chía,Cundinamarca,2023,57171,1431
25175,Chía,Cundinamarca,2024,59262,1431
25175,Chía,Cundinamarca,2025,61365,1431
25178,Chipaque,Cundinamarca,2022,3323,1434
25178,Chipaque,Cundinamarca,2023,3373,1434
25178,Chipaque,Cundinamarca,2024,3439,1434
25178,Chipaque,Cundinamarca,2025,3492,1434
25181,Choachí,Cundinamarca,2022,3933,1437
25181,Choachí,Cundinamarca,2023,3982,1437
25181,Choachí,Cundinamarca,2024,4036,1437
25181,Choachí,Cundinamarca,2025,4080,1437
25183,Chocontá,Cundinamarca,2022,6687,1440
25183,Chocontá,Cundinamarca,2023,6796,1440
25183,Chocontá,Cundinamarca,2024,6909,1440
25183,Chocontá,Cundinamarca,2025,7028,1440
25200,Cogua,Cundinamarca,2022,7635,1443
25200,Cogua,Cundinamarca,2023,7842,1443
25200,Cogua,Cundinamarca,2024,8062,1443
25200,Cogua,Cundinamarca,2025,8282,1443
25214,Cota,Cundinamarca,2022,13564,1446
25214,Cota,Cundinamarca,2023,14137,1446
25214,Cota,Cundinamarca,2024,14732,1446
25214,Cota,Cundinamarca,2025,15321,1446
25224,Cucunubá,Cundinamarca,2022,2442,1449
25224,Cucunubá,Cundinamarca,2023,2497,1449
25224,Cucunubá,Cundinamarca,2024,2549,1449
25224,Cucunubá,Cundinamarca,2025,2606,1449
25245,El Colegio,Cundinamarca,2022,10749,1452
25245,El Colegio,Cundinamarca,2023,10998,1452
25245,El Colegio,Cundinamarca,2024,11273,1452
25245,El Colegio,Cundinamarca,2025,11539,1452
25258,El Peñón,Cundinamarca,2022,1988,1455
25258,El Peñón,Cundinamarca,2023,2007,1455
25258,El Peñón,Cundinamarca,2024,2014,1455
25258,El Peñón,Cundinamarca,2025,2043,1455
25260,El Rosal,Cundinamarca,2022,8661,1458
25260,El Rosal,Cundinamarca,2023,8974,1458
25260,El Rosal,Cundinamarca,2024,9293,1458
25260,El Rosal,Cundinamarca,2025,9605,1458
25269,Facatativá,Cundinamarca,2022,51673,1461
25269,Facatativá,Cundinamarca,2023,53326,1461
25269,Facatativá,Cundinamarca,2024,55079,1461
25269,Facatativá,Cundinamarca,2025,56845,1461
25279,Fómeque,Cundinamarca,2022,4380,1464
25279,Fómeque,Cundinamarca,2023,4432,1464
25279,Fómeque,Cundinamarca,2024,4488,1464
25279,Fómeque,Cundinamarca,2025,4545,1464
25281,Fosca,Cundinamarca,2022,1933,1467
25281,Fosca,Cundinamarca,2023,1937,1467
25281,Fosca,Cundinamarca,2024,1947,1467
25281,Fosca,Cundinamarca,2025,1957,1467
25286,Funza,Cundinamarca,2022,37039,1470
25286,Funza,Cundinamarca,2023,38655,1470
25286,Funza,Cundinamarca,2024,40366,1470
25286,Funza,Cundinamarca,2025,42112,1470
25288,Fúquene,Cundinamarca,2022,1539,1473
25288,Fúquene,Cundinamarca,2023,1559,1473
25288,Fúquene,Cundinamarca,2024,1571,1473
25288,Fúquene,Cundinamarca,2025,1584,1473
25290,Fusagasugá,Cundinamarca,2022,55566,1476
25290,Fusagasugá,Cundinamarca,2023,57191,1476
25290,Fusagasugá,Cundinamarca,2024,58940,1476
25290,Fusagasugá,Cundinamarca,2025,60705,1476
25293,Gachalá,Cundinamarca,2022,1691,1479
25293,Gachalá,Cundinamarca,2023,1704,1479
25293,Gachalá,Cundinamarca,2024,1730,1479
25293,Gachalá,Cundinamarca,2025,1745,1479
25295,Gachancipá,Cundinamarca,2022,6530,1482
25295,Gachancipá,Cundinamarca,2023,6786,1482
25295,Gachancipá,Cundinamarca,2024,7050,1482
25295,Gachancipá,Cundinamarca,2025,7308,1482
25297,Gachetá,Cundinamarca,2022,3178,1485
25297,Gachetá,Cundinamarca,2023,3211,1485
25297,Gachetá,Cundinamarca,2024,3255,1485
25297,Gachetá,Cundinamarca,2025,3289,1485
25299,Gama,Cundinamarca,2022,1188,1488
25299,Gama,Cundinamarca,2023,1206,1488
25299,Gama,Cundinamarca,2024,1218,1488
25299,Gama,Cundinamarca,2025,1228,1488
25307,Girardot,Cundinamarca,2022,39715,1491
25307,Girardot,Cundinamarca,2023,40223,1491
25307,Girardot,Cundinamarca,2024,40780,1491
25307,Girardot,Cundinamarca,2025,41311,1491
25312,Granada,Cundinamarca,2022,2429,1494
25312,Granada,Cundinamarca,2023,2479,1494
25312,Granada,Cundinamarca,2024,2520,1494
25312,Granada,Cundinamarca,2025,2561,1494
25317,Guachetá,Cundinamarca,2022,4961,1497
25317,Guachetá,Cundinamarca,2023,5077,1497
25317,Guachetá,Cundinamarca,2024,5197,1497
25317,Guachetá,Cundinamarca,2025,5319,1497
25320,Guaduas,Cundinamarca,2022,10666,1500
25320,Guaduas,Cundinamarca,2023,10767,1500
25320,Guaduas,Cundinamarca,2024,10887,1500
25320,Guaduas,Cundinamarca,2025,10996,1500
25322,Guasca,Cundinamarca,2022,5567,1503
25322,Guasca,Cundinamarca,2023,5731,1503
25322,Guasca,Cundinamarca,2024,5901,1503
25322,Guasca,Cundinamarca,2025,6076,1503
25324,Guataquí,Cundinamarca,2022,1776,1506
25324,Guataquí,Cundinamarca,2023,1806,1506
25324,Guataquí,Cundinamarca,2024,1828,1506
25324,Guataquí,Cundinamarca,2025,1855,1506
25326,Guatavita,Cundinamarca,2022,2140,1509
25326,Guatavita,Cundinamarca,2023,2155,1509
25326,Guatavita,Cundinamarca,2024,2172,1509
25326,Guatavita,Cundinamarca,2025,2191,1509
25328,Guayabal de Síquima,Cundinamarca,2022,1902,1512
25328,Guayabal de Síquima,Cundinamarca,2023,1962,1512
25328,Guayabal de Síquima,Cundinamarca,2024,2019,1512
25328,Guayabal de Síquima,Cundinamarca,2025,2069,1512
25335,Guayabetal,Cundinamarca,2022,2372,1515
25335,Guayabetal,Cundinamarca,2023,2431,1515
25335,Guayabetal,Cundinamarca,2024,2500,1515
25335,Guayabetal,Cundinamarca,2025,2555,1515
25339,Gutiérrez,Cundinamarca,2022,1298,1518
25339,Gutiérrez,Cundinamarca,2023,1314,1518
25339,Gutiérrez,Cundinamarca,2024,1336,1518
25339,Gutiérrez,Cundinamarca,2025,1354,1518
25368,Jerusalén,Cundinamarca,2022,1101,1521
25368,Jerusalén,Cundinamarca,2023,1100,1521
25368,Jerusalén,Cundinamarca,2024,1097,1521
25368,Jerusalén,Cundinamarca,2025,1086,1521
25372,Junín,Cundinamarca,2022,1967,1524
25372,Junín,Cundinamarca,2023,1939,1524
25372,Junín,Cundinamarca,2024,1912,1524
25372,Junín,Cundinamarca,2025,1882,1524
25377,La Calera,Cundinamarca,2022,13474,1527
25377,La Calera,Cundinamarca,2023,13943,1527
25377,La Calera,Cundinamarca,2024,14437,1527
25377,La Calera,Cundinamarca,2025,14935,1527
25386,La Mesa,Cundinamarca,2022,13949,1530
25386,La Mesa,Cundinamarca,2023,14320,1530
25386,La Mesa,Cundinamarca,2024,14715,1530
25386,La Mesa,Cundinamarca,2025,15105,1530
25394,La Palma,Cundinamarca,2022,3950,1533
25394,La Palma,Cundinamarca,2023,3986,1533
25394,La Palma,Cundinamarca,2024,4031,1533
25394,La Palma,Cundinamarca,2025,4069,1533
25398,La Peña,Cundinamarca,2022,2391,1536
25398,La Peña,Cundinamarca,2023,2412,1536
25398,La Peña,Cundinamarca,2024,2446,1536
25398,La Peña,Cundinamarca,2025,2480,1536
25402,La Vega,Cundinamarca,2022,6474,1539
25402,La Vega,Cundinamarca,2023,6633,1539
25402,La Vega,Cundinamarca,2024,6794,1539
25402,La Vega,Cundinamarca,2025,6960,1539
25407,Lenguazaque,Cundinamarca,2022,3258,1542
25407,Lenguazaque,Cundinamarca,2023,3307,1542
25407,Lenguazaque,Cundinamarca,2024,3371,1542
25407,Lenguazaque,Cundinamarca,2025,3422,1542
25426,Machetá,Cundinamarca,2022,2382,1545
25426,Machetá,Cundinamarca,2023,2407,1545
25426,Machetá,Cundinamarca,2024,2440,1545
25426,Machetá,Cundinamarca,2025,2468,1545
25430,Madrid,Cundinamarca,2022,43205,1548
25430,Madrid,Cundinamarca,2023,44975,1548
25430,Madrid,Cundinamarca,2024,46804,1548
25430,Madrid,Cundinamarca,2025,48607,1548
25436,Manta,Cundinamarca,2022,1499,1551
25436,Manta,Cundinamarca,2023,1495,1551
25436,Manta,Cundinamarca,2024,1491,1551
25436,Manta,Cundinamarca,2025,1493,1551
25438,Medina,Cundinamarca,2022,3224,1554
25438,Medina,Cundinamarca,2023,3274,1554
25438,Medina,Cundinamarca,2024,3315,1554
25438,Medina,Cundinamarca,2025,3364,1554
25473,Mosquera,Cundinamarca,2022,52739,1557
25473,Mosquera,Cundinamarca,2023,55415,1557
25473,Mosquera,Cundinamarca,2024,58182,1557
25473,Mosquera,Cundinamarca,2025,60935,1557
25483,Nariño,Cundinamarca,2022,1025,1560
25483,Nariño,Cundinamarca,2023,1036,1560
25483,Nariño,Cundinamarca,2024,1056,1560
25483,Nariño,Cundinamarca,2025,1072,1560
25486,Nemocón,Cundinamarca,2022,4815,1563
25486,Nemocón,Cundinamarca,2023,4936,1563
25486,Nemocón,Cundinamarca,2024,5069,1563
25486,Nemocón,Cundinamarca,2025,5201,1563
25488,Nilo,Cundinamarca,2022,3081,1566
25488,Nilo,Cundinamarca,2023,3138,1566
25488,Nilo,Cundinamarca,2024,3194,1566
25488,Nilo,Cundinamarca,2025,3260,1566
25489,Nimaima,Cundinamarca,2022,1608,1569
25489,Nimaima,Cundinamarca,2023,1627,1569
25489,Nimaima,Cundinamarca,2024,1649,1569
25489,Nimaima,Cundinamarca,2025,1666,1569
25491,Nocaima,Cundinamarca,2022,2298,1572
25491,Nocaima,Cundinamarca,2023,2294,1572
25491,Nocaima,Cundinamarca,2024,2280,1572
25491,Nocaima,Cundinamarca,2025,2273,1572
25506,Venecia,Cundinamarca,2022,1667,1575
25506,Venecia,Cundinamarca,2023,1691,1575
25506,Venecia,Cundinamarca,2024,1726,1575
25506,Venecia,Cundinamarca,2025,1754,1575
25513,Pacho,Cundinamarca,2022,9501,1578
25513,Pacho,Cundinamarca,2023,9586,1578
25513,Pacho,Cundinamarca,2024,9700,1578
25513,Pacho,Cundinamarca,2025,9797,1578
25518,Paime,Cundinamarca,2022,1491,1581
25518,Paime,Cundinamarca,2023,1485,1581
25518,Paime,Cundinamarca,2024,1475,1581
25518,Paime,Cundinamarca,2025,1463,1581
25524,Pandi,Cundinamarca,2022,1876,1584
25524,Pandi,Cundinamarca,2023,1890,1584
25524,Pandi,Cundinamarca,2024,1907,1584
25524,Pandi,Cundinamarca,2025,1917,1584
25530,Paratebueno,Cundinamarca,2022,2914,1587
25530,Paratebueno,Cundinamarca,2023,2953,1587
25530,Paratebueno,Cundinamarca,2024,3005,1587
25530,Paratebueno,Cundinamarca,2025,3049,1587
25535,Pasca,Cundinamarca,2022,3147,1590
25535,Pasca,Cundinamarca,2023,3177,1590
25535,Pasca,Cundinamarca,2024,3226,1590
25535,Pasca,Cundinamarca,2025,3262,1590
25572,Puerto Salgar,Cundinamarca,2022,5296,1593
25572,Puerto Salgar,Cundinamarca,2023,5352,1593
25572,Puerto Salgar,Cundinamarca,2024,5423,1593
25572,Puerto Salgar,Cundinamarca,2025,5490,1593
25580,Pulí,Cundinamarca,2022,1424,1596
25580,Pulí,Cundinamarca,2023,1449,1596
25580,Pulí,Cundinamarca,2024,1487,1596
25580,Pulí,Cundinamarca,2025,1518,1596
25592,Quebradanegra,Cundinamarca,2022,1859,1599
25592,Quebradanegra,Cundinamarca,2023,1886,1599
25592,Quebradanegra,Cundinamarca,2024,1912,1599
25592,Quebradanegra,Cundinamarca,2025,1938,1599
25594,Quetame,Cundinamarca,2022,1791,1602
25594,Quetame,Cundinamarca,2023,1809,1602
25594,Quetame,Cundinamarca,2024,1828,1602
25594,Quetame,Cundinamarca,2025,1854,1602
25596,Quipile,Cundinamarca,2022,2427,1605
25596,Quipile,Cundinamarca,2023,2407,1605
25596,Quipile,Cundinamarca,2024,2391,1605
25596,Quipile,Cundinamarca,2025,2374,1605
25599,Apulo,Cundinamarca,2022,3309,1608
25599,Apulo,Cundinamarca,2023,3354,1608
25599,Apulo,Cundinamarca,2024,3415,1608
25599,Apulo,Cundinamarca,2025,3469,1608
25612,Ricaurte,Cundinamarca,2022,6416,1611
25612,Ricaurte,Cundinamarca,2023,6628,1611
25612,Ricaurte,Cundinamarca,2024,6845,1611
25612,Ricaurte,Cundinamarca,2025,7066,1611
25645,San Antonio del Tequendama,Cundinamarca,2022,4813,1614
25645,San Antonio del Tequendama,Cundinamarca,2023,4875,1614
25645,San Antonio del Tequendama,Cundinamarca,2024,4933,1614
25645,San Antonio del Tequendama,Cundinamarca,2025,4980,1614
25649,San Bernardo,Cundinamarca,2022,3188,1617
25649,San Bernardo,Cundinamarca,2023,3232,1617
25649,San Bernardo,Cundinamarca,2024,3274,1617
25649,San Bernardo,Cundinamarca,2025,3313,1617
25653,San Cayetano,Cundinamarca,2022,1817,1620
25653,San Cayetano,Cundinamarca,2023,1824,1620
25653,San Cayetano,Cundinamarca,2024,1850,1620
25653,San Cayetano,Cundinamarca,2025,1865,1620
25658,San Francisco,Cundinamarca,2022,4449,1623
25658,San Francisco,Cundinamarca,2023,4594,1623
25658,San Francisco,Cundinamarca,2024,4757,1623
25658,San Francisco,Cundinamarca,2025,4915,1623
25662,San Juan de Rioseco,Cundinamarca,2022,3183,1626
25662,San Juan de Rioseco,Cundinamarca,2023,3216,1626
25662,San Juan de Rioseco,Cundinamarca,2024,3267,1626
25662,San Juan de Rioseco,Cundinamarca,2025,3299,1626
25718,Sasaima,Cundinamarca,2022,4306,1629
25718,Sasaima,Cundinamarca,2023,4364,1629
25718,Sasaima,Cundinamarca,2024,4451,1629
25718,Sasaima,Cundinamarca,2025,4515,1629
25736,Sesquilé,Cundinamarca,2022,3908,1632
25736,Sesquilé,Cundinamarca,2023,4003,1632
25736,Sesquilé,Cundinamarca,2024,4111,1632
25736,Sesquilé,Cundinamarca,2025,4213,1632
25740,Sibaté,Cundinamarca,2022,13228,1635
25740,Sibaté,Cundinamarca,2023,13472,1635
25740,Sibaté,Cundinamarca,2024,13716,1635
25740,Sibaté,Cundinamarca,2025,13964,1635
25743,Silvania,Cundinamarca,2022,8217,1638
25743,Silvania,Cundinamarca,2023,8322,1638
25743,Silvania,Cundinamarca,2024,8438,1638
25743,Silvania,Cundinamarca,2025,8552,1638
25745,Simijaca,Cundinamarca,2022,4803,1641
25745,Simijaca,Cundinamarca,2023,4910,1641
25745,Simijaca,Cundinamarca,2024,5029,1641
25745,Simijaca,Cundinamarca,2025,5143,1641
25754,Soacha,Cundinamarca,2022,260968,1644
25754,Soacha,Cundinamarca,2023,272760,1644
25754,Soacha,Cundinamarca,2024,285124,1644
25754,Soacha,Cundinamarca,2025,297607,1644
25758,Sopó,Cundinamarca,2022,10111,1647
25758,Sopó,Cundinamarca,2023,10405,1647
25758,Sopó,Cundinamarca,2024,10717,1647
25758,Sopó,Cundinamarca,2025,11023,1647
25769,Subachoque,Cundinamarca,2022,5660,1650
25769,Subachoque,Cundinamarca,2023,5814,1650
25769,Subachoque,Cundinamarca,2024,5976,1650
25769,Subachoque,Cundinamarca,2025,6140,1650
25772,Suesca,Cundinamarca,2022,7058,1653
25772,Suesca,Cundinamarca,2023,7240,1653
25772,Suesca,Cundinamarca,2024,7433,1653
25772,Suesca,Cundinamarca,2025,7620,1653
25777,Supatá,Cundinamarca,2022,2145,1656
25777,Supatá,Cundinamarca,2023,2189,1656
25777,Supatá,Cundinamarca,2024,2225,1656
25777,Supatá,Cundinamarca,2025,2255,1656
25779,Susa,Cundinamarca,2022,2159,1659
25779,Susa,Cundinamarca,2023,2180,1659
25779,Susa,Cundinamarca,2024,2204,1659
25779,Susa,Cundinamarca,2025,2226,1659
25781,Sutatausa,Cundinamarca,2022,2056,1662
25781,Sutatausa,Cundinamarca,2023,2118,1662
25781,Sutatausa,Cundinamarca,2024,2176,1662
25781,Sutatausa,Cundinamarca,2025,2247,1662
25785,Tabio,Cundinamarca,2022,7306,1665
25785,Tabio,Cundinamarca,2023,7416,1665
25785,Tabio,Cundinamarca,2024,7547,1665
25785,Tabio,Cundinamarca,2025,7676,1665
25793,Tausa,Cundinamarca,2022,2637,1668
25793,Tausa,Cundinamarca,2023,2675,1668
25793,Tausa,Cundinamarca,2024,2723,1668
25793,Tausa,Cundinamarca,2025,2762,1668
25797,Tena,Cundinamarca,2022,4136,1671
25797,Tena,Cundinamarca,2023,4263,1671
25797,Tena,Cundinamarca,2024,4396,1671
25797,Tena,Cundinamarca,2025,4545,1671
25799,Tenjo,Cundinamarca,2022,8509,1674
25799,Tenjo,Cundinamarca,2023,8727,1674
25799,Tenjo,Cundinamarca,2024,8946,1674
25799,Tenjo,Cundinamarca,2025,9171,1674
25805,Tibacuy,Cundinamarca,2022,1975,1677
25805,Tibacuy,Cundinamarca,2023,1979,1677
25805,Tibacuy,Cundinamarca,2024,1981,1677
25805,Tibacuy,Cundinamarca,2025,1990,1677
25807,Tibirita,Cundinamarca,2022,1388,1680
25807,Tibirita,Cundinamarca,2023,1409,1680
25807,Tibirita,Cundinamarca,2024,1433,1680
25807,Tibirita,Cundinamarca,2025,1463,1680
25815,Tocaima,Cundinamarca,2022,7451,1683
25815,Tocaima,Cundinamarca,2023,7522,1683
25815,Tocaima,Cundinamarca,2024,7600,1683
25815,Tocaima,Cundinamarca,2025,7673,1683
25817,Tocancipá,Cundinamarca,2022,15443,1686
25817,Tocancipá,Cundinamarca,2023,16017,1686
25817,Tocancipá,Cundinamarca,2024,16611,1686
25817,Tocancipá,Cundinamarca,2025,17193,1686
25823,Topaipí,Cundinamarca,2022,1719,1689
25823,Topaipí,Cundinamarca,2023,1722,1689
25823,Topaipí,Cundinamarca,2024,1719,1689
25823,Topaipí,Cundinamarca,2025,1724,1689
25839,Ubalá,Cundinamarca,2022,2560,1692
25839,Ubalá,Cundinamarca,2023,2578,1692
25839,Ubalá,Cundinamarca,2024,2599,1692
25839,Ubalá,Cundinamarca,2025,2620,1692
25841,Ubaque,Cundinamarca,2022,2527,1695
25841,Ubaque,Cundinamarca,2023,2547,1695
25841,Ubaque,Cundinamarca,2024,2588,1695
25841,Ubaque,Cundinamarca,2025,2619,1695
25843,Villa de San Diego de Ubaté,Cundinamarca,2022,14416,1698
25843,Villa de San Diego de Ubaté,Cundinamarca,2023,14766,1698
25843,Villa de San Diego de Ubaté,Cundinamarca,2024,15151,1698
25843,Villa de San Diego de Ubaté,Cundinamarca,2025,15540,1698
25845,Une,Cundinamarca,2022,2331,1701
25845,Une,Cundinamarca,2023,2331,1701
25845,Une,Cundinamarca,2024,2339,1701
25845,Une,Cundinamarca,2025,2344,1701
25851,Útica,Cundinamarca,2022,1809,1704
25851,Útica,Cundinamarca,2023,1821,1704
25851,Útica,Cundinamarca,2024,1849,1704
25851,Útica,Cundinamarca,2025,1868,1704
25862,Vergara,Cundinamarca,2022,2613,1707
25862,Vergara,Cundinamarca,2023,2622,1707
25862,Vergara,Cundinamarca,2024,2633,1707
25862,Vergara,Cundinamarca,2025,2655,1707
25867,Vianí,Cundinamarca,2022,1777,1710
25867,Vianí,Cundinamarca,2023,1807,1710
25867,Vianí,Cundinamarca,2024,1846,1710
25867,Vianí,Cundinamarca,2025,1872,1710
25871,Villagómez,Cundinamarca,2022,634,1713
25871,Villagómez,Cundinamarca,2023,629,1713
25871,Villagómez,Cundinamarca,2024,628,1713
25871,Villagómez,Cundinamarca,2025,630,1713
25873,Villapinzón,Cundinamarca,2022,5379,1716
25873,Villapinzón,Cundinamarca,2023,5464,1716
25873,Villapinzón,Cundinamarca,2024,5560,1716
25873,Villapinzón,Cundinamarca,2025,5656,1716
25875,Villeta,Cundinamarca,2022,10512,1719
25875,Villeta,Cundinamarca,2023,10718,1719
25875,Villeta,Cundinamarca,2024,10943,1719
25875,Villeta,Cundinamarca,2025,11165,1719
25878,Viotá,Cundinamarca,2022,5144,1722
25878,Viotá,Cundinamarca,2023,5181,1722
25878,Viotá,Cundinamarca,2024,5242,1722
25878,Viotá,Cundinamarca,2025,5297,1722
25885,Yacopí,Cundinamarca,2022,4348,1725
25885,Yacopí,Cundinamarca,2023,4312,1725
25885,Yacopí,Cundinamarca,2024,4272,1725
25885,Yacopí,Cundinamarca,2025,4241,1725
25898,Zipacón,Cundinamarca,2022,1776,1728
25898,Zipacón,Cundinamarca,2023,1786,1728
25898,Zipacón,Cundinamarca,2024,1797,1728
25898,Zipacón,Cundinamarca,2025,1804,1728
25899,Zipaquirá,Cundinamarca,2022,49700,1731
25899,Zipaquirá,Cundinamarca,2023,51301,1731
25899,Zipaquirá,Cundinamarca,2024,53011,1731
25899,Zipaquirá,Cundinamarca,2025,54717,1731
27001,Quibdó,Chocó,2022,41394,1734
27001,Quibdó,Chocó,2023,42272,1734
27001,Quibdó,Chocó,2024,43208,1734
27001,Quibdó,Chocó,2025,44180,1734
27006,Acandí,Chocó,2022,5069,1737
27006,Acandí,Chocó,2023,5216,1737
27006,Acandí,Chocó,2024,5377,1737
27006,Acandí,Chocó,2025,5523,1737
27025,Alto Baudó,Chocó,2022,6473,1740
27025,Alto Baudó,Chocó,2023,6589,1740
27025,Alto Baudó,Chocó,2024,6703,1740
27025,Alto Baudó,Chocó,2025,6835,1740
27050,Atrato,Chocó,2022,2028,1743
27050,Atrato,Chocó,2023,2066,1743
27050,Atrato,Chocó,2024,2103,1743
27050,Atrato,Chocó,2025,2145,1743
27073,Bagadó,Chocó,2022,3369,1746
27073,Bagadó,Chocó,2023,3467,1746
27073,Bagadó,Chocó,2024,3569,1746
27073,Bagadó,Chocó,2025,3672,1746
27075,Bahía Solano,Chocó,2022,2912,1749
27075,Bahía Solano,Chocó,2023,2964,1749
27075,Bahía Solano,Chocó,2024,3021,1749
27075,Bahía Solano,Chocó,2025,3086,1749
27077,Bajo Baudó,Chocó,2022,8191,1752
27077,Bajo Baudó,Chocó,2023,8407,1752
27077,Bajo Baudó,Chocó,2024,8610,1752
27077,Bajo Baudó,Chocó,2025,8821,1752
27099,Bojayá,Chocó,2022,3291,1755
27099,Bojayá,Chocó,2023,3363,1755
27099,Bojayá,Chocó,2024,3430,1755
27099,Bojayá,Chocó,2025,3507,1755
27135,El Cantón del San Pablo,Chocó,2022,2021,1758
27135,El Cantón del San Pablo,Chocó,2023,2059,1758
27135,El Cantón del San Pablo,Chocó,2024,2102,1758
27135,El Cantón del San Pablo,Chocó,2025,2142,1758
27150,Carmen del Darién,Chocó,2022,6118,1761
27150,Carmen del Darién,Chocó,2023,6274,1761
27150,Carmen del Darién,Chocó,2024,6414,1761
27150,Carmen del Darién,Chocó,2025,6563,1761
27160,Cértegui,Chocó,2022,2131,1764
27160,Cértegui,Chocó,2023,2173,1764
27160,Cértegui,Chocó,2024,2223,1764
27160,Cértegui,Chocó,2025,2269,1764
27205,Condoto,Chocó,2022,4026,1767
27205,Condoto,Chocó,2023,4062,1767
27205,Condoto,Chocó,2024,4100,1767
27205,Condoto,Chocó,2025,4138,1767
27245,El Carmen de Atrato,Chocó,2022,2622,1770
27245,El Carmen de Atrato,Chocó,2023,2666,1770
27245,El Carmen de Atrato,Chocó,2024,2712,1770
27245,El Carmen de Atrato,Chocó,2025,2768,1770
27250,El Litoral del San Juan,Chocó,2022,6202,1773
27250,El Litoral del San Juan,Chocó,2023,6452,1773
27250,El Litoral del San Juan,Chocó,2024,6693,1773
27250,El Litoral del San Juan,Chocó,2025,6954,1773
27361,Istmina,Chocó,2022,10003,1776
27361,Istmina,Chocó,2023,10310,1776
27361,Istmina,Chocó,2024,10637,1776
27361,Istmina,Chocó,2025,10981,1776
27372,Juradó,Chocó,2022,1957,1779
27372,Juradó,Chocó,2023,2042,1779
27372,Juradó,Chocó,2024,2121,1779
27372,Juradó,Chocó,2025,2216,1779
27413,Lloró,Chocó,2022,2804,1782
27413,Lloró,Chocó,2023,2860,1782
27413,Lloró,Chocó,2024,2907,1782
27413,Lloró,Chocó,2025,2965,1782
27425,Medio Atrato,Chocó,2022,3318,1785
27425,Medio Atrato,Chocó,2023,3371,1785
27425,Medio Atrato,Chocó,2024,3430,1785
27425,Medio Atrato,Chocó,2025,3495,1785
27430,Medio Baudó,Chocó,2022,4671,1788
27430,Medio Baudó,Chocó,2023,4811,1788
27430,Medio Baudó,Chocó,2024,4947,1788
27430,Medio Baudó,Chocó,2025,5091,1788
27450,Medio San Juan,Chocó,2022,3440,1791
27450,Medio San Juan,Chocó,2023,3497,1791
27450,Medio San Juan,Chocó,2024,3557,1791
27450,Medio San Juan,Chocó,2025,3635,1791
27491,Nóvita,Chocó,2022,3224,1794
27491,Nóvita,Chocó,2023,3287,1794
27491,Nóvita,Chocó,2024,3355,1794
27491,Nóvita,Chocó,2025,3425,1794
27493,Nuevo Belén de Bajirá,Chocó,2024,9522,1797
27493,Nuevo Belén de Bajirá,Chocó,2025,9758,1797
27495,Nuquí,Chocó,2022,4205,1800
27495,Nuquí,Chocó,2023,4295,1800
27495,Nuquí,Chocó,2024,4376,1800
27495,Nuquí,Chocó,2025,4458,1800
27580,Río Iró,Chocó,2022,1750,1803
27580,Río Iró,Chocó,2023,1785,1803
27580,Río Iró,Chocó,2024,1815,1803
27580,Río Iró,Chocó,2025,1855,1803
27600,Río Quito,Chocó,2022,2297,1806
27600,Río Quito,Chocó,2023,2326,1806
27600,Río Quito,Chocó,2024,2356,1806
27600,Río Quito,Chocó,2025,2386,1806
27615,Riosucio,Chocó,2022,18568,1809
27615,Riosucio,Chocó,2023,18981,1809
27615,Riosucio,Chocó,2024,9616,1809
27615,Riosucio,Chocó,2025,9780,1809
27660,San José del Palmar,Chocó,2022,1711,1812
27660,San José del Palmar,Chocó,2023,1726,1812
27660,San José del Palmar,Chocó,2024,1747,1812
27660,San José del Palmar,Chocó,2025,1756,1812
27745,Sipí,Chocó,2022,1026,1815
27745,Sipí,Chocó,2023,1045,1815
27745,Sipí,Chocó,2024,1059,1815
27745,Sipí,Chocó,2025,1075,1815
27787,Tadó,Chocó,2022,6118,1818
27787,Tadó,Chocó,2023,6230,1818
27787,Tadó,Chocó,2024,6349,1818
27787,Tadó,Chocó,2025,6472,1818
27800,Unguía,Chocó,2022,3996,1821
27800,Unguía,Chocó,2023,4003,1821
27800,Unguía,Chocó,2024,4037,1821
27800,Unguía,Chocó,2025,4050,1821
27810,Unión Panamericana,Chocó,2022,2232,1824
27810,Unión Panamericana,Chocó,2023,2272,1824
27810,Unión Panamericana,Chocó,2024,2314,1824
27810,Unión Panamericana,Chocó,2025,2364,1824
41001,Neiva,Huila,2022,121015,1827
41001,Neiva,Huila,2023,123532,1827
41001,Neiva,Huila,2024,126350,1827
41001,Neiva,Huila,2025,129168,1827
41006,Acevedo,Huila,2022,7438,1830
41006,Acevedo,Huila,2023,7526,1830
41006,Acevedo,Huila,2024,7641,1830
41006,Acevedo,Huila,2025,7743,1830
41013,Agrado,Huila,2022,2630,1833
41013,Agrado,Huila,2023,2662,1833
41013,Agrado,Huila,2024,2701,1833
41013,Agrado,Huila,2025,2738,1833
41016,Aipe,Huila,2022,5128,1836
41016,Aipe,Huila,2023,5205,1836
41016,Aipe,Huila,2024,5290,1836
41016,Aipe,Huila,2025,5379,1836
41020,Algeciras,Huila,2022,7346,1839
41020,Algeciras,Huila,2023,7384,1839
41020,Algeciras,Huila,2024,7451,1839
41020,Algeciras,Huila,2025,7508,1839
41026,Altamira,Huila,2022,1470,1842
41026,Altamira,Huila,2023,1501,1842
41026,Altamira,Huila,2024,1530,1842
41026,Altamira,Huila,2025,1557,1842
41078,Baraya,Huila,2022,2686,1845
41078,Baraya,Huila,2023,2686,1845
41078,Baraya,Huila,2024,2697,1845
41078,Baraya,Huila,2025,2704,1845
41132,Campoalegre,Huila,2022,10277,1848
41132,Campoalegre,Huila,2023,10353,1848
41132,Campoalegre,Huila,2024,10451,1848
41132,Campoalegre,Huila,2025,10541,1848
41206,Colombia,Huila,2022,2337,1851
41206,Colombia,Huila,2023,2370,1851
41206,Colombia,Huila,2024,2411,1851
41206,Colombia,Huila,2025,2440,1851
41244,Elías,Huila,2022,1475,1854
41244,Elías,Huila,2023,1507,1854
41244,Elías,Huila,2024,1539,1854
41244,Elías,Huila,2025,1579,1854
41298,Garzón,Huila,2022,23215,1857
41298,Garzón,Huila,2023,23499,1857
41298,Garzón,Huila,2024,23827,1857
41298,Garzón,Huila,2025,24143,1857
41306,Gigante,Huila,2022,7432,1860
41306,Gigante,Huila,2023,7417,1860
41306,Gigante,Huila,2024,7420,1860
41306,Gigante,Huila,2025,7413,1860
41319,Guadalupe,Huila,2022,5338,1863
41319,Guadalupe,Huila,2023,5392,1863
41319,Guadalupe,Huila,2024,5452,1863
41319,Guadalupe,Huila,2025,5510,1863
41349,Hobo,Huila,2022,2595,1866
41349,Hobo,Huila,2023,2648,1866
41349,Hobo,Huila,2024,2706,1866
41349,Hobo,Huila,2025,2754,1866
41357,Íquira,Huila,2022,2759,1869
41357,Íquira,Huila,2023,2792,1869
41357,Íquira,Huila,2024,2835,1869
41357,Íquira,Huila,2025,2879,1869
41359,Isnos,Huila,2022,8278,1872
41359,Isnos,Huila,2023,8378,1872
41359,Isnos,Huila,2024,8502,1872
41359,Isnos,Huila,2025,8613,1872
41378,La Argentina,Huila,2022,4172,1875
41378,La Argentina,Huila,2023,4246,1875
41378,La Argentina,Huila,2024,4322,1875
41378,La Argentina,Huila,2025,4397,1875
41396,La Plata,Huila,2022,20653,1878
41396,La Plata,Huila,2023,21077,1878
41396,La Plata,Huila,2024,21556,1878
41396,La Plata,Huila,2025,22026,1878
41483,Nátaga,Huila,2022,2132,1881
41483,Nátaga,Huila,2023,2167,1881
41483,Nátaga,Huila,2024,2216,1881
41483,Nátaga,Huila,2025,2245,1881
41503,Oporapa,Huila,2022,3272,1884
41503,Oporapa,Huila,2023,3315,1884
41503,Oporapa,Huila,2024,3371,1884
41503,Oporapa,Huila,2025,3421,1884
41518,Paicol,Huila,2022,2193,1887
41518,Paicol,Huila,2023,2252,1887
41518,Paicol,Huila,2024,2315,1887
41518,Paicol,Huila,2025,2385,1887
41524,Palermo,Huila,2022,8537,1890
41524,Palermo,Huila,2023,8586,1890
41524,Palermo,Huila,2024,8660,1890
41524,Palermo,Huila,2025,8728,1890
41530,Palestina,Huila,2022,3253,1893
41530,Palestina,Huila,2023,3299,1893
41530,Palestina,Huila,2024,3346,1893
41530,Palestina,Huila,2025,3397,1893
41548,Pital,Huila,2022,4264,1896
41548,Pital,Huila,2023,4328,1896
41548,Pital,Huila,2024,4395,1896
41548,Pital,Huila,2025,4464,1896
41551,Pitalito,Huila,2022,39711,1899
41551,Pitalito,Huila,2023,40686,1899
41551,Pitalito,Huila,2024,41778,1899
41551,Pitalito,Huila,2025,42861,1899
41615,Rivera,Huila,2022,7781,1902
41615,Rivera,Huila,2023,8008,1902
41615,Rivera,Huila,2024,8248,1902
41615,Rivera,Huila,2025,8481,1902
41660,Saladoblanco,Huila,2022,3025,1905
41660,Saladoblanco,Huila,2023,3051,1905
41660,Saladoblanco,Huila,2024,3089,1905
41660,Saladoblanco,Huila,2025,3120,1905
41668,San Agustín,Huila,2022,11041,1908
41668,San Agustín,Huila,2023,11229,1908
41668,San Agustín,Huila,2024,11433,1908
41668,San Agustín,Huila,2025,11638,1908
41676,Santa María,Huila,2022,3192,1911
41676,Santa María,Huila,2023,3220,1911
41676,Santa María,Huila,2024,3260,1911
41676,Santa María,Huila,2025,3298,1911
41770,Suaza,Huila,2022,8481,1914
41770,Suaza,Huila,2023,8721,1914
41770,Suaza,Huila,2024,8990,1914
41770,Suaza,Huila,2025,9246,1914
41791,Tarqui,Huila,2022,5576,1917
41791,Tarqui,Huila,2023,5664,1917
41791,Tarqui,Huila,2024,5756,1917
41791,Tarqui,Huila,2025,5854,1917
41797,Tesalia,Huila,2022,3629,1920
41797,Tesalia,Huila,2023,3716,1920
41797,Tesalia,Huila,2024,3813,1920
41797,Tesalia,Huila,2025,3909,1920
41799,Tello,Huila,2022,3630,1923
41799,Tello,Huila,2023,3679,1923
41799,Tello,Huila,2024,3742,1923
41799,Tello,Huila,2025,3789,1923
41801,Teruel,Huila,2022,2557,1926
41801,Teruel,Huila,2023,2577,1926
41801,Teruel,Huila,2024,2600,1926
41801,Teruel,Huila,2025,2626,1926
41807,Timaná,Huila,2022,7381,1929
41807,Timaná,Huila,2023,7484,1929
41807,Timaná,Huila,2024,7606,1929
41807,Timaná,Huila,2025,7722,1929
41872,Villavieja,Huila,2022,2596,1932
41872,Villavieja,Huila,2023,2613,1932
41872,Villavieja,Huila,2024,2629,1932
41872,Villavieja,Huila,2025,2652,1932
41885,Yaguará,Huila,2022,2452,1935
41885,Yaguará,Huila,2023,2473,1935
41885,Yaguará,Huila,2024,2499,1935
41885,Yaguará,Huila,2025,2527,1935
44001,Riohacha,La Guajira,2022,59035,1938
44001,Riohacha,La Guajira,2023,60275,1938
44001,Riohacha,La Guajira,2024,61524,1938
44001,Riohacha,La Guajira,2025,62715,1938
44035,Albania,La Guajira,2022,9589,1941
44035,Albania,La Guajira,2023,9948,1941
44035,Albania,La Guajira,2024,10325,1941
44035,Albania,La Guajira,2025,10710,1941
44078,Barrancas,La Guajira,2022,11239,1944
44078,Barrancas,La Guajira,2023,11604,1944
44078,Barrancas,La Guajira,2024,11977,1944
44078,Barrancas,La Guajira,2025,12343,1944
44090,Dibulla,La Guajira,2022,11498,1947
44090,Dibulla,La Guajira,2023,12013,1947
44090,Dibulla,La Guajira,2024,12538,1947
44090,Dibulla,La Guajira,2025,13059,1947
44098,Distracción,La Guajira,2022,4029,1950
44098,Distracción,La Guajira,2023,4100,1950
44098,Distracción,La Guajira,2024,4167,1950
44098,Distracción,La Guajira,2025,4240,1950
44110,El Molino,La Guajira,2022,2109,1953
44110,El Molino,La Guajira,2023,2134,1953
44110,El Molino,La Guajira,2024,2147,1953
44110,El Molino,La Guajira,2025,2162,1953
44279,Fonseca,La Guajira,2022,13965,1956
44279,Fonseca,La Guajira,2023,14530,1956
44279,Fonseca,La Guajira,2024,15109,1956
44279,Fonseca,La Guajira,2025,15679,1956
44378,Hatonuevo,La Guajira,2022,6710,1959
44378,Hatonuevo,La Guajira,2023,6891,1959
44378,Hatonuevo,La Guajira,2024,7073,1959
44378,Hatonuevo,La Guajira,2025,7255,1959
44420,La Jagua del Pilar,La Guajira,2022,1219,1962
44420,La Jagua del Pilar,La Guajira,2023,1259,1962
44420,La Jagua del Pilar,La Guajira,2024,1302,1962
44420,La Jagua del Pilar,La Guajira,2025,1340,1962
44430,Maicao,La Guajira,2022,55886,1965
44430,Maicao,La Guajira,2023,57944,1965
44430,Maicao,La Guajira,2024,60054,1965
44430,Maicao,La Guajira,2025,62145,1965
44560,Manaure,La Guajira,2022,25403,1968
44560,Manaure,La Guajira,2023,26105,1968
44560,Manaure,La Guajira,2024,26806,1968
44560,Manaure,La Guajira,2025,27490,1968
44650,San Juan del Cesar,La Guajira,2022,15920,1971
44650,San Juan del Cesar,La Guajira,2023,16523,1971
44650,San Juan del Cesar,La Guajira,2024,17143,1971
44650,San Juan del Cesar,La Guajira,2025,17768,1971
44847,Uribia,La Guajira,2022,49675,1974
44847,Uribia,La Guajira,2023,51518,1974
44847,Uribia,La Guajira,2024,53408,1974
44847,Uribia,La Guajira,2025,55283,1974
44855,Urumita,La Guajira,2022,3391,1977
44855,Urumita,La Guajira,2023,3457,1977
44855,Urumita,La Guajira,2024,3541,1977
44855,Urumita,La Guajira,2025,3632,1977
44874,Villanueva,La Guajira,2022,9683,1980
44874,Villanueva,La Guajira,2023,9936,1980
44874,Villanueva,La Guajira,2024,10194,1980
44874,Villanueva,La Guajira,2025,10448,1980
47001,Santa Marta,Magdalena,2022,153022,1983
47001,Santa Marta,Magdalena,2023,156867,1983
47001,Santa Marta,Magdalena,2024,160816,1983
47001,Santa Marta,Magdalena,2025,164688,1983
47030,Algarrobo,Magdalena,2022,4649,1986
47030,Algarrobo,Magdalena,2023,4796,1986
47030,Algarrobo,Magdalena,2024,4946,1986
47030,Algarrobo,Magdalena,2025,5093,1986
47053,Aracataca,Magdalena,2022,11733,1989
47053,Aracataca,Magdalena,2023,11951,1989
47053,Aracataca,Magdalena,2024,12166,1989
47053,Aracataca,Magdalena,2025,12373,1989
47058,Ariguaní,Magdalena,2022,8542,1992
47058,Ariguaní,Magdalena,2023,8609,1992
47058,Ariguaní,Magdalena,2024,8678,1992
47058,Ariguaní,Magdalena,2025,8737,1992
47161,Cerro de San Antonio,Magdalena,2022,3033,1995
47161,Cerro de San Antonio,Magdalena,2023,3116,1995
47161,Cerro de San Antonio,Magdalena,2024,3204,1995
47161,Cerro de San Antonio,Magdalena,2025,3291,1995
47170,Chivolo,Magdalena,2022,7325,1998
47170,Chivolo,Magdalena,2023,7559,1998
47170,Chivolo,Magdalena,2024,7804,1998
47170,Chivolo,Magdalena,2025,8052,1998
47189,Ciénaga,Magdalena,2022,32795,2001
47189,Ciénaga,Magdalena,2023,33548,2001
47189,Ciénaga,Magdalena,2024,34334,2001
47189,Ciénaga,Magdalena,2025,35105,2001
47205,Concordia,Magdalena,2022,3223,2004
47205,Concordia,Magdalena,2023,3259,2004
47205,Concordia,Magdalena,2024,3311,2004
47205,Concordia,Magdalena,2025,3357,2004
47245,El Banco,Magdalena,2022,20803,2007
47245,El Banco,Magdalena,2023,21287,2007
47245,El Banco,Magdalena,2024,21770,2007
47245,El Banco,Magdalena,2025,22236,2007
47258,El Piñón,Magdalena,2022,7637,2010
47258,El Piñón,Magdalena,2023,7851,2010
47258,El Piñón,Magdalena,2024,8080,2010
47258,El Piñón,Magdalena,2025,8292,2010
47268,El Retén,Magdalena,2022,4813,2013
47268,El Retén,Magdalena,2023,4882,2013
47268,El Retén,Magdalena,2024,4952,2013
47268,El Retén,Magdalena,2025,5015,2013
47288,Fundación,Magdalena,2022,18418,2016
47288,Fundación,Magdalena,2023,18824,2016
47288,Fundación,Magdalena,2024,19242,2016
47288,Fundación,Magdalena,2025,19654,2016
47318,Guamal,Magdalena,2022,6930,2019
47318,Guamal,Magdalena,2023,7006,2019
47318,Guamal,Magdalena,2024,7090,2019
47318,Guamal,Magdalena,2025,7157,2019
47460,Nueva Granada,Magdalena,2022,5654,2022
47460,Nueva Granada,Magdalena,2023,5809,2022
47460,Nueva Granada,Magdalena,2024,5969,2022
47460,Nueva Granada,Magdalena,2025,6134,2022
47541,Pedraza,Magdalena,2022,2848,2025
47541,Pedraza,Magdalena,2023,2908,2025
47541,Pedraza,Magdalena,2024,2973,2025
47541,Pedraza,Magdalena,2025,3025,2025
47545,Pijiño del Carmen,Magdalena,2022,3736,2028
47545,Pijiño del Carmen,Magdalena,2023,3831,2028
47545,Pijiño del Carmen,Magdalena,2024,3926,2028
47545,Pijiño del Carmen,Magdalena,2025,4021,2028
47551,Pivijay,Magdalena,2022,10801,2031
47551,Pivijay,Magdalena,2023,10983,2031
47551,Pivijay,Magdalena,2024,11184,2031
47551,Pivijay,Magdalena,2025,11375,2031
47555,Plato,Magdalena,2022,19760,2034
47555,Plato,Magdalena,2023,20365,2034
47555,Plato,Magdalena,2024,21008,2034
47555,Plato,Magdalena,2025,21656,2034
47570,Puebloviejo,Magdalena,2022,9477,2037
47570,Puebloviejo,Magdalena,2023,9690,2037
47570,Puebloviejo,Magdalena,2024,9913,2037
47570,Puebloviejo,Magdalena,2025,10121,2037
47605,Remolino,Magdalena,2022,3971,2040
47605,Remolino,Magdalena,2023,4096,2040
47605,Remolino,Magdalena,2024,4226,2040
47605,Remolino,Magdalena,2025,4354,2040
47660,Sabanas de San Ángel,Magdalena,2022,3895,2043
47660,Sabanas de San Ángel,Magdalena,2023,3946,2043
47660,Sabanas de San Ángel,Magdalena,2024,4008,2043
47660,Sabanas de San Ángel,Magdalena,2025,4064,2043
47675,Salamina,Magdalena,2022,3673,2046
47675,Salamina,Magdalena,2023,3777,2046
47675,Salamina,Magdalena,2024,3896,2046
47675,Salamina,Magdalena,2025,4013,2046
47692,San Sebastián de Buenavista,Magdalena,2022,5397,2049
47692,San Sebastián de Buenavista,Magdalena,2023,5491,2049
47692,San Sebastián de Buenavista,Magdalena,2024,5585,2049
47692,San Sebastián de Buenavista,Magdalena,2025,5677,2049
47703,San Zenón,Magdalena,2022,3405,2052
47703,San Zenón,Magdalena,2023,3499,2052
47703,San Zenón,Magdalena,2024,3605,2052
47703,San Zenón,Magdalena,2025,3703,2052
47707,Santa Ana,Magdalena,2022,7988,2055
47707,Santa Ana,Magdalena,2023,8155,2055
47707,Santa Ana,Magdalena,2024,8331,2055
47707,Santa Ana,Magdalena,2025,8496,2055
47720,Santa Bárbara de Pinto,Magdalena,2022,3096,2058
47720,Santa Bárbara de Pinto,Magdalena,2023,3127,2058
47720,Santa Bárbara de Pinto,Magdalena,2024,3165,2058
47720,Santa Bárbara de Pinto,Magdalena,2025,3190,2058
47745,Sitionuevo,Magdalena,2022,7284,2061
47745,Sitionuevo,Magdalena,2023,7362,2061
47745,Sitionuevo,Magdalena,2024,7454,2061
47745,Sitionuevo,Magdalena,2025,7532,2061
47798,Tenerife,Magdalena,2022,4055,2064
47798,Tenerife,Magdalena,2023,4131,2064
47798,Tenerife,Magdalena,2024,4197,2064
47798,Tenerife,Magdalena,2025,4272,2064
47960,Zapayán,Magdalena,2022,2904,2067
47960,Zapayán,Magdalena,2023,2972,2067
47960,Zapayán,Magdalena,2024,3043,2067
47960,Zapayán,Magdalena,2025,3111,2067
47980,Zona Bananera,Magdalena,2022,19010,2070
47980,Zona Bananera,Magdalena,2023,19437,2070
47980,Zona Bananera,Magdalena,2024,19879,2070
47980,Zona Bananera,Magdalena,2025,20301,2070
50001,Villavicencio,Meta,2022,191053,2073
50001,Villavicencio,Meta,2023,194812,2073
50001,Villavicencio,Meta,2024,198795,2073
50001,Villavicencio,Meta,2025,202676,2073
50006,Acacías,Meta,2022,31389,2076
50006,Acacías,Meta,2023,32333,2076
50006,Acacías,Meta,2024,33311,2076
50006,Acacías,Meta,2025,34288,2076
50110,Barranca de Upía,Meta,2022,2309,2079
50110,Barranca de Upía,Meta,2023,2388,2079
50110,Barranca de Upía,Meta,2024,2475,2079
50110,Barranca de Upía,Meta,2025,2558,2079
50124,Cabuyaro,Meta,2022,2169,2082
50124,Cabuyaro,Meta,2023,2225,2082
50124,Cabuyaro,Meta,2024,2287,2082
50124,Cabuyaro,Meta,2025,2345,2082
50150,Castilla La Nueva,Meta,2022,5126,2085
50150,Castilla La Nueva,Meta,2023,5315,2085
50150,Castilla La Nueva,Meta,2024,5508,2085
50150,Castilla La Nueva,Meta,2025,5694,2085
50223,Cubarral,Meta,2022,2873,2088
50223,Cubarral,Meta,2023,2916,2088
50223,Cubarral,Meta,2024,2975,2088
50223,Cubarral,Meta,2025,3014,2088
50226,Cumaral,Meta,2022,8832,2091
50226,Cumaral,Meta,2023,8986,2091
50226,Cumaral,Meta,2024,9155,2091
50226,Cumaral,Meta,2025,9311,2091
50245,El Calvario,Meta,2022,649,2094
50245,El Calvario,Meta,2023,665,2094
50245,El Calvario,Meta,2024,675,2094
50245,El Calvario,Meta,2025,687,2094
50251,El Castillo,Meta,2022,2807,2097
50251,El Castillo,Meta,2023,2851,2097
50251,El Castillo,Meta,2024,2902,2097
50251,El Castillo,Meta,2025,2951,2097
50270,El Dorado,Meta,2022,1477,2100
50270,El Dorado,Meta,2023,1500,2100
50270,El Dorado,Meta,2024,1519,2100
50270,El Dorado,Meta,2025,1545,2100
50287,Fuente de Oro,Meta,2022,4260,2103
50287,Fuente de Oro,Meta,2023,4330,2103
50287,Fuente de Oro,Meta,2024,4398,2103
50287,Fuente de Oro,Meta,2025,4471,2103
50313,Granada,Meta,2022,25133,2106
50313,Granada,Meta,2023,25553,2106
50313,Granada,Meta,2024,25994,2106
50313,Granada,Meta,2025,26414,2106
50318,Guamal,Meta,2022,5141,2109
50318,Guamal,Meta,2023,5290,2109
50318,Guamal,Meta,2024,5443,2109
50318,Guamal,Meta,2025,5603,2109
50325,Mapiripán,Meta,2022,2285,2112
50325,Mapiripán,Meta,2023,2326,2112
50325,Mapiripán,Meta,2024,2363,2112
50325,Mapiripán,Meta,2025,2396,2112
50330,Mesetas,Meta,2022,4319,2115
50330,Mesetas,Meta,2023,4399,2115
50330,Mesetas,Meta,2024,4470,2115
50330,Mesetas,Meta,2025,4554,2115
50350,La Macarena,Meta,2022,8923,2118
50350,La Macarena,Meta,2023,9139,2118
50350,La Macarena,Meta,2024,9370,2118
50350,La Macarena,Meta,2025,9587,2118
50370,Uribe,Meta,2022,2975,2121
50370,Uribe,Meta,2023,3029,2121
50370,Uribe,Meta,2024,3081,2121
50370,Uribe,Meta,2025,3130,2121
50400,Lejanías,Meta,2022,4221,2124
50400,Lejanías,Meta,2023,4291,2124
50400,Lejanías,Meta,2024,4364,2124
50400,Lejanías,Meta,2025,4436,2124
50450,Puerto Concordia,Meta,2022,3064,2127
50450,Puerto Concordia,Meta,2023,3112,2127
50450,Puerto Concordia,Meta,2024,3160,2127
50450,Puerto Concordia,Meta,2025,3208,2127
50568,Puerto Gaitán,Meta,2022,13769,2130
50568,Puerto Gaitán,Meta,2023,14393,2130
50568,Puerto Gaitán,Meta,2024,15022,2130
50568,Puerto Gaitán,Meta,2025,15645,2130
50573,Puerto López,Meta,2022,10418,2133
50573,Puerto López,Meta,2023,10578,2133
50573,Puerto López,Meta,2024,10760,2133
50573,Puerto López,Meta,2025,10925,2133
50577,Puerto Lleras,Meta,2022,3865,2136
50577,Puerto Lleras,Meta,2023,3917,2136
50577,Puerto Lleras,Meta,2024,3969,2136
50577,Puerto Lleras,Meta,2025,4019,2136
50590,Puerto Rico,Meta,2022,4929,2139
50590,Puerto Rico,Meta,2023,5002,2139
50590,Puerto Rico,Meta,2024,5079,2139
50590,Puerto Rico,Meta,2025,5153,2139
50606,Restrepo,Meta,2022,6719,2142
50606,Restrepo,Meta,2023,6922,2142
50606,Restrepo,Meta,2024,7124,2142
50606,Restrepo,Meta,2025,7321,2142
50680,San Carlos de Guaroa,Meta,2022,4375,2145
50680,San Carlos de Guaroa,Meta,2023,4516,2145
50680,San Carlos de Guaroa,Meta,2024,4658,2145
50680,San Carlos de Guaroa,Meta,2025,4798,2145
50683,San Juan de Arama,Meta,2022,3563,2148
50683,San Juan de Arama,Meta,2023,3615,2148
50683,San Juan de Arama,Meta,2024,3668,2148
50683,San Juan de Arama,Meta,2025,3716,2148
50686,San Juanito,Meta,2022,440,2151
50686,San Juanito,Meta,2023,450,2151
50686,San Juanito,Meta,2024,457,2151
50686,San Juanito,Meta,2025,461,2151
50689,San Martín,Meta,2022,10244,2154
50689,San Martín,Meta,2023,10400,2154
50689,San Martín,Meta,2024,10563,2154
50689,San Martín,Meta,2025,10716,2154
50711,Vistahermosa,Meta,2022,6280,2157
50711,Vistahermosa,Meta,2023,6370,2157
50711,Vistahermosa,Meta,2024,6469,2157
50711,Vistahermosa,Meta,2025,6567,2157
52001,Pasto,Nariño,2022,129255,2160
52001,Pasto,Nariño,2023,130760,2160
52001,Pasto,Nariño,2024,132353,2160
52001,Pasto,Nariño,2025,133897,2160
52019,Albán,Nariño,2022,3952,2163
52019,Albán,Nariño,2023,3981,2163
52019,Albán,Nariño,2024,4017,2163
52019,Albán,Nariño,2025,4052,2163
52022,Aldana,Nariño,2022,2625,2166
52022,Aldana,Nariño,2023,2662,2166
52022,Aldana,Nariño,2024,2702,2166
52022,Aldana,Nariño,2025,2746,2166
52036,Ancuya,Nariño,2022,3902,2169
52036,Ancuya,Nariño,2023,3929,2169
52036,Ancuya,Nariño,2024,3965,2169
52036,Ancuya,Nariño,2025,3998,2169
52051,Arboleda,Nariño,2022,2659,2172
52051,Arboleda,Nariño,2023,2714,2172
52051,Arboleda,Nariño,2024,2768,2172
52051,Arboleda,Nariño,2025,2826,2172
52079,Barbacoas,Nariño,2022,17082,2175
52079,Barbacoas,Nariño,2023,17535,2175
52079,Barbacoas,Nariño,2024,17977,2175
52079,Barbacoas,Nariño,2025,18395,2175
52083,Belén,Nariño,2022,2268,2178
52083,Belén,Nariño,2023,2286,2178
52083,Belén,Nariño,2024,2302,2178
52083,Belén,Nariño,2025,2320,2178
52110,Buesaco,Nariño,2022,9256,2181
52110,Buesaco,Nariño,2023,9409,2181
52110,Buesaco,Nariño,2024,9553,2181
52110,Buesaco,Nariño,2025,9700,2181
52203,Colón,Nariño,2022,3060,2184
52203,Colón,Nariño,2023,3081,2184
52203,Colón,Nariño,2024,3096,2184
52203,Colón,Nariño,2025,3129,2184
52207,Consacá,Nariño,2022,5989,2187
52207,Consacá,Nariño,2023,6127,2187
52207,Consacá,Nariño,2024,6263,2187
52207,Consacá,Nariño,2025,6395,2187
52210,Contadero,Nariño,2022,2648,2190
52210,Contadero,Nariño,2023,2679,2190
52210,Contadero,Nariño,2024,2720,2190
52210,Contadero,Nariño,2025,2754,2190
52215,Córdoba,Nariño,2022,5610,2193
52215,Córdoba,Nariño,2023,5729,2193
52215,Córdoba,Nariño,2024,5846,2193
52215,Córdoba,Nariño,2025,5975,2193
52224,Cuaspud Carlosama,Nariño,2022,3116,2196
52224,Cuaspud Carlosama,Nariño,2023,3174,2196
52224,Cuaspud Carlosama,Nariño,2024,3242,2196
52224,Cuaspud Carlosama,Nariño,2025,3308,2196
52227,Cumbal,Nariño,2022,12776,2199
52227,Cumbal,Nariño,2023,13077,2199
52227,Cumbal,Nariño,2024,13392,2199
52227,Cumbal,Nariño,2025,13714,2199
52233,Cumbitara,Nariño,2022,2131,2202
52233,Cumbitara,Nariño,2023,2146,2202
52233,Cumbitara,Nariño,2024,2171,2202
52233,Cumbitara,Nariño,2025,2191,2202
52240,Chachagüí,Nariño,2022,5042,2205
52240,Chachagüí,Nariño,2023,5134,2205
52240,Chachagüí,Nariño,2024,5227,2205
52240,Chachagüí,Nariño,2025,5312,2205
52250,El Charco,Nariño,2022,6050,2208
52250,El Charco,Nariño,2023,6108,2208
52250,El Charco,Nariño,2024,6181,2208
52250,El Charco,Nariño,2025,6252,2208
52254,El Peñol,Nariño,2022,2854,2211
52254,El Peñol,Nariño,2023,2901,2211
52254,El Peñol,Nariño,2024,2950,2211
52254,El Peñol,Nariño,2025,3000,2211
52256,El Rosario,Nariño,2022,5841,2214
52256,El Rosario,Nariño,2023,5942,2214
52256,El Rosario,Nariño,2024,6030,2214
52256,El Rosario,Nariño,2025,6128,2214
52258,El Tablón de Gómez,Nariño,2022,5342,2217
52258,El Tablón de Gómez,Nariño,2023,5405,2217
52258,El Tablón de Gómez,Nariño,2024,5472,2217
52258,El Tablón de Gómez,Nariño,2025,5534,2217
52260,El Tambo,Nariño,2022,5671,2220
52260,El Tambo,Nariño,2023,5728,2220
52260,El Tambo,Nariño,2024,5792,2220
52260,El Tambo,Nariño,2025,5849,2220
52287,Funes,Nariño,2022,3068,2223
52287,Funes,Nariño,2023,3112,2223
52287,Funes,Nariño,2024,3150,2223
52287,Funes,Nariño,2025,3182,2223
52317,Guachucal,Nariño,2022,6937,2226
52317,Guachucal,Nariño,2023,7045,2226
52317,Guachucal,Nariño,2024,7160,2226
52317,Guachucal,Nariño,2025,7268,2226
52320,Guaitarilla,Nariño,2022,4588,2229
52320,Guaitarilla,Nariño,2023,4619,2229
52320,Guaitarilla,Nariño,2024,4670,2229
52320,Guaitarilla,Nariño,2025,4708,2229
52323,Gualmatán,Nariño,2022,2693,2232
52323,Gualmatán,Nariño,2023,2751,2232
52323,Gualmatán,Nariño,2024,2801,2232
52323,Gualmatán,Nariño,2025,2853,2232
52352,Iles,Nariño,2022,2866,2235
52352,Iles,Nariño,2023,2890,2235
52352,Iles,Nariño,2024,2911,2235
52352,Iles,Nariño,2025,2937,2235
52354,Imués,Nariño,2022,2901,2238
52354,Imués,Nariño,2023,2941,2238
52354,Imués,Nariño,2024,2973,2238
52354,Imués,Nariño,2025,3006,2238
52356,Ipiales,Nariño,2022,38113,2241
52356,Ipiales,Nariño,2023,38686,2241
52356,Ipiales,Nariño,2024,39288,2241
52356,Ipiales,Nariño,2025,39889,2241
52378,La Cruz,Nariño,2022,7132,2244
52378,La Cruz,Nariño,2023,7231,2244
52378,La Cruz,Nariño,2024,7346,2244
52378,La Cruz,Nariño,2025,7465,2244
52381,La Florida,Nariño,2022,3826,2247
52381,La Florida,Nariño,2023,3858,2247
52381,La Florida,Nariño,2024,3889,2247
52381,La Florida,Nariño,2025,3926,2247
52385,La Llanada,Nariño,2022,2779,2250
52385,La Llanada,Nariño,2023,2809,2250
52385,La Llanada,Nariño,2024,2832,2250
52385,La Llanada,Nariño,2025,2862,2250
52390,La Tola,Nariño,2022,1988,2253
52390,La Tola,Nariño,2023,2021,2253
52390,La Tola,Nariño,2024,2060,2253
52390,La Tola,Nariño,2025,2093,2253
52399,La Unión,Nariño,2022,12284,2256
52399,La Unión,Nariño,2023,12529,2256
52399,La Unión,Nariño,2024,12792,2256
52399,La Unión,Nariño,2025,13050,2256
52405,Leiva,Nariño,2022,4008,2259
52405,Leiva,Nariño,2023,4033,2259
52405,Leiva,Nariño,2024,4073,2259
52405,Leiva,Nariño,2025,4104,2259
52411,Linares,Nariño,2022,3989,2262
52411,Linares,Nariño,2023,4018,2262
52411,Linares,Nariño,2024,4058,2262
52411,Linares,Nariño,2025,4095,2262
52418,Los Andes,Nariño,2022,3384,2265
52418,Los Andes,Nariño,2023,3409,2265
52418,Los Andes,Nariño,2024,3438,2265
52418,Los Andes,Nariño,2025,3463,2265
52427,Magüí,Nariño,2022,5556,2268
52427,Magüí,Nariño,2023,5708,2268
52427,Magüí,Nariño,2024,5857,2268
52427,Magüí,Nariño,2025,6003,2268
52435,Mallama,Nariño,2022,3065,2271
52435,Mallama,Nariño,2023,3084,2271
52435,Mallama,Nariño,2024,3110,2271
52435,Mallama,Nariño,2025,3136,2271
52473,Mosquera,Nariño,2022,3446,2274
52473,Mosquera,Nariño,2023,3477,2274
52473,Mosquera,Nariño,2024,3508,2274
52473,Mosquera,Nariño,2025,3540,2274
52480,Nariño,Nariño,2022,1621,2277
52480,Nariño,Nariño,2023,1640,2277
52480,Nariño,Nariño,2024,1664,2277
52480,Nariño,Nariño,2025,1683,2277
52490,Olaya Herrera,Nariño,2022,7339,2280
52490,Olaya Herrera,Nariño,2023,7470,2280
52490,Olaya Herrera,Nariño,2024,7608,2280
52490,Olaya Herrera,Nariño,2025,7744,2280
52506,Ospina,Nariño,2022,2718,2283
52506,Ospina,Nariño,2023,2743,2283
52506,Ospina,Nariño,2024,2766,2283
52506,Ospina,Nariño,2025,2786,2283
52520,Francisco Pizarro,Nariño,2022,4734,2286
52520,Francisco Pizarro,Nariño,2023,4848,2286
52520,Francisco Pizarro,Nariño,2024,4965,2286
52520,Francisco Pizarro,Nariño,2025,5087,2286
52540,Policarpa,Nariño,2022,3612,2289
52540,Policarpa,Nariño,2023,3647,2289
52540,Policarpa,Nariño,2024,3685,2289
52540,Policarpa,Nariño,2025,3705,2289
52560,Potosí,Nariño,2022,3387,2292
52560,Potosí,Nariño,2023,3411,2292
52560,Potosí,Nariño,2024,3443,2292
52560,Potosí,Nariño,2025,3474,2292
52565,Providencia,Nariño,2022,2551,2295
52565,Providencia,Nariño,2023,2574,2295
52565,Providencia,Nariño,2024,2589,2295
52565,Providencia,Nariño,2025,2620,2295
52573,Puerres,Nariño,2022,3152,2298
52573,Puerres,Nariño,2023,3166,2298
52573,Puerres,Nariño,2024,3195,2298
52573,Puerres,Nariño,2025,3208,2298
52585,Pupiales,Nariño,2022,5609,2301
52585,Pupiales,Nariño,2023,5641,2301
52585,Pupiales,Nariño,2024,5686,2301
52585,Pupiales,Nariño,2025,5715,2301
52612,Ricaurte,Nariño,2022,6679,2304
52612,Ricaurte,Nariño,2023,6890,2304
52612,Ricaurte,Nariño,2024,7103,2304
52612,Ricaurte,Nariño,2025,7335,2304
52621,Roberto Payán,Nariño,2022,3559,2307
52621,Roberto Payán,Nariño,2023,3586,2307
52621,Roberto Payán,Nariño,2024,3627,2307
52621,Roberto Payán,Nariño,2025,3670,2307
52678,Samaniego,Nariño,2022,12840,2310
52678,Samaniego,Nariño,2023,12936,2310
52678,Samaniego,Nariño,2024,13044,2310
52678,Samaniego,Nariño,2025,13151,2310
52683,Sandoná,Nariño,2022,7734,2313
52683,Sandoná,Nariño,2023,7800,2313
52683,Sandoná,Nariño,2024,7873,2313
52683,Sandoná,Nariño,2025,7935,2313
52685,San Bernardo,Nariño,2022,3263,2316
52685,San Bernardo,Nariño,2023,3285,2316
52685,San Bernardo,Nariño,2024,3314,2316
52685,San Bernardo,Nariño,2025,3341,2316
52687,San Lorenzo,Nariño,2022,6505,2319
52687,San Lorenzo,Nariño,2023,6576,2319
52687,San Lorenzo,Nariño,2024,6645,2319
52687,San Lorenzo,Nariño,2025,6713,2319
52693,San Pablo,Nariño,2022,5462,2322
52693,San Pablo,Nariño,2023,5505,2322
52693,San Pablo,Nariño,2024,5558,2322
52693,San Pablo,Nariño,2025,5601,2322
52694,San Pedro de Cartago,Nariño,2022,2298,2325
52694,San Pedro de Cartago,Nariño,2023,2312,2325
52694,San Pedro de Cartago,Nariño,2024,2337,2325
52694,San Pedro de Cartago,Nariño,2025,2352,2325
52696,Santa Bárbara,Nariño,2022,4233,2328
52696,Santa Bárbara,Nariño,2023,4306,2328
52696,Santa Bárbara,Nariño,2024,4382,2328
52696,Santa Bárbara,Nariño,2025,4455,2328
52699,Santacruz,Nariño,2022,3781,2331
52699,Santacruz,Nariño,2023,3807,2331
52699,Santacruz,Nariño,2024,3843,2331
52699,Santacruz,Nariño,2025,3869,2331
52720,Sapuyes,Nariño,2022,2389,2334
52720,Sapuyes,Nariño,2023,2416,2334
52720,Sapuyes,Nariño,2024,2431,2334
52720,Sapuyes,Nariño,2025,2458,2334
52786,Taminango,Nariño,2022,6493,2337
52786,Taminango,Nariño,2023,6575,2337
52786,Taminango,Nariño,2024,6669,2337
52786,Taminango,Nariño,2025,6747,2337
52788,Tangua,Nariño,2022,4542,2340
52788,Tangua,Nariño,2023,4635,2340
52788,Tangua,Nariño,2024,4723,2340
52788,Tangua,Nariño,2025,4817,2340
52835,San Andrés de Tumaco,Nariño,2022,88108,2343
52835,San Andrés de Tumaco,Nariño,2023,89742,2343
52835,San Andrés de Tumaco,Nariño,2024,91467,2343
52835,San Andrés de Tumaco,Nariño,2025,93147,2343
52838,Túquerres,Nariño,2022,15109,2346
52838,Túquerres,Nariño,2023,15349,2346
52838,Túquerres,Nariño,2024,15611,2346
52838,Túquerres,Nariño,2025,15859,2346
52885,Yacuanquer,Nariño,2022,3808,2349
52885,Yacuanquer,Nariño,2023,3879,2349
52885,Yacuanquer,Nariño,2024,3947,2349
52885,Yacuanquer,Nariño,2025,4015,2349
54001,San José de Cúcuta,Norte de Santander,2022,233172,2352
54001,San José de Cúcuta,Norte de Santander,2023,237074,2352
54001,San José de Cúcuta,Norte de Santander,2024,240805,2352
54001,San José de Cúcuta,Norte de Santander,2025,244209,2352
54003,Ábrego,Norte de Santander,2022,9904,2355
54003,Ábrego,Norte de Santander,2023,10150,2355
54003,Ábrego,Norte de Santander,2024,10402,2355
54003,Ábrego,Norte de Santander,2025,10633,2355
54051,Arboledas,Norte de Santander,2022,3080,2358
54051,Arboledas,Norte de Santander,2023,3141,2358
54051,Arboledas,Norte de Santander,2024,3196,2358
54051,Arboledas,Norte de Santander,2025,3258,2358
54099,Bochalema,Norte de Santander,2022,2862,2361
54099,Bochalema,Norte de Santander,2023,2946,2361
54099,Bochalema,Norte de Santander,2024,3029,2361
54099,Bochalema,Norte de Santander,2025,3117,2361
54109,Bucarasica,Norte de Santander,2022,1988,2364
54109,Bucarasica,Norte de Santander,2023,2054,2364
54109,Bucarasica,Norte de Santander,2024,2120,2364
54109,Bucarasica,Norte de Santander,2025,2184,2364
54125,Cácota,Norte de Santander,2022,944,2367
54125,Cácota,Norte de Santander,2023,969,2367
54125,Cácota,Norte de Santander,2024,990,2367
54125,Cácota,Norte de Santander,2025,1009,2367
54128,Cáchira,Norte de Santander,2022,3603,2370
54128,Cáchira,Norte de Santander,2023,3677,2370
54128,Cáchira,Norte de Santander,2024,3737,2370
54128,Cáchira,Norte de Santander,2025,3802,2370
54172,Chinácota,Norte de Santander,2022,6424,2373
54172,Chinácota,Norte de Santander,2023,6618,2373
54172,Chinácota,Norte de Santander,2024,6801,2373
54172,Chinácota,Norte de Santander,2025,6991,2373
54174,Chitagá,Norte de Santander,2022,3584,2376
54174,Chitagá,Norte de Santander,2023,3677,2376
54174,Chitagá,Norte de Santander,2024,3768,2376
54174,Chitagá,Norte de Santander,2025,3862,2376
54206,Convención,Norte de Santander,2022,5891,2379
54206,Convención,Norte de Santander,2023,6036,2379
54206,Convención,Norte de Santander,2024,6183,2379
54206,Convención,Norte de Santander,2025,6329,2379
54223,Cucutilla,Norte de Santander,2022,2648,2382
54223,Cucutilla,Norte de Santander,2023,2687,2382
54223,Cucutilla,Norte de Santander,2024,2721,2382
54223,Cucutilla,Norte de Santander,2025,2746,2382
54239,Durania,Norte de Santander,2022,1509,2385
54239,Durania,Norte de Santander,2023,1534,2385
54239,Durania,Norte de Santander,2024,1570,2385
54239,Durania,Norte de Santander,2025,1598,2385
54245,El Carmen,Norte de Santander,2022,4445,2388
54245,El Carmen,Norte de Santander,2023,4549,2388
54245,El Carmen,Norte de Santander,2024,4658,2388
54245,El Carmen,Norte de Santander,2025,4767,2388
54250,El Tarra,Norte de Santander,2022,7308,2391
54250,El Tarra,Norte de Santander,2023,7673,2391
54250,El Tarra,Norte de Santander,2024,8049,2391
54250,El Tarra,Norte de Santander,2025,8425,2391
54261,El Zulia,Norte de Santander,2022,9251,2394
54261,El Zulia,Norte de Santander,2023,9477,2394
54261,El Zulia,Norte de Santander,2024,9685,2394
54261,El Zulia,Norte de Santander,2025,9901,2394
54313,Gramalote,Norte de Santander,2022,2564,2397
54313,Gramalote,Norte de Santander,2023,2633,2397
54313,Gramalote,Norte de Santander,2024,2706,2397
54313,Gramalote,Norte de Santander,2025,2773,2397
54344,Hacarí,Norte de Santander,2022,2926,2400
54344,Hacarí,Norte de Santander,2023,2967,2400
54344,Hacarí,Norte de Santander,2024,3015,2400
54344,Hacarí,Norte de Santander,2025,3052,2400
54347,Herrán,Norte de Santander,2022,2339,2403
54347,Herrán,Norte de Santander,2023,2423,2403
54347,Herrán,Norte de Santander,2024,2513,2403
54347,Herrán,Norte de Santander,2025,2605,2403
54377,Labateca,Norte de Santander,2022,2152,2406
54377,Labateca,Norte de Santander,2023,2198,2406
54377,Labateca,Norte de Santander,2024,2243,2406
54377,Labateca,Norte de Santander,2025,2285,2406
54385,La Esperanza,Norte de Santander,2022,3535,2409
54385,La Esperanza,Norte de Santander,2023,3601,2409
54385,La Esperanza,Norte de Santander,2024,3669,2409
54385,La Esperanza,Norte de Santander,2025,3730,2409
54398,La Playa,Norte de Santander,2022,2292,2412
54398,La Playa,Norte de Santander,2023,2348,2412
54398,La Playa,Norte de Santander,2024,2406,2412
54398,La Playa,Norte de Santander,2025,2455,2412
54405,Los Patios,Norte de Santander,2022,30304,2415
54405,Los Patios,Norte de Santander,2023,31022,2415
54405,Los Patios,Norte de Santander,2024,31730,2415
54405,Los Patios,Norte de Santander,2025,32399,2415
54418,Lourdes,Norte de Santander,2022,1252,2418
54418,Lourdes,Norte de Santander,2023,1283,2418
54418,Lourdes,Norte de Santander,2024,1313,2418
54418,Lourdes,Norte de Santander,2025,1346,2418
54480,Mutiscua,Norte de Santander,2022,1453,2421
54480,Mutiscua,Norte de Santander,2023,1478,2421
54480,Mutiscua,Norte de Santander,2024,1508,2421
54480,Mutiscua,Norte de Santander,2025,1536,2421
54498,Ocaña,Norte de Santander,2022,39635,2424
54498,Ocaña,Norte de Santander,2023,40737,2424
54498,Ocaña,Norte de Santander,2024,41835,2424
54498,Ocaña,Norte de Santander,2025,42902,2424
54518,Pamplona,Norte de Santander,2022,16677,2427
54518,Pamplona,Norte de Santander,2023,16899,2427
54518,Pamplona,Norte de Santander,2024,17113,2427
54518,Pamplona,Norte de Santander,2025,17306,2427
54520,Pamplonita,Norte de Santander,2022,1874,2430
54520,Pamplonita,Norte de Santander,2023,1919,2430
54520,Pamplonita,Norte de Santander,2024,1975,2430
54520,Pamplonita,Norte de Santander,2025,2012,2430
54553,Puerto Santander,Norte de Santander,2022,2822,2433
54553,Puerto Santander,Norte de Santander,2023,2873,2433
54553,Puerto Santander,Norte de Santander,2024,2925,2433
54553,Puerto Santander,Norte de Santander,2025,2966,2433
54599,Ragonvalia,Norte de Santander,2022,1827,2436
54599,Ragonvalia,Norte de Santander,2023,1867,2436
54599,Ragonvalia,Norte de Santander,2024,1913,2436
54599,Ragonvalia,Norte de Santander,2025,1957,2436
54660,Salazar,Norte de Santander,2022,3272,2439
54660,Salazar,Norte de Santander,2023,3351,2439
54660,Salazar,Norte de Santander,2024,3425,2439
54660,Salazar,Norte de Santander,2025,3496,2439
54670,San Calixto,Norte de Santander,2022,3936,2442
54670,San Calixto,Norte de Santander,2023,4024,2442
54670,San Calixto,Norte de Santander,2024,4120,2442
54670,San Calixto,Norte de Santander,2025,4212,2442
54673,San Cayetano,Norte de Santander,2022,2611,2445
54673,San Cayetano,Norte de Santander,2023,2694,2445
54673,San Cayetano,Norte de Santander,2024,2774,2445
54673,San Cayetano,Norte de Santander,2025,2845,2445
54680,Santiago,Norte de Santander,2022,1166,2448
54680,Santiago,Norte de Santander,2023,1209,2448
54680,Santiago,Norte de Santander,2024,1251,2448
54680,Santiago,Norte de Santander,2025,1293,2448
54720,Sardinata,Norte de Santander,2022,8383,2451
54720,Sardinata,Norte de Santander,2023,8582,2451
54720,Sardinata,Norte de Santander,2024,8789,2451
54720,Sardinata,Norte de Santander,2025,8983,2451
54743,Silos,Norte de Santander,2022,2063,2454
54743,Silos,Norte de Santander,2023,2116,2454
54743,Silos,Norte de Santander,2024,2175,2454
54743,Silos,Norte de Santander,2025,2231,2454
54800,Teorama,Norte de Santander,2022,5594,2457
54800,Teorama,Norte de Santander,2023,5717,2457
54800,Teorama,Norte de Santander,2024,5853,2457
54800,Teorama,Norte de Santander,2025,5983,2457
54810,Tibú,Norte de Santander,2022,18444,2460
54810,Tibú,Norte de Santander,2023,19182,2460
54810,Tibú,Norte de Santander,2024,19930,2460
54810,Tibú,Norte de Santander,2025,20676,2460
54820,Toledo,Norte de Santander,2022,5223,2463
54820,Toledo,Norte de Santander,2023,5342,2463
54820,Toledo,Norte de Santander,2024,5472,2463
54820,Toledo,Norte de Santander,2025,5596,2463
54871,Villa Caro,Norte de Santander,2022,1483,2466
54871,Villa Caro,Norte de Santander,2023,1505,2466
54871,Villa Caro,Norte de Santander,2024,1529,2466
54871,Villa Caro,Norte de Santander,2025,1550,2466
54874,Villa del Rosario,Norte de Santander,2022,36286,2469
54874,Villa del Rosario,Norte de Santander,2023,37427,2469
54874,Villa del Rosario,Norte de Santander,2024,38561,2469
54874,Villa del Rosario,Norte de Santander,2025,39661,2469
63001,Armenia,Quindio,2022,106574,2472
63001,Armenia,Quindio,2023,107541,2472
63001,Armenia,Quindio,2024,108835,2472
63001,Armenia,Quindio,2025,110040,2472
63111,Buenavista,Quindio,2022,1067,2475
63111,Buenavista,Quindio,2023,1070,2475
63111,Buenavista,Quindio,2024,1083,2475
63111,Buenavista,Quindio,2025,1083,2475
63130,Calarcá,Quindio,2022,25712,2478
63130,Calarcá,Quindio,2023,25858,2478
63130,Calarcá,Quindio,2024,26079,2478
63130,Calarcá,Quindio,2025,26272,2478
63190,Circasia,Quindio,2022,9746,2481
63190,Circasia,Quindio,2023,9803,2481
63190,Circasia,Quindio,2024,9899,2481
63190,Circasia,Quindio,2025,9981,2481
63212,Córdoba,Quindio,2022,2084,2484
63212,Córdoba,Quindio,2023,2094,2484
63212,Córdoba,Quindio,2024,2116,2484
63212,Córdoba,Quindio,2025,2137,2484
63272,Filandia,Quindio,2022,4461,2487
63272,Filandia,Quindio,2023,4483,2487
63272,Filandia,Quindio,2024,4516,2487
63272,Filandia,Quindio,2025,4542,2487
63302,Génova,Quindio,2022,2660,2490
63302,Génova,Quindio,2023,2668,2490
63302,Génova,Quindio,2024,2695,2490
63302,Génova,Quindio,2025,2712,2490
63401,La Tebaida,Quindio,2022,10822,2493
63401,La Tebaida,Quindio,2023,10875,2493
63401,La Tebaida,Quindio,2024,10959,2493
63401,La Tebaida,Quindio,2025,11039,2493
63470,Montenegro,Quindio,2022,12602,2496
63470,Montenegro,Quindio,2023,12678,2496
63470,Montenegro,Quindio,2024,12792,2496
63470,Montenegro,Quindio,2025,12896,2496
63548,Pijao,Quindio,2022,1791,2499
63548,Pijao,Quindio,2023,1801,2499
63548,Pijao,Quindio,2024,1814,2499
63548,Pijao,Quindio,2025,1824,2499
63594,Quimbaya,Quindio,2022,10810,2502
63594,Quimbaya,Quindio,2023,10873,2502
63594,Quimbaya,Quindio,2024,10968,2502
63594,Quimbaya,Quindio,2025,11057,2502
63690,Salento,Quindio,2022,3900,2505
63690,Salento,Quindio,2023,3957,2505
63690,Salento,Quindio,2024,4031,2505
63690,Salento,Quindio,2025,4077,2505
66001,Pereira,Risaralda,2022,164977,2508
66001,Pereira,Risaralda,2023,166440,2508
66001,Pereira,Risaralda,2024,168387,2508
66001,Pereira,Risaralda,2025,170185,2508
66045,Apía,Risaralda,2022,4321,2511
66045,Apía,Risaralda,2023,4339,2511
66045,Apía,Risaralda,2024,4373,2511
66045,Apía,Risaralda,2025,4412,2511
66075,Balboa,Risaralda,2022,2143,2514
66075,Balboa,Risaralda,2023,2150,2514
66075,Balboa,Risaralda,2024,2168,2514
66075,Balboa,Risaralda,2025,2181,2514
66088,Belén de Umbría,Risaralda,2022,8374,2517
66088,Belén de Umbría,Risaralda,2023,8419,2517
66088,Belén de Umbría,Risaralda,2024,8491,2517
66088,Belén de Umbría,Risaralda,2025,8552,2517
66170,Dosquebradas,Risaralda,2022,77839,2520
66170,Dosquebradas,Risaralda,2023,79410,2520
66170,Dosquebradas,Risaralda,2024,81230,2520
66170,Dosquebradas,Risaralda,2025,83011,2520
66318,Guática,Risaralda,2022,4485,2523
66318,Guática,Risaralda,2023,4507,2523
66318,Guática,Risaralda,2024,4532,2523
66318,Guática,Risaralda,2025,4563,2523
66383,La Celia,Risaralda,2022,2705,2526
66383,La Celia,Risaralda,2023,2714,2526
66383,La Celia,Risaralda,2024,2739,2526
66383,La Celia,Risaralda,2025,2758,2526
66400,La Virginia,Risaralda,2022,9657,2529
66400,La Virginia,Risaralda,2023,9715,2529
66400,La Virginia,Risaralda,2024,9808,2529
66400,La Virginia,Risaralda,2025,9895,2529
66440,Marsella,Risaralda,2022,6123,2532
66440,Marsella,Risaralda,2023,6145,2532
66440,Marsella,Risaralda,2024,6205,2532
66440,Marsella,Risaralda,2025,6240,2532
66456,Mistrató,Risaralda,2022,4974,2535
66456,Mistrató,Risaralda,2023,5026,2535
66456,Mistrató,Risaralda,2024,5104,2535
66456,Mistrató,Risaralda,2025,5169,2535
66572,Pueblo Rico,Risaralda,2022,4667,2538
66572,Pueblo Rico,Risaralda,2023,4750,2538
66572,Pueblo Rico,Risaralda,2024,4833,2538
66572,Pueblo Rico,Risaralda,2025,4927,2538
66594,Quinchía,Risaralda,2022,8680,2541
66594,Quinchía,Risaralda,2023,8724,2541
66594,Quinchía,Risaralda,2024,8790,2541
66594,Quinchía,Risaralda,2025,8848,2541
66682,Santa Rosa de Cabal,Risaralda,2022,25860,2544
66682,Santa Rosa de Cabal,Risaralda,2023,26191,2544
66682,Santa Rosa de Cabal,Risaralda,2024,26619,2544
66682,Santa Rosa de Cabal,Risaralda,2025,27015,2544
66687,Santuario,Risaralda,2022,4448,2547
66687,Santuario,Risaralda,2023,4470,2547
66687,Santuario,Risaralda,2024,4509,2547
66687,Santuario,Risaralda,2025,4538,2547
68001,Bucaramanga,Santander,2022,204127,2550
68001,Bucaramanga,Santander,2023,206762,2550
68001,Bucaramanga,Santander,2024,209708,2550
68001,Bucaramanga,Santander,2025,212514,2550
68013,Aguada,Santander,2022,669,2553
68013,Aguada,Santander,2023,678,2553
68013,Aguada,Santander,2024,677,2553
68013,Aguada,Santander,2025,683,2553
68020,Albania,Santander,2022,1598,2556
68020,Albania,Santander,2023,1609,2556
68020,Albania,Santander,2024,1628,2556
68020,Albania,Santander,2025,1650,2556
68051,Aratoca,Santander,2022,2734,2559
68051,Aratoca,Santander,2023,2774,2559
68051,Aratoca,Santander,2024,2805,2559
68051,Aratoca,Santander,2025,2840,2559
68077,Barbosa,Santander,2022,11304,2562
68077,Barbosa,Santander,2023,11515,2562
68077,Barbosa,Santander,2024,11742,2562
68077,Barbosa,Santander,2025,11963,2562
68079,Barichara,Santander,2022,4091,2565
68079,Barichara,Santander,2023,4225,2565
68079,Barichara,Santander,2024,4360,2565
68079,Barichara,Santander,2025,4502,2565
68081,Barrancabermeja,Santander,2022,69434,2568
68081,Barrancabermeja,Santander,2023,70885,2568
68081,Barrancabermeja,Santander,2024,72389,2568
68081,Barrancabermeja,Santander,2025,73838,2568
68092,Betulia,Santander,2022,2118,2571
68092,Betulia,Santander,2023,2166,2571
68092,Betulia,Santander,2024,2215,2571
68092,Betulia,Santander,2025,2270,2571
68101,Bolívar,Santander,2022,3894,2574
68101,Bolívar,Santander,2023,3932,2574
68101,Bolívar,Santander,2024,3980,2574
68101,Bolívar,Santander,2025,4025,2574
68121,Cabrera,Santander,2022,669,2577
68121,Cabrera,Santander,2023,681,2577
68121,Cabrera,Santander,2024,696,2577
68121,Cabrera,Santander,2025,709,2577
68132,California,Santander,2022,785,2580
68132,California,Santander,2023,801,2580
68132,California,Santander,2024,822,2580
68132,California,Santander,2025,841,2580
68147,Capitanejo,Santander,2022,2198,2583
68147,Capitanejo,Santander,2023,2248,2583
68147,Capitanejo,Santander,2024,2304,2583
68147,Capitanejo,Santander,2025,2348,2583
68152,Carcasí,Santander,2022,1519,2586
68152,Carcasí,Santander,2023,1559,2586
68152,Carcasí,Santander,2024,1594,2586
68152,Carcasí,Santander,2025,1635,2586
68160,Cepitá,Santander,2022,701,2589
68160,Cepitá,Santander,2023,708,2589
68160,Cepitá,Santander,2024,718,2589
68160,Cepitá,Santander,2025,735,2589
68162,Cerrito,Santander,2022,2318,2592
68162,Cerrito,Santander,2023,2369,2592
68162,Cerrito,Santander,2024,2414,2592
68162,Cerrito,Santander,2025,2462,2592
68167,Charalá,Santander,2022,4610,2595
68167,Charalá,Santander,2023,4704,2595
68167,Charalá,Santander,2024,4796,2595
68167,Charalá,Santander,2025,4898,2595
68169,Charta,Santander,2022,1072,2598
68169,Charta,Santander,2023,1098,2598
68169,Charta,Santander,2024,1117,2598
68169,Charta,Santander,2025,1144,2598
68176,Chimá,Santander,2022,1165,2601
68176,Chimá,Santander,2023,1191,2601
68176,Chimá,Santander,2024,1217,2601
68176,Chimá,Santander,2025,1244,2601
68179,Chipatá,Santander,2022,1919,2604
68179,Chipatá,Santander,2023,1941,2604
68179,Chipatá,Santander,2024,1972,2604
68179,Chipatá,Santander,2025,1988,2604
68190,Cimitarra,Santander,2022,10958,2607
68190,Cimitarra,Santander,2023,11084,2607
68190,Cimitarra,Santander,2024,11224,2607
68190,Cimitarra,Santander,2025,11364,2607
68207,Concepción,Santander,2022,2241,2610
68207,Concepción,Santander,2023,2270,2610
68207,Concepción,Santander,2024,2304,2610
68207,Concepción,Santander,2025,2324,2610
68209,Confines,Santander,2022,1054,2613
68209,Confines,Santander,2023,1077,2613
68209,Confines,Santander,2024,1099,2613
68209,Confines,Santander,2025,1127,2613
68211,Contratación,Santander,2022,1592,2616
68211,Contratación,Santander,2023,1630,2616
68211,Contratación,Santander,2024,1671,2616
68211,Contratación,Santander,2025,1710,2616
68217,Coromoro,Santander,2022,1916,2619
68217,Coromoro,Santander,2023,1960,2619
68217,Coromoro,Santander,2024,2004,2619
68217,Coromoro,Santander,2025,2044,2619
68229,Curití,Santander,2022,4245,2622
68229,Curití,Santander,2023,4339,2622
68229,Curití,Santander,2024,4446,2622
68229,Curití,Santander,2025,4543,2622
68235,El Carmen de Chucurí,Santander,2022,8646,2625
68235,El Carmen de Chucurí,Santander,2023,8878,2625
68235,El Carmen de Chucurí,Santander,2024,9110,2625
68235,El Carmen de Chucurí,Santander,2025,9337,2625
68245,El Guacamayo,Santander,2022,938,2628
68245,El Guacamayo,Santander,2023,943,2628
68245,El Guacamayo,Santander,2024,949,2628
68245,El Guacamayo,Santander,2025,967,2628
68250,El Peñón,Santander,2022,1596,2631
68250,El Peñón,Santander,2023,1614,2631
68250,El Peñón,Santander,2024,1634,2631
68250,El Peñón,Santander,2025,1644,2631
68255,El Playón,Santander,2022,4485,2634
68255,El Playón,Santander,2023,4567,2634
68255,El Playón,Santander,2024,4656,2634
68255,El Playón,Santander,2025,4731,2634
68264,Encino,Santander,2022,927,2637
68264,Encino,Santander,2023,951,2637
68264,Encino,Santander,2024,976,2637
68264,Encino,Santander,2025,996,2637
68266,Enciso,Santander,2022,1237,2640
68266,Enciso,Santander,2023,1269,2640
68266,Enciso,Santander,2024,1304,2640
68266,Enciso,Santander,2025,1331,2640
68271,Florián,Santander,2022,1963,2643
68271,Florián,Santander,2023,1986,2643
68271,Florián,Santander,2024,2010,2643
68271,Florián,Santander,2025,2031,2643
68276,Floridablanca,Santander,2022,96556,2646
68276,Floridablanca,Santander,2023,97975,2646
68276,Floridablanca,Santander,2024,99551,2646
68276,Floridablanca,Santander,2025,101067,2646
68296,Galán,Santander,2022,1024,2649
68296,Galán,Santander,2023,1038,2649
68296,Galán,Santander,2024,1048,2649
68296,Galán,Santander,2025,1065,2649
68298,Gámbita,Santander,2022,1557,2652
68298,Gámbita,Santander,2023,1577,2652
68298,Gámbita,Santander,2024,1592,2652
68298,Gámbita,Santander,2025,1608,2652
68307,Girón,Santander,2022,53165,2655
68307,Girón,Santander,2023,54117,2655
68307,Girón,Santander,2024,55153,2655
68307,Girón,Santander,2025,56161,2655
68318,Guaca,Santander,2022,2020,2658
68318,Guaca,Santander,2023,2071,2658
68318,Guaca,Santander,2024,2107,2658
68318,Guaca,Santander,2025,2157,2658
68320,Guadalupe,Santander,2022,1652,2661
68320,Guadalupe,Santander,2023,1669,2661
68320,Guadalupe,Santander,2024,1687,2661
68320,Guadalupe,Santander,2025,1706,2661
68322,Guapotá,Santander,2022,908,2664
68322,Guapotá,Santander,2023,921,2664
68322,Guapotá,Santander,2024,943,2664
68322,Guapotá,Santander,2025,960,2664
68324,Guavatá,Santander,2022,1696,2667
68324,Guavatá,Santander,2023,1710,2667
68324,Guavatá,Santander,2024,1733,2667
68324,Guavatá,Santander,2025,1744,2667
68327,Güepsa,Santander,2022,2122,2670
68327,Güepsa,Santander,2023,2167,2670
68327,Güepsa,Santander,2024,2208,2670
68327,Güepsa,Santander,2025,2250,2670
68344,Hato,Santander,2022,987,2673
68344,Hato,Santander,2023,1008,2673
68344,Hato,Santander,2024,1024,2673
68344,Hato,Santander,2025,1050,2673
68368,Jesús María,Santander,2022,1366,2676
68368,Jesús María,Santander,2023,1383,2676
68368,Jesús María,Santander,2024,1396,2676
68368,Jesús María,Santander,2025,1413,2676
68370,Jordán,Santander,2022,440,2679
68370,Jordán,Santander,2023,450,2679
68370,Jordán,Santander,2024,461,2679
68370,Jordán,Santander,2025,469,2679
68377,La Belleza,Santander,2022,2163,2682
68377,La Belleza,Santander,2023,2187,2682
68377,La Belleza,Santander,2024,2214,2682
68377,La Belleza,Santander,2025,2237,2682
68385,Landázuri,Santander,2022,3744,2685
68385,Landázuri,Santander,2023,3785,2685
68385,Landázuri,Santander,2024,3832,2685
68385,Landázuri,Santander,2025,3872,2685
68397,La Paz,Santander,2022,1882,2688
68397,La Paz,Santander,2023,1895,2688
68397,La Paz,Santander,2024,1919,2688
68397,La Paz,Santander,2025,1942,2688
68406,Lebrija,Santander,2022,16479,2691
68406,Lebrija,Santander,2023,17018,2691
68406,Lebrija,Santander,2024,17574,2691
68406,Lebrija,Santander,2025,18113,2691
68418,Los Santos,Santander,2022,4934,2694
68418,Los Santos,Santander,2023,5070,2694
68418,Los Santos,Santander,2024,5218,2694
68418,Los Santos,Santander,2025,5358,2694
68425,Macaravita,Santander,2022,864,2697
68425,Macaravita,Santander,2023,884,2697
68425,Macaravita,Santander,2024,905,2697
68425,Macaravita,Santander,2025,925,2697
68432,Málaga,Santander,2022,7454,2700
68432,Málaga,Santander,2023,7632,2700
68432,Málaga,Santander,2024,7822,2700
68432,Málaga,Santander,2025,8005,2700
68444,Matanza,Santander,2022,1868,2703
68444,Matanza,Santander,2023,1906,2703
68444,Matanza,Santander,2024,1947,2703
68444,Matanza,Santander,2025,1989,2703
68464,Mogotes,Santander,2022,3395,2706
68464,Mogotes,Santander,2023,3440,2706
68464,Mogotes,Santander,2024,3480,2706
68464,Mogotes,Santander,2025,3516,2706
68468,Molagavita,Santander,2022,1492,2709
68468,Molagavita,Santander,2023,1522,2709
68468,Molagavita,Santander,2024,1554,2709
68468,Molagavita,Santander,2025,1589,2709
68498,Ocamonte,Santander,2022,2081,2712
68498,Ocamonte,Santander,2023,2133,2712
68498,Ocamonte,Santander,2024,2190,2712
68498,Ocamonte,Santander,2025,2236,2712
68500,Oiba,Santander,2022,3954,2715
68500,Oiba,Santander,2023,4005,2715
68500,Oiba,Santander,2024,4065,2715
68500,Oiba,Santander,2025,4108,2715
68502,Onzaga,Santander,2022,1716,2718
68502,Onzaga,Santander,2023,1756,2718
68502,Onzaga,Santander,2024,1798,2718
68502,Onzaga,Santander,2025,1833,2718
68522,Palmar,Santander,2022,509,2721
68522,Palmar,Santander,2023,525,2721
68522,Palmar,Santander,2024,530,2721
68522,Palmar,Santander,2025,543,2721
68524,Palmas del Socorro,Santander,2022,910,2724
68524,Palmas del Socorro,Santander,2023,924,2724
68524,Palmas del Socorro,Santander,2024,943,2724
68524,Palmas del Socorro,Santander,2025,961,2724
68533,Páramo,Santander,2022,1656,2727
68533,Páramo,Santander,2023,1700,2727
68533,Páramo,Santander,2024,1754,2727
68533,Páramo,Santander,2025,1798,2727
68547,Piedecuesta,Santander,2022,57354,2730
68547,Piedecuesta,Santander,2023,58465,2730
68547,Piedecuesta,Santander,2024,59654,2730
68547,Piedecuesta,Santander,2025,60798,2730
68549,Pinchote,Santander,2022,2109,2733
68549,Pinchote,Santander,2023,2166,2733
68549,Pinchote,Santander,2024,2223,2733
68549,Pinchote,Santander,2025,2272,2733
68572,Puente Nacional,Santander,2022,5532,2736
68572,Puente Nacional,Santander,2023,5604,2736
68572,Puente Nacional,Santander,2024,5682,2736
68572,Puente Nacional,Santander,2025,5759,2736
68573,Puerto Parra,Santander,2022,2900,2739
68573,Puerto Parra,Santander,2023,2976,2739
68573,Puerto Parra,Santander,2024,3055,2739
68573,Puerto Parra,Santander,2025,3135,2739
68575,Puerto Wilches,Santander,2022,10892,2742
68575,Puerto Wilches,Santander,2023,11083,2742
68575,Puerto Wilches,Santander,2024,11280,2742
68575,Puerto Wilches,Santander,2025,11470,2742
68615,Rionegro,Santander,2022,8944,2745
68615,Rionegro,Santander,2023,8997,2745
68615,Rionegro,Santander,2024,9050,2745
68615,Rionegro,Santander,2025,9092,2745
68655,Sabana de Torres,Santander,2022,11693,2748
68655,Sabana de Torres,Santander,2023,11971,2748
68655,Sabana de Torres,Santander,2024,12262,2748
68655,Sabana de Torres,Santander,2025,12543,2748
68669,San Andrés,Santander,2022,3086,2751
68669,San Andrés,Santander,2023,3104,2751
68669,San Andrés,Santander,2024,3128,2751
68669,San Andrés,Santander,2025,3137,2751
68673,San Benito,Santander,2022,1083,2754
68673,San Benito,Santander,2023,1083,2754
68673,San Benito,Santander,2024,1095,2754
68673,San Benito,Santander,2025,1105,2754
68679,San Gil,Santander,2022,22067,2757
68679,San Gil,Santander,2023,22858,2757
68679,San Gil,Santander,2024,23674,2757
68679,San Gil,Santander,2025,24490,2757
68682,San Joaquín,Santander,2022,869,2760
68682,San Joaquín,Santander,2023,884,2760
68682,San Joaquín,Santander,2024,908,2760
68682,San Joaquín,Santander,2025,931,2760
68684,San José de Miranda,Santander,2022,1426,2763
68684,San José de Miranda,Santander,2023,1440,2763
68684,San José de Miranda,Santander,2024,1452,2763
68684,San José de Miranda,Santander,2025,1453,2763
68686,San Miguel,Santander,2022,905,2766
68686,San Miguel,Santander,2023,919,2766
68686,San Miguel,Santander,2024,926,2766
68686,San Miguel,Santander,2025,933,2766
68689,San Vicente de Chucurí,Santander,2022,12804,2769
68689,San Vicente de Chucurí,Santander,2023,12981,2769
68689,San Vicente de Chucurí,Santander,2024,13165,2769
68689,San Vicente de Chucurí,Santander,2025,13334,2769
68705,Santa Bárbara,Santander,2022,886,2772
68705,Santa Bárbara,Santander,2023,898,2772
68705,Santa Bárbara,Santander,2024,920,2772
68705,Santa Bárbara,Santander,2025,943,2772
68720,Santa Helena del Opón,Santander,2022,1226,2775
68720,Santa Helena del Opón,Santander,2023,1246,2775
68720,Santa Helena del Opón,Santander,2024,1259,2775
68720,Santa Helena del Opón,Santander,2025,1275,2775
68745,Simacota,Santander,2022,3616,2778
68745,Simacota,Santander,2023,3700,2778
68745,Simacota,Santander,2024,3791,2778
68745,Simacota,Santander,2025,3877,2778
68755,Socorro,Santander,2022,11095,2781
68755,Socorro,Santander,2023,11363,2781
68755,Socorro,Santander,2024,11631,2781
68755,Socorro,Santander,2025,11904,2781
68770,Suaita,Santander,2022,3935,2784
68770,Suaita,Santander,2023,3967,2784
68770,Suaita,Santander,2024,4021,2784
68770,Suaita,Santander,2025,4064,2784
68773,Sucre,Santander,2022,2489,2787
68773,Sucre,Santander,2023,2519,2787
68773,Sucre,Santander,2024,2553,2787
68773,Sucre,Santander,2025,2584,2787
68780,Suratá,Santander,2022,1403,2790
68780,Suratá,Santander,2023,1434,2790
68780,Suratá,Santander,2024,1457,2790
68780,Suratá,Santander,2025,1493,2790
68820,Tona,Santander,2022,2620,2793
68820,Tona,Santander,2023,2679,2793
68820,Tona,Santander,2024,2749,2793
68820,Tona,Santander,2025,2807,2793
68855,Valle de San José,Santander,2022,2182,2796
68855,Valle de San José,Santander,2023,2237,2796
68855,Valle de San José,Santander,2024,2296,2796
68855,Valle de San José,Santander,2025,2350,2796
68861,Vélez,Santander,2022,9382,2799
68861,Vélez,Santander,2023,9576,2799
68861,Vélez,Santander,2024,9778,2799
68861,Vélez,Santander,2025,9977,2799
68867,Vetas,Santander,2022,727,2802
68867,Vetas,Santander,2023,728,2802
68867,Vetas,Santander,2024,730,2802
68867,Vetas,Santander,2025,732,2802
68872,Villanueva,Santander,2022,2792,2805
68872,Villanueva,Santander,2023,2858,2805
68872,Villanueva,Santander,2024,2933,2805
68872,Villanueva,Santander,2025,3006,2805
68895,Zapatoca,Santander,2022,3263,2808
68895,Zapatoca,Santander,2023,3317,2808
68895,Zapatoca,Santander,2024,3370,2808
68895,Zapatoca,Santander,2025,3419,2808
70001,Sincelejo,Sucre,2022,83637,2811
70001,Sincelejo,Sucre,2023,85869,2811
70001,Sincelejo,Sucre,2024,88211,2811
70001,Sincelejo,Sucre,2025,90541,2811
70110,Buenavista,Sucre,2022,3022,2814
70110,Buenavista,Sucre,2023,3096,2814
70110,Buenavista,Sucre,2024,3179,2814
70110,Buenavista,Sucre,2025,3260,2814
70124,Caimito,Sucre,2022,4786,2817
70124,Caimito,Sucre,2023,4915,2817
70124,Caimito,Sucre,2024,5045,2817
70124,Caimito,Sucre,2025,5166,2817
70204,Colosó,Sucre,2022,2824,2820
70204,Colosó,Sucre,2023,2906,2820
70204,Colosó,Sucre,2024,2987,2820
70204,Colosó,Sucre,2025,3071,2820
70215,Corozal,Sucre,2022,20741,2823
70215,Corozal,Sucre,2023,21265,2823
70215,Corozal,Sucre,2024,21815,2823
70215,Corozal,Sucre,2025,22361,2823
70221,Coveñas,Sucre,2022,5852,2826
70221,Coveñas,Sucre,2023,6019,2826
70221,Coveñas,Sucre,2024,6188,2826
70221,Coveñas,Sucre,2025,6347,2826
70230,Chalán,Sucre,2022,1230,2829
70230,Chalán,Sucre,2023,1252,2829
70230,Chalán,Sucre,2024,1273,2829
70230,Chalán,Sucre,2025,1296,2829
70233,El Roble,Sucre,2022,2834,2832
70233,El Roble,Sucre,2023,2871,2832
70233,El Roble,Sucre,2024,2915,2832
70233,El Roble,Sucre,2025,2954,2832
70235,Galeras,Sucre,2022,7164,2835
70235,Galeras,Sucre,2023,7349,2835
70235,Galeras,Sucre,2024,7543,2835
70235,Galeras,Sucre,2025,7725,2835
70265,Guaranda,Sucre,2022,5135,2838
70265,Guaranda,Sucre,2023,5237,2838
70265,Guaranda,Sucre,2024,5342,2838
70265,Guaranda,Sucre,2025,5441,2838
70400,La Unión,Sucre,2022,3770,2841
70400,La Unión,Sucre,2023,3861,2841
70400,La Unión,Sucre,2024,3952,2841
70400,La Unión,Sucre,2025,4046,2841
70418,Los Palmitos,Sucre,2022,7299,2844
70418,Los Palmitos,Sucre,2023,7458,2844
70418,Los Palmitos,Sucre,2024,7624,2844
70418,Los Palmitos,Sucre,2025,7787,2844
70429,Majagual,Sucre,2022,10973,2847
70429,Majagual,Sucre,2023,11181,2847
70429,Majagual,Sucre,2024,11397,2847
70429,Majagual,Sucre,2025,11603,2847
70473,Morroa,Sucre,2022,4333,2850
70473,Morroa,Sucre,2023,4439,2850
70473,Morroa,Sucre,2024,4550,2850
70473,Morroa,Sucre,2025,4655,2850
70508,Ovejas,Sucre,2022,6861,2853
70508,Ovejas,Sucre,2023,6963,2853
70508,Ovejas,Sucre,2024,7069,2853
70508,Ovejas,Sucre,2025,7172,2853
70523,Palmito,Sucre,2022,4263,2856
70523,Palmito,Sucre,2023,4376,2856
70523,Palmito,Sucre,2024,4481,2856
70523,Palmito,Sucre,2025,4596,2856
70670,Sampués,Sucre,2022,12973,2859
70670,Sampués,Sucre,2023,13303,2859
70670,Sampués,Sucre,2024,13650,2859
70670,Sampués,Sucre,2025,13976,2859
70678,San Benito Abad,Sucre,2022,8979,2862
70678,San Benito Abad,Sucre,2023,9174,2862
70678,San Benito Abad,Sucre,2024,9371,2862
70678,San Benito Abad,Sucre,2025,9566,2862
70702,San Juan de Betulia,Sucre,2022,3970,2865
70702,San Juan de Betulia,Sucre,2023,4039,2865
70702,San Juan de Betulia,Sucre,2024,4105,2865
70702,San Juan de Betulia,Sucre,2025,4181,2865
70708,San Marcos,Sucre,2022,17304,2868
70708,San Marcos,Sucre,2023,17668,2868
70708,San Marcos,Sucre,2024,18050,2868
70708,San Marcos,Sucre,2025,18427,2868
70713,San Onofre,Sucre,2022,13485,2871
70713,San Onofre,Sucre,2023,13685,2871
70713,San Onofre,Sucre,2024,13888,2871
70713,San Onofre,Sucre,2025,14085,2871
70717,San Pedro,Sucre,2022,5640,2874
70717,San Pedro,Sucre,2023,5766,2874
70717,San Pedro,Sucre,2024,5897,2874
70717,San Pedro,Sucre,2025,6018,2874
70742,San Luis de Sincé,Sucre,2022,9150,2877
70742,San Luis de Sincé,Sucre,2023,9273,2877
70742,San Luis de Sincé,Sucre,2024,9401,2877
70742,San Luis de Sincé,Sucre,2025,9520,2877
70771,Sucre,Sucre,2022,10075,2880
70771,Sucre,Sucre,2023,10314,2880
70771,Sucre,Sucre,2024,10559,2880
70771,Sucre,Sucre,2025,10799,2880
70820,Santiago de Tolú,Sucre,2022,9994,2883
70820,Santiago de Tolú,Sucre,2023,10249,2883
70820,Santiago de Tolú,Sucre,2024,10507,2883
70820,Santiago de Tolú,Sucre,2025,10770,2883
70823,Tolú Viejo,Sucre,2022,6038,2886
70823,Tolú Viejo,Sucre,2023,6142,2886
70823,Tolú Viejo,Sucre,2024,6258,2886
70823,Tolú Viejo,Sucre,2025,6364,2886
73001,Ibagué,Tolima,2022,192490,2889
73001,Ibagué,Tolima,2023,194601,2889
73001,Ibagué,Tolima,2024,197067,2889
73001,Ibagué,Tolima,2025,199422,2889
73024,Alpujarra,Tolima,2022,1827,2892
73024,Alpujarra,Tolima,2023,1845,2892
73024,Alpujarra,Tolima,2024,1881,2892
73024,Alpujarra,Tolima,2025,1911,2892
73026,Alvarado,Tolima,2022,3044,2895
73026,Alvarado,Tolima,2023,3058,2895
73026,Alvarado,Tolima,2024,3087,2895
73026,Alvarado,Tolima,2025,3106,2895
73030,Ambalema,Tolima,2022,2551,2898
73030,Ambalema,Tolima,2023,2567,2898
73030,Ambalema,Tolima,2024,2591,2898
73030,Ambalema,Tolima,2025,2609,2898
73043,Anzoátegui,Tolima,2022,3188,2901
73043,Anzoátegui,Tolima,2023,3223,2901
73043,Anzoátegui,Tolima,2024,3266,2901
73043,Anzoátegui,Tolima,2025,3306,2901
73055,Armero,Tolima,2022,4694,2904
73055,Armero,Tolima,2023,4714,2904
73055,Armero,Tolima,2024,4753,2904
73055,Armero,Tolima,2025,4782,2904
73067,Ataco,Tolima,2022,6280,2907
73067,Ataco,Tolima,2023,6372,2907
73067,Ataco,Tolima,2024,6465,2907
73067,Ataco,Tolima,2025,6574,2907
73124,Cajamarca,Tolima,2022,6171,2910
73124,Cajamarca,Tolima,2023,6192,2910
73124,Cajamarca,Tolima,2024,6236,2910
73124,Cajamarca,Tolima,2025,6273,2910
73148,Carmen de Apicalá,Tolima,2022,3934,2913
73148,Carmen de Apicalá,Tolima,2023,4003,2913
73148,Carmen de Apicalá,Tolima,2024,4065,2913
73148,Carmen de Apicalá,Tolima,2025,4131,2913
73152,Casabianca,Tolima,2022,2331,2916
73152,Casabianca,Tolima,2023,2357,2916
73152,Casabianca,Tolima,2024,2381,2916
73152,Casabianca,Tolima,2025,2401,2916
73168,Chaparral,Tolima,2022,18248,2919
73168,Chaparral,Tolima,2023,18446,2919
73168,Chaparral,Tolima,2024,18687,2919
73168,Chaparral,Tolima,2025,18919,2919
73200,Coello,Tolima,2022,3051,2922
73200,Coello,Tolima,2023,3077,2922
73200,Coello,Tolima,2024,3112,2922
73200,Coello,Tolima,2025,3155,2922
73217,Coyaima,Tolima,2022,8474,2925
73217,Coyaima,Tolima,2023,8546,2925
73217,Coyaima,Tolima,2024,8646,2925
73217,Coyaima,Tolima,2025,8738,2925
73226,Cunday,Tolima,2022,3406,2928
73226,Cunday,Tolima,2023,3434,2928
73226,Cunday,Tolima,2024,3474,2928
73226,Cunday,Tolima,2025,3513,2928
73236,Dolores,Tolima,2022,3768,2931
73236,Dolores,Tolima,2023,3790,2931
73236,Dolores,Tolima,2024,3830,2931
73236,Dolores,Tolima,2025,3864,2931
73268,Espinal,Tolima,2022,24193,2934
73268,Espinal,Tolima,2023,24356,2934
73268,Espinal,Tolima,2024,24578,2934
73268,Espinal,Tolima,2025,24781,2934
73270,Falan,Tolima,2022,2698,2937
73270,Falan,Tolima,2023,2722,2937
73270,Falan,Tolima,2024,2753,2937
73270,Falan,Tolima,2025,2785,2937
73275,Flandes,Tolima,2022,9834,2940
73275,Flandes,Tolima,2023,9911,2940
73275,Flandes,Tolima,2024,10008,2940
73275,Flandes,Tolima,2025,10099,2940
73283,Fresno,Tolima,2022,11298,2943
73283,Fresno,Tolima,2023,11386,2943
73283,Fresno,Tolima,2024,11494,2943
73283,Fresno,Tolima,2025,11588,2943
73319,Guamo,Tolima,2022,12319,2946
73319,Guamo,Tolima,2023,12410,2946
73319,Guamo,Tolima,2024,12539,2946
73319,Guamo,Tolima,2025,12650,2946
73347,Herveo,Tolima,2022,2634,2949
73347,Herveo,Tolima,2023,2647,2949
73347,Herveo,Tolima,2024,2659,2949
73347,Herveo,Tolima,2025,2677,2949
73349,Honda,Tolima,2022,8698,2952
73349,Honda,Tolima,2023,8756,2952
73349,Honda,Tolima,2024,8827,2952
73349,Honda,Tolima,2025,8894,2952
73352,Icononzo,Tolima,2022,4591,2955
73352,Icononzo,Tolima,2023,4646,2955
73352,Icononzo,Tolima,2024,4702,2955
73352,Icononzo,Tolima,2025,4753,2955
73408,Lérida,Tolima,2022,6362,2958
73408,Lérida,Tolima,2023,6384,2958
73408,Lérida,Tolima,2024,6414,2958
73408,Lérida,Tolima,2025,6450,2958
73411,Líbano,Tolima,2022,13027,2961
73411,Líbano,Tolima,2023,13120,2961
73411,Líbano,Tolima,2024,13244,2961
73411,Líbano,Tolima,2025,13368,2961
73443,San Sebastián de Mariquita,Tolima,2022,13547,2964
73443,San Sebastián de Mariquita,Tolima,2023,13731,2964
73443,San Sebastián de Mariquita,Tolima,2024,13938,2964
73443,San Sebastián de Mariquita,Tolima,2025,14137,2964
73449,Melgar,Tolima,2022,15242,2967
73449,Melgar,Tolima,2023,15476,2967
73449,Melgar,Tolima,2024,15731,2967
73449,Melgar,Tolima,2025,15984,2967
73461,Murillo,Tolima,2022,1403,2970
73461,Murillo,Tolima,2023,1410,2970
73461,Murillo,Tolima,2024,1421,2970
73461,Murillo,Tolima,2025,1425,2970
73483,Natagaima,Tolima,2022,5296,2973
73483,Natagaima,Tolima,2023,5381,2973
73483,Natagaima,Tolima,2024,5461,2973
73483,Natagaima,Tolima,2025,5555,2973
73504,Ortega,Tolima,2022,12072,2976
73504,Ortega,Tolima,2023,12201,2976
73504,Ortega,Tolima,2024,12364,2976
73504,Ortega,Tolima,2025,12507,2976
73520,Palocabildo,Tolima,2022,3247,2979
73520,Palocabildo,Tolima,2023,3278,2979
73520,Palocabildo,Tolima,2024,3316,2979
73520,Palocabildo,Tolima,2025,3360,2979
73547,Piedras,Tolima,2022,2816,2982
73547,Piedras,Tolima,2023,2864,2982
73547,Piedras,Tolima,2024,2923,2982
73547,Piedras,Tolima,2025,2977,2982
73555,Planadas,Tolima,2022,7901,2985
73555,Planadas,Tolima,2023,8003,2985
73555,Planadas,Tolima,2024,8138,2985
73555,Planadas,Tolima,2025,8261,2985
73563,Prado,Tolima,2022,2987,2988
73563,Prado,Tolima,2023,3009,2988
73563,Prado,Tolima,2024,3029,2988
73563,Prado,Tolima,2025,3055,2988
73585,Purificación,Tolima,2022,8085,2991
73585,Purificación,Tolima,2023,8154,2991
73585,Purificación,Tolima,2024,8240,2991
73585,Purificación,Tolima,2025,8316,2991
73616,Rioblanco,Tolima,2022,7072,2994
73616,Rioblanco,Tolima,2023,7163,2994
73616,Rioblanco,Tolima,2024,7277,2994
73616,Rioblanco,Tolima,2025,7384,2994
73622,Roncesvalles,Tolima,2022,1911,2997
73622,Roncesvalles,Tolima,2023,1927,2997
73622,Roncesvalles,Tolima,2024,1941,2997
73622,Roncesvalles,Tolima,2025,1968,2997
73624,Rovira,Tolima,2022,7282,3000
73624,Rovira,Tolima,2023,7347,3000
73624,Rovira,Tolima,2024,7421,3000
73624,Rovira,Tolima,2025,7492,3000
73671,Saldaña,Tolima,2022,4902,3003
73671,Saldaña,Tolima,2023,4936,3003
73671,Saldaña,Tolima,2024,4984,3003
73671,Saldaña,Tolima,2025,5030,3003
73675,San Antonio,Tolima,2022,4131,3006
73675,San Antonio,Tolima,2023,4163,3006
73675,San Antonio,Tolima,2024,4212,3006
73675,San Antonio,Tolima,2025,4259,3006
73678,San Luis,Tolima,2022,4998,3009
73678,San Luis,Tolima,2023,5043,3009
73678,San Luis,Tolima,2024,5100,3009
73678,San Luis,Tolima,2025,5154,3009
73686,Santa Isabel,Tolima,2022,1982,3012
73686,Santa Isabel,Tolima,2023,2003,3012
73686,Santa Isabel,Tolima,2024,2019,3012
73686,Santa Isabel,Tolima,2025,2037,3012
73770,Suárez,Tolima,2022,1479,3015
73770,Suárez,Tolima,2023,1482,3015
73770,Suárez,Tolima,2024,1504,3015
73770,Suárez,Tolima,2025,1517,3015
73854,Valle de San Juan,Tolima,2022,2288,3018
73854,Valle de San Juan,Tolima,2023,2303,3018
73854,Valle de San Juan,Tolima,2024,2333,3018
73854,Valle de San Juan,Tolima,2025,2351,3018
73861,Venadillo,Tolima,2022,4349,3021
73861,Venadillo,Tolima,2023,4387,3021
73861,Venadillo,Tolima,2024,4421,3021
73861,Venadillo,Tolima,2025,4467,3021
73870,Villahermosa,Tolima,2022,3341,3024
73870,Villahermosa,Tolima,2023,3369,3024
73870,Villahermosa,Tolima,2024,3405,3024
73870,Villahermosa,Tolima,2025,3441,3024
73873,Villarrica,Tolima,2022,2020,3027
73873,Villarrica,Tolima,2023,2036,3027
73873,Villarrica,Tolima,2024,2064,3027
73873,Villarrica,Tolima,2025,2088,3027
76001,Cali,Valle del Cauca,2022,772347,3030
76001,Cali,Valle del Cauca,2023,778064,3030
76001,Cali,Valle del Cauca,2024,785056,3030
76001,Cali,Valle del Cauca,2025,791315,3030
76020,Alcalá,Valle del Cauca,2022,5015,3033
76020,Alcalá,Valle del Cauca,2023,5049,3033
76020,Alcalá,Valle del Cauca,2024,5105,3033
76020,Alcalá,Valle del Cauca,2025,5145,3033
76036,Andalucía,Valle del Cauca,2022,9313,3036
76036,Andalucía,Valle del Cauca,2023,9492,3036
76036,Andalucía,Valle del Cauca,2024,9685,3036
76036,Andalucía,Valle del Cauca,2025,9872,3036
76041,Ansermanuevo,Valle del Cauca,2022,6515,3039
76041,Ansermanuevo,Valle del Cauca,2023,6553,3039
76041,Ansermanuevo,Valle del Cauca,2024,6611,3039
76041,Ansermanuevo,Valle del Cauca,2025,6660,3039
76054,Argelia,Valle del Cauca,2022,1936,3042
76054,Argelia,Valle del Cauca,2023,1954,3042
76054,Argelia,Valle del Cauca,2024,1975,3042
76054,Argelia,Valle del Cauca,2025,1989,3042
76100,Bolívar,Valle del Cauca,2022,5466,3045
76100,Bolívar,Valle del Cauca,2023,5504,3045
76100,Bolívar,Valle del Cauca,2024,5554,3045
76100,Bolívar,Valle del Cauca,2025,5589,3045
76109,Buenaventura,Valle del Cauca,2022,93010,3048
76109,Buenaventura,Valle del Cauca,2023,94752,3048
76109,Buenaventura,Valle del Cauca,2024,96641,3048
76109,Buenaventura,Valle del Cauca,2025,98541,3048
76111,Guadalajara de Buga,Valle del Cauca,2022,44808,3051
76111,Guadalajara de Buga,Valle del Cauca,2023,45256,3051
76111,Guadalajara de Buga,Valle del Cauca,2024,45787,3051
76111,Guadalajara de Buga,Valle del Cauca,2025,46277,3051
76113,Bugalagrande,Valle del Cauca,2022,8234,3054
76113,Bugalagrande,Valle del Cauca,2023,8341,3054
76113,Bugalagrande,Valle del Cauca,2024,8461,3054
76113,Bugalagrande,Valle del Cauca,2025,8573,3054
76122,Caicedonia,Valle del Cauca,2022,10936,3057
76122,Caicedonia,Valle del Cauca,2023,11060,3057
76122,Caicedonia,Valle del Cauca,2024,11219,3057
76122,Caicedonia,Valle del Cauca,2025,11351,3057
76126,Calima,Valle del Cauca,2022,6616,3060
76126,Calima,Valle del Cauca,2023,6712,3060
76126,Calima,Valle del Cauca,2024,6828,3060
76126,Calima,Valle del Cauca,2025,6939,3060
76130,Candelaria,Valle del Cauca,2022,31535,3063
76130,Candelaria,Valle del Cauca,2023,32594,3063
76130,Candelaria,Valle del Cauca,2024,33768,3063
76130,Candelaria,Valle del Cauca,2025,34966,3063
76147,Cartago,Valle del Cauca,2022,48699,3066
76147,Cartago,Valle del Cauca,2023,49367,3066
76147,Cartago,Valle del Cauca,2024,50174,3066
76147,Cartago,Valle del Cauca,2025,50934,3066
76233,Dagua,Valle del Cauca,2022,19659,3069
76233,Dagua,Valle del Cauca,2023,20273,3069
76233,Dagua,Valle del Cauca,2024,20938,3069
76233,Dagua,Valle del Cauca,2025,21591,3069
76243,El Águila,Valle del Cauca,2022,3064,3072
76243,El Águila,Valle del Cauca,2023,3085,3072
76243,El Águila,Valle del Cauca,2024,3114,3072
76243,El Águila,Valle del Cauca,2025,3146,3072
76246,El Cairo,Valle del Cauca,2022,2476,3075
76246,El Cairo,Valle del Cauca,2023,2492,3075
76246,El Cairo,Valle del Cauca,2024,2517,3075
76246,El Cairo,Valle del Cauca,2025,2539,3075
76248,El Cerrito,Valle del Cauca,2022,18632,3078
76248,El Cerrito,Valle del Cauca,2023,18740,3078
76248,El Cerrito,Valle del Cauca,2024,18882,3078
76248,El Cerrito,Valle del Cauca,2025,19007,3078
76250,El Dovio,Valle del Cauca,2022,3154,3081
76250,El Dovio,Valle del Cauca,2023,3186,3081
76250,El Dovio,Valle del Cauca,2024,3241,3081
76250,El Dovio,Valle del Cauca,2025,3283,3081
76275,Florida,Valle del Cauca,2022,18392,3084
76275,Florida,Valle del Cauca,2023,18488,3084
76275,Florida,Valle del Cauca,2024,18610,3084
76275,Florida,Valle del Cauca,2025,18717,3084
76306,Ginebra,Valle del Cauca,2022,8167,3087
76306,Ginebra,Valle del Cauca,2023,8296,3087
76306,Ginebra,Valle del Cauca,2024,8449,3087
76306,Ginebra,Valle del Cauca,2025,8588,3087
76318,Guacarí,Valle del Cauca,2022,11605,3090
76318,Guacarí,Valle del Cauca,2023,11740,3090
76318,Guacarí,Valle del Cauca,2024,11898,3090
76318,Guacarí,Valle del Cauca,2025,12046,3090
76364,Jamundí,Valle del Cauca,2022,57799,3093
76364,Jamundí,Valle del Cauca,2023,59561,3093
76364,Jamundí,Valle del Cauca,2024,61401,3093
76364,Jamundí,Valle del Cauca,2025,63188,3093
76377,La Cumbre,Valle del Cauca,2022,6457,3096
76377,La Cumbre,Valle del Cauca,2023,6615,3096
76377,La Cumbre,Valle del Cauca,2024,6793,3096
76377,La Cumbre,Valle del Cauca,2025,6960,3096
76400,La Unión,Valle del Cauca,2022,12344,3099
76400,La Unión,Valle del Cauca,2023,12445,3099
76400,La Unión,Valle del Cauca,2024,12565,3099
76400,La Unión,Valle del Cauca,2025,12684,3099
76403,La Victoria,Valle del Cauca,2022,4570,3102
76403,La Victoria,Valle del Cauca,2023,4624,3102
76403,La Victoria,Valle del Cauca,2024,4685,3102
76403,La Victoria,Valle del Cauca,2025,4748,3102
76497,Obando,Valle del Cauca,2022,4469,3105
76497,Obando,Valle del Cauca,2023,4504,3105
76497,Obando,Valle del Cauca,2024,4541,3105
76497,Obando,Valle del Cauca,2025,4590,3105
76520,Palmira,Valle del Cauca,2022,130308,3108
76520,Palmira,Valle del Cauca,2023,132412,3108
76520,Palmira,Valle del Cauca,2024,134732,3108
76520,Palmira,Valle del Cauca,2025,136908,3108
76563,Pradera,Valle del Cauca,2022,15714,3111
76563,Pradera,Valle del Cauca,2023,15895,3111
76563,Pradera,Valle del Cauca,2024,16113,3111
76563,Pradera,Valle del Cauca,2025,16324,3111
76606,Restrepo,Valle del Cauca,2022,5423,3114
76606,Restrepo,Valle del Cauca,2023,5488,3114
76606,Restrepo,Valle del Cauca,2024,5560,3114
76606,Restrepo,Valle del Cauca,2025,5638,3114
76616,Riofrío,Valle del Cauca,2022,5913,3117
76616,Riofrío,Valle del Cauca,2023,5983,3117
76616,Riofrío,Valle del Cauca,2024,6064,3117
76616,Riofrío,Valle del Cauca,2025,6138,3117
76622,Roldanillo,Valle del Cauca,2022,12722,3120
76622,Roldanillo,Valle del Cauca,2023,12877,3120
76622,Roldanillo,Valle del Cauca,2024,13064,3120
76622,Roldanillo,Valle del Cauca,2025,13235,3120
76670,San Pedro,Valle del Cauca,2022,5400,3123
76670,San Pedro,Valle del Cauca,2023,5460,3123
76670,San Pedro,Valle del Cauca,2024,5512,3123
76670,San Pedro,Valle del Cauca,2025,5571,3123
76736,Sevilla,Valle del Cauca,2022,15616,3126
76736,Sevilla,Valle del Cauca,2023,15791,3126
76736,Sevilla,Valle del Cauca,2024,16010,3126
76736,Sevilla,Valle del Cauca,2025,16210,3126
76823,Toro,Valle del Cauca,2022,5172,3129
76823,Toro,Valle del Cauca,2023,5214,3129
76823,Toro,Valle del Cauca,2024,5270,3129
76823,Toro,Valle del Cauca,2025,5318,3129
76828,Trujillo,Valle del Cauca,2022,6466,3132
76828,Trujillo,Valle del Cauca,2023,6545,3132
76828,Trujillo,Valle del Cauca,2024,6640,3132
76828,Trujillo,Valle del Cauca,2025,6732,3132
76834,Tuluá,Valle del Cauca,2022,79180,3135
76834,Tuluá,Valle del Cauca,2023,80227,3135
76834,Tuluá,Valle del Cauca,2024,81421,3135
76834,Tuluá,Valle del Cauca,2025,82547,3135
76845,Ulloa,Valle del Cauca,2022,1903,3138
76845,Ulloa,Valle del Cauca,2023,1915,3138
76845,Ulloa,Valle del Cauca,2024,1935,3138
76845,Ulloa,Valle del Cauca,2025,1948,3138
76863,Versalles,Valle del Cauca,2022,2700,3141
76863,Versalles,Valle del Cauca,2023,2728,3141
76863,Versalles,Valle del Cauca,2024,2757,3141
76863,Versalles,Valle del Cauca,2025,2778,3141
76869,Vijes,Valle del Cauca,2022,4441,3144
76869,Vijes,Valle del Cauca,2023,4523,3144
76869,Vijes,Valle del Cauca,2024,4621,3144
76869,Vijes,Valle del Cauca,2025,4708,3144
76890,Yotoco,Valle del Cauca,2022,5613,3147
76890,Yotoco,Valle del Cauca,2023,5681,3147
76890,Yotoco,Valle del Cauca,2024,5757,3147
76890,Yotoco,Valle del Cauca,2025,5841,3147
76892,Yumbo,Valle del Cauca,2022,38229,3150
76892,Yumbo,Valle del Cauca,2023,38776,3150
76892,Yumbo,Valle del Cauca,2024,39408,3150
76892,Yumbo,Valle del Cauca,2025,39995,3150
76895,Zarzal,Valle del Cauca,2022,14689,3153
76895,Zarzal,Valle del Cauca,2023,14868,3153
76895,Zarzal,Valle del Cauca,2024,15068,3153
76895,Zarzal,Valle del Cauca,2025,15269,3153
81001,Arauca,Arauca,2022,27413,3156
81001,Arauca,Arauca,2023,27865,3156
81001,Arauca,Arauca,2024,28334,3156
81001,Arauca,Arauca,2025,28780,3156
81065,Arauquita,Arauca,2022,15847,3159
81065,Arauquita,Arauca,2023,16056,3159
81065,Arauquita,Arauca,2024,16311,3159
81065,Arauquita,Arauca,2025,16548,3159
81220,Cravo Norte,Arauca,2022,1355,3162
81220,Cravo Norte,Arauca,2023,1378,3162
81220,Cravo Norte,Arauca,2024,1398,3162
81220,Cravo Norte,Arauca,2025,1423,3162
81300,Fortul,Arauca,2022,6276,3165
81300,Fortul,Arauca,2023,6385,3165
81300,Fortul,Arauca,2024,6510,3165
81300,Fortul,Arauca,2025,6616,3165
81591,Puerto Rondón,Arauca,2022,1465,3168
81591,Puerto Rondón,Arauca,2023,1489,3168
81591,Puerto Rondón,Arauca,2024,1519,3168
81591,Puerto Rondón,Arauca,2025,1543,3168
81736,Saravena,Arauca,2022,20542,3171
81736,Saravena,Arauca,2023,20882,3171
81736,Saravena,Arauca,2024,21250,3171
81736,Saravena,Arauca,2025,21578,3171
81794,Tame,Arauca,2022,14241,3174
81794,Tame,Arauca,2023,14482,3174
81794,Tame,Arauca,2024,14758,3174
81794,Tame,Arauca,2025,15003,3174
85001,Yopal,Casanare,2022,63257,3177
85001,Yopal,Casanare,2023,65034,3177
85001,Yopal,Casanare,2024,66877,3177
85001,Yopal,Casanare,2025,68695,3177
85010,Aguazul,Casanare,2022,14152,3180
85010,Aguazul,Casanare,2023,14370,3180
85010,Aguazul,Casanare,2024,14614,3180
85010,Aguazul,Casanare,2025,14824,3180
85015,Chámeza,Casanare,2022,976,3183
85015,Chámeza,Casanare,2023,992,3183
85015,Chámeza,Casanare,2024,1011,3183
85015,Chámeza,Casanare,2025,1023,3183
85125,Hato Corozal,Casanare,2022,3718,3186
85125,Hato Corozal,Casanare,2023,3782,3186
85125,Hato Corozal,Casanare,2024,3852,3186
85125,Hato Corozal,Casanare,2025,3913,3186
85136,La Salina,Casanare,2022,485,3189
85136,La Salina,Casanare,2023,489,3189
85136,La Salina,Casanare,2024,506,3189
85136,La Salina,Casanare,2025,512,3189
85139,Maní,Casanare,2022,6437,3192
85139,Maní,Casanare,2023,6604,3192
85139,Maní,Casanare,2024,6777,3192
85139,Maní,Casanare,2025,6951,3192
85162,Monterrey,Casanare,2022,6936,3195
85162,Monterrey,Casanare,2023,7057,3195
85162,Monterrey,Casanare,2024,7181,3195
85162,Monterrey,Casanare,2025,7301,3195
85225,Nunchía,Casanare,2022,2933,3198
85225,Nunchía,Casanare,2023,2985,3198
85225,Nunchía,Casanare,2024,3041,3198
85225,Nunchía,Casanare,2025,3089,3198
85230,Orocué,Casanare,2022,3921,3201
85230,Orocué,Casanare,2023,4040,3201
85230,Orocué,Casanare,2024,4170,3201
85230,Orocué,Casanare,2025,4296,3201
85250,Paz de Ariporo,Casanare,2022,12131,3204
85250,Paz de Ariporo,Casanare,2023,12329,3204
85250,Paz de Ariporo,Casanare,2024,12524,3204
85250,Paz de Ariporo,Casanare,2025,12717,3204
85263,Pore,Casanare,2022,4587,3207
85263,Pore,Casanare,2023,4705,3207
85263,Pore,Casanare,2024,4826,3207
85263,Pore,Casanare,2025,4941,3207
85279,Recetor,Casanare,2022,686,3210
85279,Recetor,Casanare,2023,691,3210
85279,Recetor,Casanare,2024,706,3210
85279,Recetor,Casanare,2025,718,3210
85300,Sabanalarga,Casanare,2022,1450,3213
85300,Sabanalarga,Casanare,2023,1476,3213
85300,Sabanalarga,Casanare,2024,1501,3213
85300,Sabanalarga,Casanare,2025,1526,3213
85315,Sácama,Casanare,2022,779,3216
85315,Sácama,Casanare,2023,787,3216
85315,Sácama,Casanare,2024,801,3216
85315,Sácama,Casanare,2025,810,3216
85325,San Luis de Palenque,Casanare,2022,2677,3219
85325,San Luis de Palenque,Casanare,2023,2722,3219
85325,San Luis de Palenque,Casanare,2024,2768,3219
85325,San Luis de Palenque,Casanare,2025,2820,3219
85400,Támara,Casanare,2022,2369,3222
85400,Támara,Casanare,2023,2411,3222
85400,Támara,Casanare,2024,2451,3222
85400,Támara,Casanare,2025,2491,3222
85410,Tauramena,Casanare,2022,7971,3225
85410,Tauramena,Casanare,2023,8153,3225
85410,Tauramena,Casanare,2024,8337,3225
85410,Tauramena,Casanare,2025,8519,3225
85430,Trinidad,Casanare,2022,4290,3228
85430,Trinidad,Casanare,2023,4358,3228
85430,Trinidad,Casanare,2024,4435,3228
85430,Trinidad,Casanare,2025,4509,3228
85440,Villanueva,Casanare,2022,14680,3231
85440,Villanueva,Casanare,2023,15121,3231
85440,Villanueva,Casanare,2024,15583,3231
85440,Villanueva,Casanare,2025,16042,3231
86001,Mocoa,Putumayo,2022,24240,3234
86001,Mocoa,Putumayo,2023,25079,3234
86001,Mocoa,Putumayo,2024,25898,3234
86001,Mocoa,Putumayo,2025,26704,3234
86219,Colón,Putumayo,2022,2201,3237
86219,Colón,Putumayo,2023,2254,3237
86219,Colón,Putumayo,2024,2295,3237
86219,Colón,Putumayo,2025,2346,3237
86320,Orito,Putumayo,2022,16084,3240
86320,Orito,Putumayo,2023,16325,3240
86320,Orito,Putumayo,2024,16555,3240
86320,Orito,Putumayo,2025,16790,3240
86568,Puerto Asís,Putumayo,2022,25057,3243
86568,Puerto Asís,Putumayo,2023,25725,3243
86568,Puerto Asís,Putumayo,2024,26384,3243
86568,Puerto Asís,Putumayo,2025,27041,3243
86569,Puerto Caicedo,Putumayo,2022,8104,3246
86569,Puerto Caicedo,Putumayo,2023,8271,3246
86569,Puerto Caicedo,Putumayo,2024,8442,3246
86569,Puerto Caicedo,Putumayo,2025,8614,3246
86571,Puerto Guzmán,Putumayo,2022,13460,3249
86571,Puerto Guzmán,Putumayo,2023,13947,3249
86571,Puerto Guzmán,Putumayo,2024,14428,3249
86571,Puerto Guzmán,Putumayo,2025,14923,3249
86573,Puerto Leguízamo,Putumayo,2022,11209,3252
86573,Puerto Leguízamo,Putumayo,2023,11746,3252
86573,Puerto Leguízamo,Putumayo,2024,12283,3252
86573,Puerto Leguízamo,Putumayo,2025,12810,3252
86749,Sibundoy,Putumayo,2022,5937,3255
86749,Sibundoy,Putumayo,2023,6070,3255
86749,Sibundoy,Putumayo,2024,6201,3255
86749,Sibundoy,Putumayo,2025,6330,3255
86755,San Francisco,Putumayo,2022,2139,3258
86755,San Francisco,Putumayo,2023,2164,3258
86755,San Francisco,Putumayo,2024,2190,3258
86755,San Francisco,Putumayo,2025,2210,3258
86757,San Miguel,Putumayo,2022,7324,3261
86757,San Miguel,Putumayo,2023,7450,3261
86757,San Miguel,Putumayo,2024,7575,3261
86757,San Miguel,Putumayo,2025,7701,3261
86760,Santiago,Putumayo,2022,2787,3264
86760,Santiago,Putumayo,2023,2804,3264
86760,Santiago,Putumayo,2024,2843,3264
86760,Santiago,Putumayo,2025,2871,3264
86865,Valle del Guamuez,Putumayo,2022,14732,3267
86865,Valle del Guamuez,Putumayo,2023,14962,3267
86865,Valle del Guamuez,Putumayo,2024,15194,3267
86865,Valle del Guamuez,Putumayo,2025,15416,3267
86885,Villagarzón,Putumayo,2022,8501,3270
86885,Villagarzón,Putumayo,2023,8694,3270
86885,Villagarzón,Putumayo,2024,8902,3270
86885,Villagarzón,Putumayo,2025,9106,3270
88001,San Andrés,"Archipiélago de San Andrés, Providencia y Santa Catalina",2022,19278,3273
88001,San Andrés,"Archipiélago de San Andrés, Providencia y Santa Catalina",2023,19523,3273
88001,San Andrés,"Archipiélago de San Andrés, Providencia y Santa Catalina",2024,19780,3273
88001,San Andrés,"Archipiélago de San Andrés, Providencia y Santa Catalina",2025,20031,3273
88564,Providencia,"Archipiélago de San Andrés, Providencia y Santa Catalina",2022,2300,3276
88564,Providencia,"Archipiélago de San Andrés, Providencia y Santa Catalina",2023,2340,3276
88564,Providencia,"Archipiélago de San Andrés, Providencia y Santa Catalina",2024,2380,3276
88564,Providencia,"Archipiélago de San Andrés, Providencia y Santa Catalina",2025,2416,3276
91001,Leticia,Amazonas,2022,13632,3279
91001,Leticia,Amazonas,2023,14019,3279
91001,Leticia,Amazonas,2024,14383,3279
91001,Leticia,Amazonas,2025,14736,3279
91263,El Encanto (ANM),Amazonas,2022,520,3282
91263,El Encanto (ANM),Amazonas,2023,531,3282
91263,El Encanto (ANM),Amazonas,2024,545,3282
91263,El Encanto (ANM),Amazonas,2025,555,3282
91405,La Chorrera (ANM),Amazonas,2022,640,3285
91405,La Chorrera (ANM),Amazonas,2023,653,3285
91405,La Chorrera (ANM),Amazonas,2024,668,3285
91405,La Chorrera (ANM),Amazonas,2025,684,3285
91407,La Pedrera (ANM),Amazonas,2022,853,3288
91407,La Pedrera (ANM),Amazonas,2023,878,3288
91407,La Pedrera (ANM),Amazonas,2024,897,3288
91407,La Pedrera (ANM),Amazonas,2025,915,3288
91430,La Victoria (ANM),Amazonas,2022,176,3291
91430,La Victoria (ANM),Amazonas,2023,181,3291
91430,La Victoria (ANM),Amazonas,2024,185,3291
91430,La Victoria (ANM),Amazonas,2025,187,3291
91460,Miriti - Paraná (ANM),Amazonas,2022,382,3294
91460,Miriti - Paraná (ANM),Amazonas,2023,393,3294
91460,Miriti - Paraná (ANM),Amazonas,2024,402,3294
91460,Miriti - Paraná (ANM),Amazonas,2025,416,3294
91530,Puerto Alegría (ANM),Amazonas,2022,200,3297
91530,Puerto Alegría (ANM),Amazonas,2023,204,3297
91530,Puerto Alegría (ANM),Amazonas,2024,208,3297
91530,Puerto Alegría (ANM),Amazonas,2025,211,3297
91536,Puerto Arica (ANM),Amazonas,2022,309,3300
91536,Puerto Arica (ANM),Amazonas,2023,320,3300
91536,Puerto Arica (ANM),Amazonas,2024,325,3300
91536,Puerto Arica (ANM),Amazonas,2025,333,3300
91540,Puerto Nariño,Amazonas,2022,2625,3303
91540,Puerto Nariño,Amazonas,2023,2721,3303
91540,Puerto Nariño,Amazonas,2024,2811,3303
91540,Puerto Nariño,Amazonas,2025,2899,3303
91669,Puerto Santander (ANM),Amazonas,2022,411,3306
91669,Puerto Santander (ANM),Amazonas,2023,421,3306
91669,Puerto Santander (ANM),Amazonas,2024,431,3306
91669,Puerto Santander (ANM),Amazonas,2025,438,3306
91798,Tarapacá (ANM),Amazonas,2022,948,3309
91798,Tarapacá (ANM),Amazonas,2023,964,3309
91798,Tarapacá (ANM),Amazonas,2024,988,3309
91798,Tarapacá (ANM),Amazonas,2025,1004,3309
94001,Inírida,Guainía,2022,9500,3312
94001,Inírida,Guainía,2023,9950,3312
94001,Inírida,Guainía,2024,10388,3312
94001,Inírida,Guainía,2025,10810,3312
94343,Barrancominas,Guainía,2022,1381,3315
94343,Barrancominas,Guainía,2023,1449,3315
94343,Barrancominas,Guainía,2024,1510,3315
94343,Barrancominas,Guainía,2025,1581,3315
94883,San Felipe (ANM),Guainía,2022,335,3321
94883,San Felipe (ANM),Guainía,2023,348,3321
94883,San Felipe (ANM),Guainía,2024,361,3321
94883,San Felipe (ANM),Guainía,2025,377,3321
94884,Puerto Colombia (ANM),Guainía,2022,354,3324
94884,Puerto Colombia (ANM),Guainía,2023,365,3324
94884,Puerto Colombia (ANM),Guainía,2024,374,3324
94884,Puerto Colombia (ANM),Guainía,2025,385,3324
94885,La Guadalupe (ANM),Guainía,2022,54,3327
94885,La Guadalupe (ANM),Guainía,2023,56,3327
94885,La Guadalupe (ANM),Guainía,2024,59,3327
94885,La Guadalupe (ANM),Guainía,2025,60,3327
94886,Cacahual (ANM),Guainía,2022,128,3330
94886,Cacahual (ANM),Guainía,2023,133,3330
94886,Cacahual (ANM),Guainía,2024,133,3330
94886,Cacahual (ANM),Guainía,2025,137,3330
94887,Pana Pana (ANM),Guainía,2022,376,3333
94887,Pana Pana (ANM),Guainía,2023,385,3333
94887,Pana Pana (ANM),Guainía,2024,395,3333
94887,Pana Pana (ANM),Guainía,2025,406,3333
94888,Morichal (ANM),Guainía,2022,153,3336
94888,Morichal (ANM),Guainía,2023,159,3336
94888,Morichal (ANM),Guainía,2024,167,3336
94888,Morichal (ANM),Guainía,2025,173,3336
95001,San José del Guaviare,Guaviare,2022,16540,3339
95001,San José del Guaviare,Guaviare,2023,16797,3339
95001,San José del Guaviare,Guaviare,2024,17038,3339
95001,San José del Guaviare,Guaviare,2025,17251,3339
95015,Calamar,Guaviare,2022,3040,3342
95015,Calamar,Guaviare,2023,3091,3342
95015,Calamar,Guaviare,2024,3142,3342
95015,Calamar,Guaviare,2025,3184,3342
95025,El Retorno,Guaviare,2022,3797,3345
95025,El Retorno,Guaviare,2023,3829,3345
95025,El Retorno,Guaviare,2024,3866,3345
95025,El Retorno,Guaviare,2025,3897,3345
95200,Miraflores,Guaviare,2022,2215,3348
95200,Miraflores,Guaviare,2023,2252,3348
95200,Miraflores,Guaviare,2024,2291,3348
95200,Miraflores,Guaviare,2025,2331,3348
97001,Mitú,Vaupés,2022,5904,3351
97001,Mitú,Vaupés,2023,6041,3351
97001,Mitú,Vaupés,2024,6189,3351
97001,Mitú,Vaupés,2025,6306,3351
97161,Carurú,Vaupés,2022,573,3354
97161,Carurú,Vaupés,2023,584,3354
97161,Carurú,Vaupés,2024,598,3354
97161,Carurú,Vaupés,2025,607,3354
97511,Pacoa (ANM),Vaupés,2022,614,3357
97511,Pacoa (ANM),Vaupés,2023,629,3357
97511,Pacoa (ANM),Vaupés,2024,645,3357
97511,Pacoa (ANM),Vaupés,2025,661,3357
97666,Taraira,Vaupés,2022,526,3360
97666,Taraira,Vaupés,2023,555,3360
97666,Taraira,Vaupés,2024,582,3360
97666,Taraira,Vaupés,2025,607,3360
97777,Papunahua (ANM),Vaupés,2022,179,3363
97777,Papunahua (ANM),Vaupés,2023,182,3363
97777,Papunahua (ANM),Vaupés,2024,188,3363
97777,Papunahua (ANM),Vaupés,2025,190,3363
97889,Yavaraté (ANM),Vaupés,2022,133,3366
97889,Yavaraté (ANM),Vaupés,2023,134,3366
97889,Yavaraté (ANM),Vaupés,2024,136,3366
97889,Yavaraté (ANM),Vaupés,2025,142,3366
99001,Puerto Carreño,Vichada,2022,7095,3369
99001,Puerto Carreño,Vichada,2023,7310,3369
99001,Puerto Carreño,Vichada,2024,7529,3369
99001,Puerto Carreño,Vichada,2025,7737,3369
99524,La Primavera,Vichada,2022,3130,3372
99524,La Primavera,Vichada,2023,3185,3372
99524,La Primavera,Vichada,2024,3240,3372
99524,La Primavera,Vichada,2025,3299,3372
99624,Santa Rosalía,Vichada,2022,1176,3375
99624,Santa Rosalía,Vichada,2023,1192,3375
99624,Santa Rosalía,Vichada,2024,1201,3375
99624,Santa Rosalía,Vichada,2025,1215,3375
99773,Cumaribo,Vichada,2022,22114,3378
99773,Cumaribo,Vichada,2023,23698,3378
99773,Cumaribo,Vichada,2024,25325,3378
99773,Cumaribo,Vichada,2025,26975,3378
