codigo_municipio,periodo,suma_puntaje,estudiantes,anio,puntaje_promedio
05001,20221,138934,553,2022,251.2368896925859
05001,20222,7060012,28185,2022,250.48827390455915
05001,20231,116759,436,2023,267.79587155963304
05001,20232,7123376,28065,2023,253.81706752182433
05001,20241,121622,466,2024,260.9914163090129
05001,20242,7123276,27822,2024,256.03033570555675
05001,20251,118623,474,2025,250.2594936708861
05002,20222,47076,185,2022,254.46486486486486
05002,20232,43988,176,2023,249.9318181818182
05002,20242,40557,161,2024,251.90683229813664
05004,20222,5158,23,2022,224.2608695652174
05004,20232,4717,19,2023,248.26315789473685
05004,20242,7388,30,2024,246.26666666666668
05021,20222,10935,48,2022,227.8125
05021,20232,12586,53,2023,237.47169811320754
05021,20242,11324,44,2024,257.3636363636364
05030,20222,73487,316,2022,232.55379746835442
05030,20232,74328,316,2023,235.21518987341773
05030,20242,65179,271,2024,240.51291512915128
05031,20222,61083,262,2022,233.1412213740458
05031,20232,65967,280,2023,235.59642857142856
05031,20242,60422,263,2024,229.74144486692015
05034,20222,107938,430,2022,251.0186046511628
05034,20232,104225,417,2023,249.94004796163068
05034,20242,109754,439,2024,250.00911161731207
05036,20222,12936,62,2022,208.6451612903226
05036,20232,14733,67,2023,219.8955223880597
05036,20242,11618,53,2024,219.20754716981133
05038,20222,27372,134,2022,204.26865671641792
05038,20232,28593,133,2023,214.98496240601503
05038,20242,45110,223,2024,202.28699551569505
05040,20222,85977,447,2022,192.34228187919464
05040,20232,33866,160,2023,211.6625
05040,20242,45443,218,2024,208.454128440367
05042,20222,64641,281,2022,230.0391459074733
05042,20232,71541,306,2023,233.7941176470588
05042,20242,82312,341,2024,241.3841642228739
05044,20221,2346,11,2022,213.27272727272728
05044,20222,13937,63,2022,221.22222222222223
05044,20232,13271,58,2023,228.81034482758622
05044,20242,10507,44,2024,238.79545454545453
05045,20221,3973,20,2022,198.65
05045,20222,420320,1776,2022,236.66666666666666
05045,20231,9410,48,2023,196.04166666666666
05045,20232,448574,1884,2023,238.09660297239915
05045,20241,6307,31,2024,203.4516129032258
05045,20242,484068,2006,2024,241.31006979062812
05051,20222,103238,485,2022,212.8618556701031
05051,20231,218,1,2023,218.0
05051,20232,107155,489,2023,219.13087934560326
05051,20242,88909,403,2024,220.6178660049628
05055,20222,15581,69,2022,225.81159420289856
05055,20232,14673,68,2023,215.77941176470588
05055,20242,16281,70,2024,232.5857142857143
05059,20222,11136,44,2022,253.0909090909091
05059,20232,8259,34,2023,242.91176470588235
05059,20242,8595,37,2024,232.2972972972973
05079,20222,136840,583,2022,234.71698113207546
05079,20232,128184,539,2023,237.8181818181818
05079,20242,147444,619,2024,238.19709208400647
05086,20222,20745,91,2022,227.96703296703296
05086,20232,26434,119,2023,222.1344537815126
05086,20242,21395,87,2024,245.91954022988506
05088,20221,4098,18,2022,227.66666666666666
05088,20222,1404243,5573,2022,251.97254620491657
05088,20232,1496612,5902,2023,253.5770925110132
05088,20242,1473786,5792,2024,254.45200276243094
05088,20251,8252,37,2025,223.02702702702703
05091,20222,12802,57,2022,224.59649122807016
05091,20232,19835,87,2023,227.98850574712642
05091,20242,17695,74,2024,239.1216216216216
05093,20222,40891,192,2022,212.97395833333334
05093,20232,42934,194,2023,221.30927835051546
05093,20242,42007,192,2024,218.78645833333334
05101,20222,60940,251,2022,242.78884462151393
05101,20232,73380,306,2023,239.80392156862746
05101,20242,70473,287,2024,245.55052264808361
05107,20222,9565,43,2022,222.4418604651163
05107,20232,20369,94,2023,216.69148936170214
05107,20242,19597,94,2024,208.4787234042553
05113,20222,17871,80,2022,223.3875
05113,20232,22020,100,2023,220.2
05113,20242,15679,71,2024,220.83098591549296
05120,20221,644,3,2022,214.66666666666666
05120,20222,71856,338,2022,212.59171597633136
05120,20232,89361,410,2023,217.95365853658538
05120,20242,75144,337,2024,222.9792284866469
05125,20222,30689,146,2022,210.1986301369863
05125,20232,28735,131,2023,219.35114503816794
05125,20242,33714,157,2024,214.7388535031847
05129,20221,2375,10,2022,237.5
05129,20222,202268,788,2022,256.6852791878173
05129,20232,210934,807,2023,261.3804213135068
05129,20242,201943,767,2024,263.2894393741851
05134,20222,18634,83,2022,224.50602409638554
05134,20232,19922,91,2023,218.92307692307693
05134,20242,10640,46,2024,231.30434782608697
05138,20222,47851,213,2022,224.65258215962442
05138,20232,49512,214,2023,231.3644859813084
05138,20242,46845,210,2024,223.07142857142858
05142,20222,8053,35,2022,230.0857142857143
05142,20232,9155,41,2023,223.29268292682926
05142,20242,11026,46,2024,239.69565217391303
05145,20222,15307,67,2022,228.46268656716418
05145,20232,11559,52,2023,222.28846153846155
05145,20242,11316,48,2024,235.75
05147,20221,2422,11,2022,220.1818181818182
05147,20222,136054,584,2022,232.96917808219177
05147,20232,135112,562,2023,240.41281138790035
05147,20241,249,1,2024,249.0
05147,20242,167007,699,2024,238.92274678111588
05148,20222,191175,720,2022,265.5208333333333
05148,20232,177543,661,2023,268.59757942511345
05148,20242,160346,585,2024,274.0957264957265
05150,20222,10111,44,2022,229.79545454545453
05150,20232,9350,39,2023,239.74358974358975
05150,20242,5903,22,2024,268.3181818181818
05154,20222,299857,1233,2022,243.19302514193026
05154,20232,325597,1325,2023,245.73358490566036
05154,20242,329632,1327,2024,248.4039186134137
05172,20221,253,1,2022,253.0
05172,20222,179869,788,2022,228.26015228426397
05172,20232,192705,832,2023,231.61658653846155
05172,20241,202,1,2024,202.0
05172,20242,194510,816,2024,238.3700980392157
05190,20222,23387,97,2022,241.10309278350516
05190,20232,23139,98,2023,236.1122448979592
05190,20242,19925,81,2024,245.98765432098764
05197,20222,37548,151,2022,248.66225165562915
05197,20232,46350,187,2023,247.86096256684493
05197,20242,33457,130,2024,257.3615384615385
05206,20222,7868,35,2022,224.8
05206,20232,10288,46,2023,223.65217391304347
05206,20242,7283,30,2024,242.76666666666668
05209,20222,45724,211,2022,216.70142180094786
05209,20232,44016,195,2023,225.72307692307692
05209,20242,43259,192,2024,225.30729166666666
05212,20221,2119,9,2022,235.44444444444446
05212,20222,262008,994,2022,263.58953722334
05212,20232,271050,1026,2023,264.1812865497076
05212,20242,229093,853,2024,268.57327080890974
05234,20222,54779,257,2022,213.14785992217898
05234,20232,50637,230,2023,220.16086956521738
05234,20242,51064,234,2024,218.22222222222223
05237,20222,52322,217,2022,241.1152073732719
05237,20232,45284,179,2023,252.9832402234637
05237,20242,42686,156,2024,273.62820512820514
05240,20222,24560,108,2022,227.40740740740742
05240,20232,32384,138,2023,234.66666666666666
05240,20242,25445,113,2024,225.1769911504425
05250,20222,165502,771,2022,214.65888456549936
05250,20232,166472,772,2023,215.63730569948186
05250,20242,156304,723,2024,216.1881051175657
05250,20251,2076,10,2025,207.6
05264,20222,32935,127,2022,259.3307086614173
05264,20232,36973,142,2023,260.3732394366197
05264,20242,42145,164,2024,256.9817073170732
05266,20221,93078,287,2022,324.3135888501742
05266,20222,607579,2155,2022,281.93921113689095
05266,20231,88607,275,2023,322.2072727272727
05266,20232,578523,2036,2023,284.1468565815324
05266,20241,96435,301,2024,320.3820598006645
05266,20242,549849,1934,2024,284.3066184074457
05266,20251,121275,371,2025,326.8867924528302
05282,20222,40364,169,2022,238.84023668639054
05282,20231,7010,35,2023,200.28571428571428
05282,20232,47237,195,2023,242.24102564102563
05282,20242,35358,152,2024,232.6184210526316
05282,20251,3137,15,2025,209.13333333333333
05284,20222,55023,231,2022,238.19480519480518
05284,20232,56686,233,2023,243.28755364806867
05284,20242,49090,204,2024,240.63725490196077
05306,20222,13241,61,2022,217.0655737704918
05306,20232,19235,83,2023,231.74698795180723
05306,20242,18148,77,2024,235.6883116883117
05308,20222,160049,636,2022,251.6493710691824
05308,20232,140913,546,2023,258.0824175824176
05308,20241,207,1,2024,207.0
05308,20242,142013,549,2024,258.6757741347905
05308,20251,1194,6,2025,199.0
05310,20222,21440,87,2022,246.4367816091954
05310,20232,23448,95,2023,246.82105263157894
05310,20242,17239,66,2024,261.1969696969697
05313,20222,19992,82,2022,243.8048780487805
05313,20232,24055,98,2023,245.4591836734694
05313,20242,19751,78,2024,253.21794871794873
05315,20222,14762,60,2022,246.03333333333333
05315,20232,12686,51,2023,248.7450980392157
05315,20242,12361,46,2024,268.7173913043478
05318,20222,111818,441,2022,253.55555555555554
05318,20232,112829,433,2023,260.57505773672057
05318,20242,141503,545,2024,259.6385321100917
05321,20222,29316,115,2022,254.9217391304348
05321,20232,30592,122,2023,250.75409836065575
05321,20242,31992,127,2024,251.90551181102362
05347,20222,11587,49,2022,236.46938775510205
05347,20232,11656,52,2023,224.15384615384616
05347,20242,12170,52,2024,234.03846153846155
05353,20222,10659,43,2022,247.88372093023256
05353,20232,8747,34,2023,257.2647058823529
05353,20242,9642,39,2024,247.23076923076923
05360,20221,240,1,2022,240.0
05360,20222,774412,2967,2022,261.0084260195484
05360,20231,414,2,2023,207.0
05360,20232,800084,3044,2023,262.8396846254928
05360,20241,12237,58,2024,210.98275862068965
05360,20242,843943,3217,2024,262.3385141436121
05360,20251,17246,77,2025,223.97402597402598
05361,20222,50211,241,2022,208.34439834024897
05361,20232,54674,260,2023,210.2846153846154
05361,20242,55827,263,2024,212.2699619771863
05364,20222,39747,160,2022,248.41875
05364,20232,48748,193,2023,252.58031088082902
05364,20242,36138,148,2024,244.17567567567568
05368,20222,39001,158,2022,246.84177215189874
05368,20232,35968,155,2023,232.05161290322582
05368,20242,32708,141,2024,231.97163120567376
05376,20221,3580,17,2022,210.58823529411765
05376,20222,182953,682,2022,268.25953079178885
05376,20231,6493,29,2023,223.89655172413794
05376,20232,211413,789,2023,267.9505703422053
05376,20241,8910,39,2024,228.46153846153845
05376,20242,206662,781,2024,264.61203585147246
05376,20251,7156,32,2025,223.625
05380,20221,20439,66,2022,309.6818181818182
05380,20222,205329,759,2022,270.52569169960475
05380,20231,24693,77,2023,320.68831168831167
05380,20232,246601,900,2023,274.00111111111113
05380,20241,21943,70,2024,313.4714285714286
05380,20242,222458,812,2024,273.96305418719214
05380,20251,26866,85,2025,316.0705882352941
05390,20222,18518,77,2022,240.4935064935065
05390,20232,13656,59,2023,231.45762711864407
05390,20242,17810,75,2024,237.46666666666667
05400,20222,65726,258,2022,254.75193798449612
05400,20232,70904,280,2023,253.22857142857143
05400,20242,66362,258,2024,257.2170542635659
05411,20222,28231,123,2022,229.52032520325204
05411,20232,32324,141,2023,229.24822695035462
05411,20242,26420,115,2024,229.7391304347826
05425,20222,22586,94,2022,240.27659574468086
05425,20232,25041,103,2023,243.11650485436894
05425,20242,18608,79,2024,235.54430379746836
05440,20222,206964,791,2022,261.6485461441214
05440,20232,219787,836,2023,262.9031100478469
05440,20242,214308,812,2024,263.9261083743842
05467,20222,17359,75,2022,231.45333333333335
05467,20232,14498,58,2023,249.9655172413793
05467,20242,14861,58,2024,256.2241379310345
05475,20222,1725,9,2022,191.66666666666666
05475,20232,6707,37,2023,181.27027027027026
05475,20242,6596,38,2024,173.57894736842104
05480,20222,30361,143,2022,212.3146853146853
05480,20232,37705,167,2023,225.77844311377245
05480,20242,39264,183,2024,214.55737704918033
05483,20222,19771,87,2022,227.2528735632184
05483,20232,18087,79,2023,228.9493670886076
05483,20242,15897,69,2024,230.3913043478261
05490,20222,164319,786,2022,209.05725190839695
05490,20232,164787,799,2023,206.2415519399249
05490,20242,175243,848,2024,206.65448113207546
05495,20221,205,1,2022,205.0
05495,20222,42750,199,2022,214.82412060301507
05495,20232,67879,315,2023,215.48888888888888
05495,20242,50814,230,2024,220.9304347826087
05501,20222,7377,30,2022,245.9
05501,20232,7003,29,2023,241.48275862068965
05501,20242,7165,30,2024,238.83333333333334
05541,20222,59936,253,2022,236.901185770751
05541,20232,59556,244,2023,244.08196721311475
05541,20241,233,1,2024,233.0
05541,20242,62063,253,2024,245.3083003952569
05543,20222,16985,76,2022,223.48684210526315
05543,20232,18343,79,2023,232.18987341772151
05543,20242,19034,81,2024,234.98765432098764
05576,20222,24865,105,2022,236.8095238095238
05576,20232,17018,74,2023,229.97297297297297
05576,20242,24177,104,2024,232.47115384615384
05579,20222,100017,456,2022,219.33552631578948
05579,20232,98768,440,2023,224.47272727272727
05579,20242,95621,418,2024,228.75837320574163
05585,20222,27464,127,2022,216.251968503937
05585,20232,29569,128,2023,231.0078125
05585,20242,32579,135,2024,241.32592592592593
05591,20222,40286,165,2022,244.15757575757576
05591,20232,36127,143,2023,252.63636363636363
05591,20242,38896,154,2024,252.57142857142858
05604,20222,78209,374,2022,209.1149732620321
05604,20232,84299,394,2023,213.95685279187816
05604,20242,78486,374,2024,209.85561497326202
05607,20221,17555,54,2022,325.0925925925926
05607,20222,70627,262,2022,269.5687022900763
05607,20231,19220,57,2023,337.1929824561403
05607,20232,70494,269,2023,262.0594795539034
05607,20241,16010,47,2024,340.63829787234044
05607,20242,66454,251,2024,264.7569721115538
05607,20251,13708,43,2025,318.7906976744186
05615,20222,425857,1619,2022,263.0370599135269
05615,20231,2207,7,2023,315.2857142857143
05615,20232,433187,1617,2023,267.895485466914
05615,20241,3544,11,2024,322.1818181818182
05615,20242,435927,1622,2024,268.7589395807645
05615,20251,3622,11,2025,329.27272727272725
05628,20222,17254,79,2022,218.40506329113924
05628,20232,24557,107,2023,229.50467289719626
05628,20242,26197,119,2024,220.14285714285714
05631,20221,8018,23,2022,348.60869565217394
05631,20222,225678,812,2022,277.92857142857144
05631,20231,10555,31,2023,340.48387096774195
05631,20232,209989,742,2023,283.0040431266846
05631,20241,10300,30,2024,343.3333333333333
05631,20242,219439,774,2024,283.5129198966408
05631,20251,18747,56,2025,334.76785714285717
05642,20222,25610,108,2022,237.12962962962962
05642,20232,25155,104,2023,241.875
05642,20242,25466,107,2024,238.0
05647,20222,15141,65,2022,232.93846153846152
05647,20232,15535,68,2023,228.4558823529412
05647,20242,10161,41,2024,247.82926829268294
05649,20222,54611,236,2022,231.40254237288136
05649,20232,56832,246,2023,231.02439024390245
05649,20242,53369,232,2024,230.03879310344828
05649,20251,1111,6,2025,185.16666666666666
05652,20222,10747,45,2022,238.82222222222222
05652,20232,7193,30,2023,239.76666666666668
05652,20242,9837,38,2024,258.86842105263156
05656,20222,35715,149,2022,239.6979865771812
05656,20232,38781,164,2023,236.46951219512195
05656,20242,33157,135,2024,245.6074074074074
05658,20222,7712,33,2022,233.6969696969697
05658,20232,7856,34,2023,231.05882352941177
05658,20242,8655,35,2024,247.28571428571428
05659,20222,57251,273,2022,209.71062271062272
05659,20232,64678,307,2023,210.67752442996743
05659,20242,58373,277,2024,210.73285198555956
05660,20222,33440,142,2022,235.49295774647888
05660,20232,44413,189,2023,234.989417989418
05660,20242,43331,177,2024,244.80790960451978
05664,20222,91289,364,2022,250.79395604395606
05664,20232,95052,371,2023,256.20485175202157
05664,20242,96989,386,2024,251.26683937823833
05665,20222,102167,456,2022,224.05043859649123
05665,20232,114851,515,2023,223.0116504854369
05665,20242,114455,516,2024,221.81201550387595
05667,20222,33291,136,2022,244.78676470588235
05667,20232,30648,124,2023,247.16129032258064
05667,20242,41439,170,2024,243.75882352941176
05670,20222,63959,286,2022,223.63286713286712
05670,20232,64317,286,2023,224.8846153846154
05670,20242,62275,278,2024,224.0107913669065
05674,20222,51984,214,2022,242.9158878504673
05674,20232,50328,203,2023,247.92118226600985
05674,20242,57008,227,2024,251.136563876652
05679,20222,54537,225,2022,242.38666666666666
05679,20232,62050,260,2023,238.65384615384616
05679,20242,55644,229,2024,242.9868995633188
05686,20222,139423,534,2022,261.0917602996255
05686,20232,143355,543,2023,264.0055248618784
05686,20242,141672,551,2024,257.1179673321234
05690,20222,47159,197,2022,239.38578680203045
05690,20232,42349,182,2023,232.6868131868132
05690,20242,37741,161,2024,234.416149068323
05697,20221,2267,11,2022,206.0909090909091
05697,20222,120063,494,2022,243.0425101214575
05697,20231,7611,37,2023,205.7027027027027
05697,20232,113544,466,2023,243.656652360515
05697,20241,2506,12,2024,208.83333333333334
05697,20242,118973,490,2024,242.80204081632652
05697,20251,3275,14,2025,233.92857142857142
05736,20222,79473,368,2022,215.95923913043478
05736,20232,87752,407,2023,215.6068796068796
05736,20241,13430,54,2024,248.7037037037037
05736,20242,78114,364,2024,214.5989010989011
05736,20251,13793,55,2025,250.78181818181818
05756,20222,85855,365,2022,235.21917808219177
05756,20232,100240,415,2023,241.5421686746988
05756,20242,91151,386,2024,236.1424870466321
05761,20222,46248,207,2022,223.42028985507247
05761,20232,43567,195,2023,223.4205128205128
05761,20242,41190,179,2024,230.11173184357543
05789,20222,40130,168,2022,238.86904761904762
05789,20232,46848,195,2023,240.24615384615385
05789,20242,47034,198,2024,237.54545454545453
05790,20222,66539,299,2022,222.53846153846155
05790,20231,2370,11,2023,215.45454545454547
05790,20232,73029,330,2023,221.3
05790,20242,70792,331,2024,213.87311178247734
05792,20222,12020,49,2022,245.30612244897958
05792,20232,17284,70,2023,246.9142857142857
05792,20242,14934,65,2024,229.75384615384615
05809,20222,13900,60,2022,231.66666666666666
05809,20232,14411,57,2023,252.82456140350877
05809,20242,18655,78,2024,239.16666666666666
05819,20222,10277,49,2022,209.73469387755102
05819,20232,16051,75,2023,214.01333333333332
05819,20242,16941,81,2024,209.14814814814815
05837,20222,395791,1847,2022,214.28857606930157
05837,20231,320,2,2023,160.0
05837,20232,479212,2192,2023,218.61861313868613
05837,20242,474892,2168,2024,219.0461254612546
05837,20251,4407,21,2025,209.85714285714286
05842,20222,13593,61,2022,222.8360655737705
05842,20232,14426,68,2023,212.14705882352942
05842,20242,13749,60,2024,229.15
05847,20222,91202,410,2022,222.44390243902438
05847,20232,91716,412,2023,222.61165048543688
05847,20242,83834,369,2024,227.19241192411923
05854,20222,22007,94,2022,234.11702127659575
05854,20232,24162,105,2023,230.11428571428573
05854,20242,21906,97,2024,225.83505154639175
05856,20222,12194,52,2022,234.5
05856,20232,15857,68,2023,233.19117647058823
05856,20242,14687,61,2024,240.7704918032787
05858,20222,42940,199,2022,215.7788944723618
05858,20232,39095,178,2023,219.63483146067415
05858,20242,45404,213,2024,213.1643192488263
05861,20222,31584,143,2022,220.86713286713288
05861,20232,33206,141,2023,235.5035460992908
05861,20242,27651,118,2024,234.33050847457628
05873,20222,23817,125,2022,190.536
05873,20232,23722,121,2023,196.0495867768595
05873,20242,25877,138,2024,187.5144927536232
05885,20222,13709,66,2022,207.71212121212122
05885,20232,13165,58,2023,226.98275862068965
05885,20242,13491,58,2024,232.60344827586206
05887,20222,129399,510,2022,253.7235294117647
05887,20231,3798,18,2023,211.0
05887,20232,124935,489,2023,255.49079754601226
05887,20241,2917,15,2024,194.46666666666667
05887,20242,118612,461,2024,257.29284164859
05890,20222,62865,295,2022,213.10169491525423
05890,20232,60721,278,2023,218.4208633093525
05890,20242,52350,232,2024,225.64655172413794
05893,20222,32815,142,2022,231.09154929577466
05893,20232,40166,172,2023,233.52325581395348
05893,20242,43901,188,2024,233.5159574468085
05895,20222,73842,360,2022,205.11666666666667
05895,20232,83784,404,2023,207.3861386138614
05895,20242,77346,374,2024,206.80748663101605
08001,20221,73719,243,2022,303.3703703703704
08001,20222,4052531,15979,2022,253.61605857688215
08001,20231,70685,219,2023,322.76255707762556
08001,20232,4137342,16067,2023,257.50557042385014
08001,20241,81756,258,2024,316.8837209302326
08001,20242,4313614,16596,2024,259.9188961195469
08001,20251,79824,248,2025,321.8709677419355
08078,20222,170241,721,2022,236.11789181692095
08078,20232,187934,806,2023,233.16873449131515
08078,20242,193633,788,2024,245.7271573604061
08137,20221,1549,8,2022,193.625
08137,20222,53417,244,2022,218.922131147541
08137,20232,52734,237,2023,222.50632911392404
08137,20242,57272,253,2024,226.37154150197628
08137,20251,246,1,2025,246.0
08141,20222,32589,157,2022,207.57324840764332
08141,20232,38241,182,2023,210.1153846153846
08141,20242,30412,143,2024,212.67132867132867
08296,20222,152435,631,2022,241.57686212361332
08296,20232,167435,677,2023,247.31905465288037
08296,20242,170643,666,2024,256.22072072072075
08372,20222,42527,189,2022,225.010582010582
08372,20232,48664,212,2023,229.54716981132074
08372,20242,48887,207,2024,236.16908212560386
08421,20222,71952,336,2022,214.14285714285714
08421,20232,70414,325,2023,216.65846153846155
08421,20241,466,3,2024,155.33333333333334
08421,20242,63932,295,2024,216.71864406779662
08433,20221,811,4,2022,202.75
08433,20222,370539,1585,2022,233.77854889589906
08433,20231,3110,15,2023,207.33333333333334
08433,20232,394654,1649,2023,239.32929047907822
08433,20241,5437,26,2024,209.1153846153846
08433,20242,437943,1821,2024,240.49588138385502
08433,20251,6130,29,2025,211.3793103448276
08436,20222,46880,225,2022,208.35555555555555
08436,20232,54641,256,2023,213.44140625
08436,20242,47224,218,2024,216.62385321100916
08520,20222,89856,370,2022,242.85405405405405
08520,20232,94717,379,2023,249.91292875989447
08520,20242,88167,346,2024,254.81791907514452
08549,20222,15730,78,2022,201.66666666666666
08549,20232,11143,53,2023,210.24528301886792
08549,20242,7663,39,2024,196.48717948717947
08558,20222,39673,187,2022,212.15508021390374
08558,20232,40013,190,2023,210.59473684210528
08558,20242,47882,222,2024,215.6846846846847
08560,20222,53672,251,2022,213.83266932270917
08560,20232,48209,227,2023,212.37444933920705
08560,20242,51967,236,2024,220.19915254237287
08573,20221,142554,426,2022,334.63380281690144
08573,20222,185836,705,2022,263.59716312056736
08573,20231,140701,416,2023,338.2235576923077
08573,20232,169376,623,2023,271.87158908507223
08573,20241,151143,449,2024,336.62138084632517
08573,20242,185732,684,2024,271.53801169590645
08573,20251,142260,422,2025,337.1090047393365
08606,20222,58312,263,2022,221.71863117870723
08606,20232,62327,284,2023,219.4612676056338
08606,20242,56566,251,2024,225.3625498007968
08634,20222,96469,403,2022,239.3771712158809
08634,20232,101350,413,2023,245.3995157384988
08634,20242,95119,388,2024,245.1520618556701
08638,20222,282125,1252,2022,225.33945686900958
08638,20232,305914,1350,2023,226.60296296296298
08638,20242,305786,1326,2024,230.6078431372549
08675,20222,24004,118,2022,203.42372881355934
08675,20232,25316,116,2023,218.24137931034483
08675,20242,23061,102,2024,226.08823529411765
08685,20222,51880,226,2022,229.55752212389382
08685,20232,57954,242,2023,239.4793388429752
08685,20242,57973,242,2024,239.55785123966942
08758,20221,22231,88,2022,252.625
08758,20222,1819143,7536,2022,241.3937101910828
08758,20231,57981,257,2023,225.6070038910506
08758,20232,1975839,8055,2023,245.29348230912476
08758,20241,26922,118,2024,228.15254237288136
08758,20242,2023236,8205,2024,246.58574040219378
08758,20251,47695,221,2025,215.81447963800906
08770,20222,25773,109,2022,236.44954128440367
08770,20232,29605,124,2023,238.75
08770,20242,37290,150,2024,248.6
08832,20222,22167,100,2022,221.67
08832,20232,29700,128,2023,232.03125
08832,20242,27242,122,2024,223.29508196721312
08849,20222,18421,83,2022,221.93975903614458
08849,20232,18817,91,2023,206.78021978021977
08849,20242,15734,66,2024,238.3939393939394
11001,20221,1422343,4888,2022,290.98670212765956
11001,20222,21073940,78181,2022,269.55321625458873
11001,20231,1442924,4971,2023,290.2683564675116
11001,20232,21456404,79596,2023,269.56636011859894
11001,20241,1382944,4739,2024,291.8219033551382
11001,20242,21590557,79385,2024,271.9727530389872
11001,20251,1511506,5249,2025,287.96075442941515
13001,20221,90488,303,2022,298.64026402640263
13001,20222,3409228,14260,2022,239.07629733520338
13001,20231,84103,286,2023,294.06643356643355
13001,20232,3503973,14338,2023,244.38366578323337
13001,20241,97697,311,2024,314.1382636655949
13001,20242,3684735,15036,2024,245.06085395051875
13001,20251,97247,329,2025,295.58358662613983
13006,20222,63817,309,2022,206.52750809061487
13006,20232,62168,286,2023,217.37062937062936
13006,20242,67457,315,2024,214.14920634920634
13030,20222,17255,81,2022,213.02469135802468
13030,20232,17214,85,2023,202.51764705882354
13030,20242,21598,104,2024,207.67307692307693
13042,20222,23792,114,2022,208.7017543859649
13042,20232,22890,107,2023,213.92523364485982
13042,20242,20545,99,2024,207.5252525252525
13052,20222,224650,1017,2022,220.89478859390363
13052,20232,226921,1009,2023,224.89692765113975
13052,20242,216145,962,2024,224.6829521829522
13052,20251,670,3,2025,223.33333333333334
13062,20222,19397,94,2022,206.35106382978722
13062,20232,17289,85,2023,203.4
13062,20242,15894,79,2024,201.18987341772151
13074,20222,38942,190,2022,204.9578947368421
13074,20232,32773,161,2023,203.55900621118013
13074,20242,40042,178,2024,224.95505617977528
13140,20222,57343,290,2022,197.7344827586207
13140,20232,52988,262,2023,202.24427480916032
13140,20242,56082,271,2024,206.94464944649445
13160,20222,18912,85,2022,222.49411764705883
13160,20232,19912,83,2023,239.90361445783134
13160,20242,21145,93,2024,227.36559139784947
13188,20222,36199,164,2022,220.72560975609755
13188,20232,40036,174,2023,230.09195402298852
13188,20242,35136,152,2024,231.1578947368421
13212,20222,42821,203,2022,210.9408866995074
13212,20232,43754,201,2023,217.681592039801
13212,20242,38533,173,2024,222.73410404624278
13222,20222,29773,151,2022,197.17218543046357
13222,20232,26053,127,2023,205.14173228346456
13222,20242,23172,115,2024,201.49565217391304
13244,20221,230,1,2022,230.0
13244,20222,217885,1001,2022,217.66733266733266
13244,20231,2111,10,2023,211.1
13244,20232,217553,979,2023,222.21961184882534
13244,20241,3442,16,2024,215.125
13244,20242,217988,966,2024,225.66045548654245
13244,20251,12071,59,2025,204.59322033898306
13248,20222,23074,105,2022,219.75238095238095
13248,20232,19954,95,2023,210.0421052631579
13248,20242,18395,81,2024,227.09876543209876
13268,20222,16643,75,2022,221.90666666666667
13268,20232,15636,74,2023,211.2972972972973
13268,20242,18998,86,2024,220.90697674418604
13300,20222,33896,163,2022,207.95092024539878
13300,20232,33274,156,2023,213.2948717948718
13300,20242,27338,129,2024,211.92248062015503
13430,20221,4978,24,2022,207.41666666666666
13430,20222,382847,1662,2022,230.3531889290012
13430,20231,10066,49,2023,205.42857142857142
13430,20232,417691,1756,2023,237.86503416856493
13430,20241,6380,31,2024,205.80645161290323
13430,20242,387378,1623,2024,238.68022181146026
13430,20251,11430,59,2025,193.72881355932202
13433,20222,86899,429,2022,202.56177156177156
13433,20232,80934,396,2023,204.37878787878788
13433,20241,704,3,2024,234.66666666666666
13433,20242,76694,381,2024,201.29658792650918
13433,20251,2839,14,2025,202.78571428571428
13440,20222,38087,174,2022,218.89080459770116
13440,20232,29658,136,2023,218.0735294117647
13440,20242,34398,160,2024,214.9875
13442,20221,518,3,2022,172.66666666666666
13442,20222,122161,599,2022,203.9415692821369
13442,20232,128042,623,2023,205.52487961476726
13442,20242,127794,637,2024,200.61852433281004
13458,20222,11673,56,2022,208.44642857142858
13458,20232,15217,72,2023,211.34722222222223
13458,20242,19085,91,2024,209.72527472527472
13468,20222,143012,652,2022,219.3435582822086
13468,20232,138313,625,2023,221.3008
13468,20242,125684,560,2024,224.43571428571428
13473,20222,48097,233,2022,206.42489270386267
13473,20232,42900,202,2023,212.37623762376236
13473,20242,45062,215,2024,209.5906976744186
13490,20222,9709,43,2022,225.7906976744186
13490,20232,9715,42,2023,231.3095238095238
13490,20242,9939,47,2024,211.46808510638297
13549,20222,64499,317,2022,203.46687697160883
13549,20232,68201,343,2023,198.83673469387756
13549,20242,59110,298,2024,198.35570469798657
13580,20222,12627,67,2022,188.46268656716418
13580,20232,2703,14,2023,193.07142857142858
13580,20242,11056,54,2024,204.74074074074073
13600,20222,17500,84,2022,208.33333333333334
13600,20232,10623,48,2023,221.3125
13600,20242,18535,88,2024,210.625
13620,20222,16923,84,2022,201.46428571428572
13620,20232,19572,94,2023,208.2127659574468
13620,20242,18655,94,2024,198.45744680851064
13647,20222,41223,207,2022,199.14492753623188
13647,20232,56602,279,2023,202.87455197132616
13647,20242,44293,214,2024,206.97663551401868
13650,20222,26378,126,2022,209.34920634920636
13650,20232,21655,105,2023,206.23809523809524
13650,20242,22765,105,2024,216.8095238095238
13654,20222,69447,291,2022,238.64948453608247
13654,20232,86273,354,2023,243.7090395480226
13654,20242,76130,318,2024,239.40251572327045
13655,20222,22443,108,2022,207.80555555555554
13655,20232,21430,103,2023,208.05825242718447
13655,20242,21588,103,2024,209.59223300970874
13657,20222,106784,469,2022,227.68443496801706
13657,20232,102350,436,2023,234.74770642201835
13657,20242,117488,515,2024,228.13203883495146
13667,20222,47626,225,2022,211.67111111111112
13667,20232,47750,225,2023,212.22222222222223
13667,20242,55520,263,2024,211.10266159695817
13670,20222,64084,286,2022,224.06993006993008
13670,20232,75215,335,2023,224.52238805970148
13670,20242,83401,363,2024,229.7548209366391
13673,20221,211,1,2022,211.0
13673,20222,34790,162,2022,214.7530864197531
13673,20232,44761,206,2023,217.2864077669903
13673,20241,1557,8,2024,194.625
13673,20242,42301,188,2024,225.00531914893617
13683,20222,37408,180,2022,207.82222222222222
13683,20232,48165,223,2023,215.9865470852018
13683,20242,46410,213,2024,217.88732394366198
13688,20222,96815,379,2022,255.4485488126649
13688,20232,105534,412,2023,256.1504854368932
13688,20242,114513,454,2024,252.23127753303964
13744,20222,34070,146,2022,233.35616438356163
13744,20232,38629,161,2023,239.93167701863354
13744,20242,42833,174,2024,246.16666666666666
13760,20222,23644,115,2022,205.6
13760,20232,25008,116,2023,215.58620689655172
13760,20242,22421,108,2024,207.60185185185185
13780,20222,37945,182,2022,208.48901098901098
13780,20232,42361,202,2023,209.70792079207922
13780,20242,42179,203,2024,207.7783251231527
13810,20222,35354,170,2022,207.96470588235294
13810,20232,43711,214,2023,204.2570093457944
13810,20242,47594,227,2024,209.66519823788545
13836,20222,313733,1244,2022,252.19694533762058
13836,20232,318494,1220,2023,261.0606557377049
13836,20241,4256,20,2024,212.8
13836,20242,353526,1379,2024,256.36403190717914
13836,20251,5374,25,2025,214.96
13838,20222,37447,176,2022,212.76704545454547
13838,20232,53630,254,2023,211.14173228346456
13838,20242,50473,231,2024,218.4978354978355
13873,20222,61557,295,2022,208.6677966101695
13873,20232,63129,301,2023,209.73089700996678
13873,20242,53392,250,2024,213.568
13894,20221,365,2,2022,182.5
13894,20222,37499,181,2022,207.1767955801105
13894,20231,730,4,2023,182.5
13894,20232,31729,151,2023,210.12582781456953
13894,20242,28953,131,2024,221.01526717557252
15001,20221,8020,33,2022,243.03030303030303
15001,20222,756239,2644,2022,286.0208018154312
15001,20231,13153,53,2023,248.16981132075472
15001,20232,808819,2830,2023,285.8017667844523
15001,20241,10972,43,2024,255.1627906976744
15001,20242,788586,2763,2024,285.40933767643867
15001,20251,20594,78,2025,264.02564102564105
15022,20222,3088,12,2022,257.3333333333333
15022,20232,3842,15,2023,256.1333333333333
15022,20242,2733,11,2024,248.45454545454547
15047,20222,33183,137,2022,242.21167883211677
15047,20232,43517,175,2023,248.66857142857143
15047,20242,40942,162,2024,252.7283950617284
15051,20222,16443,65,2022,252.96923076923076
15051,20232,17633,66,2023,267.1666666666667
15051,20242,17915,70,2024,255.92857142857142
15087,20222,23949,95,2022,252.09473684210528
15087,20232,30653,116,2023,264.25
15087,20242,29963,112,2024,267.5267857142857
15090,20222,6611,24,2022,275.4583333333333
15090,20232,5773,22,2023,262.40909090909093
15090,20242,5255,19,2024,276.57894736842104
15092,20222,4278,16,2022,267.375
15092,20232,5287,20,2023,264.35
15092,20242,2451,9,2024,272.3333333333333
15097,20222,14266,55,2022,259.3818181818182
15097,20232,15494,57,2023,271.82456140350877
15097,20242,18798,69,2024,272.4347826086956
15104,20222,13449,54,2022,249.05555555555554
15104,20232,14064,53,2023,265.35849056603774
15104,20242,19993,76,2024,263.0657894736842
15106,20222,3982,15,2022,265.46666666666664
15106,20232,5251,22,2023,238.6818181818182
15106,20242,8697,33,2024,263.54545454545456
15109,20222,18089,69,2022,262.15942028985506
15109,20232,16024,64,2023,250.375
15109,20242,15952,62,2024,257.2903225806452
15114,20222,1780,7,2022,254.28571428571428
15114,20232,1525,6,2023,254.16666666666666
15114,20242,2440,10,2024,244.0
15131,20222,9710,39,2022,248.97435897435898
15131,20232,11317,45,2023,251.48888888888888
15131,20242,8130,33,2024,246.36363636363637
15135,20222,7260,29,2022,250.3448275862069
15135,20232,8316,33,2023,252.0
15135,20242,6363,24,2024,265.125
15162,20222,10537,39,2022,270.1794871794872
15162,20232,15705,56,2023,280.44642857142856
15162,20242,12590,45,2024,279.77777777777777
15172,20222,8384,33,2022,254.06060606060606
15172,20232,5668,22,2023,257.6363636363636
15172,20242,6577,26,2024,252.96153846153845
15176,20221,289,1,2022,289.0
15176,20222,233151,879,2022,265.2457337883959
15176,20232,257906,959,2023,268.9322210636079
15176,20242,242917,904,2024,268.71349557522126
15180,20222,7266,29,2022,250.55172413793105
15180,20231,3988,18,2023,221.55555555555554
15180,20232,10241,45,2023,227.57777777777778
15180,20242,10120,41,2024,246.82926829268294
15183,20222,27990,121,2022,231.32231404958677
15183,20232,26247,113,2023,232.27433628318585
15183,20242,22692,98,2024,231.55102040816325
15185,20222,14665,61,2022,240.40983606557376
15185,20232,16647,69,2023,241.2608695652174
15185,20242,11175,48,2024,232.8125
15187,20222,5446,22,2022,247.54545454545453
15187,20232,6628,25,2023,265.12
15187,20242,7048,26,2024,271.0769230769231
15189,20222,12652,48,2022,263.5833333333333
15189,20232,16494,58,2023,284.37931034482756
15189,20242,13611,50,2024,272.22
15204,20222,27231,102,2022,266.97058823529414
15204,20232,36138,131,2023,275.8625954198473
15204,20242,31311,112,2024,279.5625
15212,20222,6649,27,2022,246.25925925925927
15212,20232,6524,26,2023,250.92307692307693
15212,20242,5644,23,2024,245.3913043478261
15215,20222,6471,24,2022,269.625
15215,20232,7735,28,2023,276.25
15215,20242,6799,24,2024,283.2916666666667
15218,20222,7082,28,2022,252.92857142857142
15218,20232,6250,25,2023,250.0
15218,20242,7992,34,2024,235.05882352941177
15223,20222,12131,49,2022,247.57142857142858
15223,20232,15009,58,2023,258.7758620689655
15223,20242,12024,46,2024,261.39130434782606
15224,20222,16092,64,2022,251.4375
15224,20232,15500,64,2023,242.1875
15224,20242,12069,48,2024,251.4375
15226,20222,4873,19,2022,256.4736842105263
15226,20232,6587,24,2023,274.4583333333333
15226,20242,7456,29,2024,257.1034482758621
15232,20222,9140,40,2022,228.5
15232,20232,10341,41,2023,252.21951219512195
15232,20242,13737,52,2024,264.1730769230769
15236,20222,6048,25,2022,241.92
15236,20232,6259,24,2023,260.7916666666667
15236,20242,5581,22,2024,253.6818181818182
15238,20221,14089,59,2022,238.79661016949152
15238,20222,521503,1853,2022,281.43712898003236
15238,20231,15513,62,2023,250.20967741935485
15238,20232,573879,2034,2023,282.14306784660766
15238,20241,12650,53,2024,238.67924528301887
15238,20242,562484,1972,2024,285.2352941176471
15238,20251,11434,47,2025,243.27659574468086
15244,20222,12286,48,2022,255.95833333333334
15244,20232,13885,51,2023,272.2549019607843
15244,20242,13577,49,2024,277.0816326530612
15248,20222,7636,29,2022,263.3103448275862
15248,20232,10554,42,2023,251.28571428571428
15248,20242,9575,38,2024,251.97368421052633
15272,20222,17527,67,2022,261.5970149253731
15272,20232,19145,74,2023,258.7162162162162
15272,20242,21234,81,2024,262.14814814814815
15276,20222,8422,32,2022,263.1875
15276,20232,10728,41,2023,261.6585365853659
15276,20242,11178,42,2024,266.14285714285717
15293,20222,10086,45,2022,224.13333333333333
15293,20232,10512,41,2023,256.390243902439
15293,20242,9642,39,2024,247.23076923076923
15296,20222,11142,46,2022,242.2173913043478
15296,20232,17066,69,2023,247.33333333333334
15296,20242,15301,64,2024,239.078125
15299,20222,47926,181,2022,264.78453038674036
15299,20232,56565,207,2023,273.2608695652174
15299,20242,63660,232,2024,274.3965517241379
15317,20222,5984,22,2022,272.0
15317,20232,6318,24,2023,263.25
15317,20242,2670,9,2024,296.6666666666667
15322,20222,27774,109,2022,254.80733944954127
15322,20232,42127,160,2023,263.29375
15322,20242,32807,123,2024,266.7235772357724
15325,20222,8299,32,2022,259.34375
15325,20232,10932,44,2023,248.45454545454547
15325,20242,8116,30,2024,270.53333333333336
15332,20222,12577,51,2022,246.6078431372549
15332,20232,16505,65,2023,253.92307692307693
15332,20242,9806,38,2024,258.05263157894734
15362,20222,8872,32,2022,277.25
15362,20232,2033,7,2023,290.42857142857144
15362,20242,3522,13,2024,270.9230769230769
15367,20222,19630,76,2022,258.2894736842105
15367,20232,25949,96,2023,270.3020833333333
15367,20242,24834,95,2024,261.41052631578947
15368,20222,11828,46,2022,257.1304347826087
15368,20232,10013,44,2023,227.5681818181818
15368,20242,11032,48,2024,229.83333333333334
15377,20222,5812,23,2022,252.69565217391303
15377,20232,6495,28,2023,231.96428571428572
15377,20242,8418,33,2024,255.0909090909091
15380,20222,7779,30,2022,259.3
15380,20232,6776,28,2023,242.0
15380,20242,7785,31,2024,251.1290322580645
15401,20222,1904,8,2022,238.0
15401,20232,4401,17,2023,258.88235294117646
15401,20242,3101,13,2024,238.53846153846155
15403,20222,6887,26,2022,264.88461538461536
15403,20232,7501,30,2023,250.03333333333333
15403,20242,5204,20,2024,260.2
15407,20222,52498,193,2022,272.0103626943005
15407,20231,943,4,2023,235.75
15407,20232,58173,204,2023,285.1617647058824
15407,20242,55647,196,2024,283.91326530612247
15425,20222,9418,38,2022,247.8421052631579
15425,20232,10115,40,2023,252.875
15425,20242,14421,55,2024,262.2
15442,20222,14661,60,2022,244.35
15442,20232,16047,67,2023,239.50746268656715
15442,20242,9283,39,2024,238.02564102564102
15455,20222,22367,82,2022,272.7682926829268
15455,20232,26251,95,2023,276.3263157894737
15455,20242,31637,120,2024,263.64166666666665
15464,20222,9855,41,2022,240.3658536585366
15464,20232,10887,46,2023,236.67391304347825
15464,20242,13216,55,2024,240.29090909090908
15466,20222,10711,46,2022,232.84782608695653
15466,20232,15832,63,2023,251.3015873015873
15466,20242,14725,56,2024,262.94642857142856
15469,20222,65494,254,2022,257.8503937007874
15469,20232,55899,221,2023,252.93665158371041
15469,20242,74682,281,2024,265.7722419928826
15476,20222,9716,40,2022,242.9
15476,20232,14833,59,2023,251.40677966101694
15476,20242,14174,59,2024,240.23728813559322
15480,20222,22818,93,2022,245.3548387096774
15480,20232,22967,93,2023,246.95698924731184
15480,20242,25837,103,2024,250.84466019417476
15491,20222,49814,176,2022,283.03409090909093
15491,20232,44504,151,2023,294.72847682119203
15491,20242,57533,198,2024,290.57070707070704
15494,20222,13037,53,2022,245.9811320754717
15494,20232,17896,71,2023,252.05633802816902
15494,20242,19138,76,2024,251.81578947368422
15500,20222,7998,28,2022,285.64285714285717
15500,20232,10447,38,2023,274.92105263157896
15500,20242,9211,33,2024,279.1212121212121
15507,20222,24400,104,2022,234.6153846153846
15507,20232,20687,86,2023,240.54651162790697
15507,20242,21723,90,2024,241.36666666666667
15511,20222,4452,18,2022,247.33333333333334
15511,20232,4495,17,2023,264.4117647058824
15511,20242,5111,21,2024,243.38095238095238
15514,20222,8187,31,2022,264.0967741935484
15514,20232,11500,43,2023,267.4418604651163
15514,20242,10779,39,2024,276.38461538461536
15516,20222,122775,417,2022,294.42446043165467
15516,20232,143692,488,2023,294.45081967213116
15516,20242,132827,438,2024,303.2579908675799
15518,20222,5193,20,2022,259.65
15518,20232,4491,17,2023,264.1764705882353
15518,20242,5054,22,2024,229.72727272727272
15522,20222,6766,28,2022,241.64285714285714
15522,20232,10242,39,2023,262.61538461538464
15522,20242,6954,27,2024,257.55555555555554
15531,20222,22298,93,2022,239.76344086021504
15531,20232,21564,89,2023,242.2921348314607
15531,20241,344,2,2024,172.0
15531,20242,20643,83,2024,248.710843373494
15533,20222,7580,32,2022,236.875
15533,20232,6957,28,2023,248.46428571428572
15533,20242,4449,18,2024,247.16666666666666
15537,20222,11310,44,2022,257.04545454545456
15537,20232,10048,40,2023,251.2
15537,20242,12554,48,2024,261.5416666666667
15542,20222,13656,55,2022,248.29090909090908
15542,20232,17591,69,2023,254.94202898550725
15542,20242,18490,70,2024,264.14285714285717
15550,20222,2565,10,2022,256.5
15550,20232,5073,21,2023,241.57142857142858
15550,20242,3175,13,2024,244.23076923076923
15572,20222,141478,591,2022,239.38747884940778
15572,20232,159529,651,2023,245.0522273425499
15572,20242,154149,619,2024,249.02907915993538
15580,20222,15847,66,2022,240.1060606060606
15580,20232,15589,63,2023,247.44444444444446
15580,20242,14236,58,2024,245.44827586206895
15599,20222,32416,129,2022,251.28682170542635
15599,20232,40497,154,2023,262.96753246753246
15599,20242,39653,151,2024,262.6026490066225
15600,20222,14158,57,2022,248.3859649122807
15600,20232,15001,57,2023,263.17543859649123
15600,20242,20803,79,2024,263.32911392405066
15621,20222,6226,23,2022,270.69565217391306
15621,20232,7767,28,2023,277.39285714285717
15621,20242,8273,29,2024,285.2758620689655
15632,20222,38378,155,2022,247.6
15632,20232,43425,174,2023,249.56896551724137
15632,20242,42460,168,2024,252.73809523809524
15638,20222,13336,55,2022,242.47272727272727
15638,20232,15117,61,2023,247.81967213114754
15638,20242,14842,58,2024,255.89655172413794
15646,20222,63447,239,2022,265.4686192468619
15646,20232,63695,233,2023,273.3690987124464
15646,20242,67411,239,2024,282.0543933054393
15660,20222,4006,14,2022,286.14285714285717
15660,20232,6846,27,2023,253.55555555555554
15660,20242,5076,19,2024,267.1578947368421
15664,20222,11130,43,2022,258.83720930232556
15664,20232,10442,42,2023,248.61904761904762
15664,20242,6740,27,2024,249.62962962962962
15667,20222,11590,45,2022,257.55555555555554
15667,20232,16892,66,2023,255.93939393939394
15667,20242,15221,61,2024,249.52459016393442
15673,20222,8135,31,2022,262.4193548387097
15673,20232,10958,42,2023,260.9047619047619
15673,20242,8569,31,2024,276.4193548387097
15676,20222,12090,50,2022,241.8
15676,20232,16267,64,2023,254.171875
15676,20242,13477,54,2024,249.57407407407408
15681,20222,16636,71,2022,234.30985915492957
15681,20232,21925,94,2023,233.24468085106383
15681,20242,17540,72,2024,243.61111111111111
15686,20222,17529,72,2022,243.45833333333334
15686,20232,23996,101,2023,237.58415841584159
15686,20242,16823,70,2024,240.32857142857142
15690,20222,4530,17,2022,266.47058823529414
15690,20232,9089,35,2023,259.6857142857143
15690,20242,9308,34,2024,273.7647058823529
15693,20222,27737,100,2022,277.37
15693,20232,37765,134,2023,281.82835820895525
15693,20242,37118,129,2024,287.73643410852713
15696,20222,5558,23,2022,241.65217391304347
15696,20232,8071,33,2023,244.57575757575756
15696,20242,5888,22,2024,267.6363636363636
15720,20222,6447,27,2022,238.77777777777777
15720,20232,4971,20,2023,248.55
15720,20242,4721,20,2024,236.05
15723,20222,4576,18,2022,254.22222222222223
15723,20232,3501,14,2023,250.07142857142858
15723,20242,6518,26,2024,250.69230769230768
15740,20222,23356,95,2022,245.85263157894738
15740,20232,25981,108,2023,240.5648148148148
15740,20242,31067,124,2024,250.54032258064515
15753,20222,28765,108,2022,266.3425925925926
15753,20232,33481,125,2023,267.848
15753,20242,29825,108,2024,276.1574074074074
15755,20222,17883,69,2022,259.17391304347825
15755,20232,24161,96,2023,251.67708333333334
15755,20242,22455,89,2024,252.30337078651687
15757,20222,22883,90,2022,254.25555555555556
15757,20232,29874,118,2023,253.16949152542372
15757,20242,36120,142,2024,254.3661971830986
15759,20221,6700,27,2022,248.14814814814815
15759,20222,591071,2115,2022,279.4661938534279
15759,20231,754,3,2023,251.33333333333334
15759,20232,590962,2099,2023,281.5445450214388
15759,20241,5699,23,2024,247.7826086956522
15759,20242,579076,2052,2024,282.2007797270955
15759,20251,4789,20,2025,239.45
15761,20222,10747,43,2022,249.93023255813952
15761,20232,11216,46,2023,243.82608695652175
15761,20242,7395,30,2024,246.5
15762,20222,11603,46,2022,252.2391304347826
15762,20232,11834,44,2023,268.95454545454544
15762,20242,8699,34,2024,255.85294117647058
15763,20222,17682,70,2022,252.6
15763,20232,22892,91,2023,251.56043956043956
15763,20242,18471,68,2024,271.63235294117646
15764,20222,37788,137,2022,275.82481751824815
15764,20232,48968,175,2023,279.81714285714287
15764,20242,46568,164,2024,283.9512195121951
15774,20222,5492,23,2022,238.7826086956522
15774,20232,6141,23,2023,267.0
15774,20242,5794,24,2024,241.41666666666666
15776,20222,13340,53,2022,251.69811320754718
15776,20232,13616,57,2023,238.87719298245614
15776,20242,13957,55,2024,253.76363636363635
15778,20222,8893,36,2022,247.02777777777777
15778,20232,7537,29,2023,259.8965517241379
15778,20242,6748,27,2024,249.92592592592592
15790,20222,16670,66,2022,252.57575757575756
15790,20232,21761,84,2023,259.0595238095238
15790,20242,18452,69,2024,267.42028985507244
15798,20222,11293,42,2022,268.8809523809524
15798,20232,11112,40,2023,277.8
15798,20242,8915,32,2024,278.59375
15804,20222,24749,100,2022,247.49
15804,20232,24054,91,2023,264.3296703296703
15804,20242,23147,87,2024,266.0574712643678
15806,20222,26849,98,2022,273.96938775510205
15806,20232,44639,167,2023,267.29940119760477
15806,20242,31271,115,2024,271.9217391304348
15808,20222,10392,39,2022,266.46153846153845
15808,20232,5860,23,2023,254.7826086956522
15808,20242,10294,37,2024,278.2162162162162
15810,20222,7173,28,2022,256.17857142857144
15810,20232,9529,37,2023,257.5405405405405
15810,20242,8968,32,2024,280.25
15814,20222,30659,123,2022,249.260162601626
15814,20232,27995,110,2023,254.5
15814,20242,32128,126,2024,254.984126984127
15816,20222,10119,41,2022,246.8048780487805
15816,20232,13512,53,2023,254.9433962264151
15816,20242,13588,55,2024,247.05454545454546
15820,20222,6928,27,2022,256.5925925925926
15820,20232,6237,24,2023,259.875
15820,20242,9993,37,2024,270.0810810810811
15822,20222,14366,57,2022,252.03508771929825
15822,20232,14545,58,2023,250.77586206896552
15822,20242,11757,48,2024,244.9375
15832,20222,5203,25,2022,208.12
15832,20232,6917,28,2023,247.03571428571428
15832,20242,4373,18,2024,242.94444444444446
15835,20222,33629,127,2022,264.79527559055117
15835,20232,32552,123,2023,264.650406504065
15835,20242,34694,126,2024,275.3492063492063
15837,20222,32805,122,2022,268.89344262295083
15837,20232,36341,135,2023,269.1925925925926
15837,20242,34743,125,2024,277.944
15839,20222,5333,23,2022,231.8695652173913
15839,20232,7792,32,2023,243.5
15839,20242,4072,16,2024,254.5
15842,20222,17216,69,2022,249.5072463768116
15842,20232,18426,71,2023,259.5211267605634
15842,20242,24775,97,2024,255.41237113402062
15861,20222,46809,184,2022,254.39673913043478
15861,20232,55519,219,2023,253.51141552511416
15861,20242,50764,196,2024,259.0
15879,20222,6965,29,2022,240.17241379310346
15879,20232,5096,20,2023,254.8
15879,20242,6483,25,2024,259.32
15897,20222,16038,63,2022,254.57142857142858
15897,20232,18117,73,2023,248.17808219178082
15897,20242,14405,61,2024,236.14754098360655
17001,20221,39117,133,2022,294.1127819548872
17001,20222,1102368,4135,2022,266.5944377267231
17001,20231,34997,122,2023,286.8606557377049
17001,20232,1130161,4214,2023,268.1919791172283
17001,20241,39314,136,2024,289.0735294117647
17001,20242,1065609,3986,2024,267.3379327646764
17001,20251,33668,115,2025,292.76521739130436
17013,20222,64800,247,2022,262.3481781376518
17013,20232,64532,251,2023,257.0996015936255
17013,20242,60527,245,2024,247.04897959183674
17042,20222,77892,318,2022,244.9433962264151
17042,20232,81559,326,2023,250.18098159509202
17042,20242,80239,322,2024,249.18944099378882
17050,20222,41992,179,2022,234.59217877094972
17050,20232,40237,171,2023,235.30409356725147
17050,20242,36666,157,2024,233.54140127388536
17088,20222,23218,99,2022,234.5252525252525
17088,20232,23156,94,2023,246.3404255319149
17088,20242,20221,80,2024,252.7625
17174,20222,125758,499,2022,252.02004008016033
17174,20232,132792,513,2023,258.85380116959067
17174,20242,125270,484,2024,258.8223140495868
17174,20251,1221,6,2025,203.5
17272,20222,19860,77,2022,257.9220779220779
17272,20232,18849,80,2023,235.6125
17272,20242,13732,54,2024,254.2962962962963
17380,20221,1965,9,2022,218.33333333333334
17380,20222,181275,735,2022,246.6326530612245
17380,20231,175,1,2023,175.0
17380,20232,178021,719,2023,247.59527121001392
17380,20241,661,3,2024,220.33333333333334
17380,20242,180452,743,2024,242.86944818304173
17388,20222,14136,58,2022,243.72413793103448
17388,20232,15919,69,2023,230.71014492753622
17388,20242,13971,59,2024,236.79661016949152
17433,20222,41725,180,2022,231.80555555555554
17433,20232,44332,179,2023,247.66480446927375
17433,20242,48268,188,2024,256.74468085106383
17442,20222,17118,79,2022,216.68354430379748
17442,20232,17998,79,2023,227.8227848101266
17442,20242,13263,58,2024,228.67241379310346
17444,20222,41477,171,2022,242.55555555555554
17444,20232,48075,197,2023,244.03553299492387
17444,20242,49532,198,2024,250.16161616161617
17446,20222,5182,23,2022,225.30434782608697
17446,20232,4573,20,2023,228.65
17446,20242,5597,25,2024,223.88
17486,20222,52342,212,2022,246.89622641509433
17486,20232,52978,217,2023,244.13824884792626
17486,20242,60760,240,2024,253.16666666666666
17495,20222,21618,97,2022,222.8659793814433
17495,20232,22029,95,2023,231.8842105263158
17495,20242,21523,95,2024,226.55789473684212
17513,20222,34321,142,2022,241.69718309859155
17513,20232,41551,174,2023,238.79885057471265
17513,20242,32737,134,2024,244.30597014925374
17524,20222,42233,178,2022,237.26404494382024
17524,20232,35760,146,2023,244.93150684931507
17524,20242,35381,147,2024,240.68707482993196
17541,20221,1638,8,2022,204.75
17541,20222,63345,261,2022,242.70114942528735
17541,20231,1900,9,2023,211.11111111111111
17541,20232,58484,238,2023,245.7310924369748
17541,20242,55994,226,2024,247.76106194690266
17614,20221,1498,7,2022,214.0
17614,20222,130747,544,2022,240.34375
17614,20232,144414,584,2023,247.28424657534248
17614,20241,840,4,2024,210.0
17614,20242,162933,661,2024,246.49470499243571
17614,20251,460,2,2025,230.0
17616,20222,32999,138,2022,239.1231884057971
17616,20232,27383,116,2023,236.06034482758622
17616,20242,23263,95,2024,244.8736842105263
17653,20222,42754,173,2022,247.13294797687863
17653,20232,36333,147,2023,247.16326530612244
17653,20242,33777,139,2024,243.0
17662,20222,58024,236,2022,245.864406779661
17662,20232,55526,227,2023,244.6079295154185
17662,20242,51243,210,2024,244.0142857142857
17665,20222,13531,62,2022,218.24193548387098
17665,20232,15947,67,2023,238.01492537313433
17665,20242,13898,58,2024,239.6206896551724
17777,20222,85062,379,2022,224.43799472295515
17777,20232,81175,353,2023,229.95750708215297
17777,20242,86009,375,2024,229.35733333333334
17867,20222,28629,127,2022,225.4251968503937
17867,20231,673,4,2023,168.25
17867,20232,25996,116,2023,224.10344827586206
17867,20242,26539,114,2024,232.7982456140351
17873,20221,31652,94,2022,336.72340425531917
17873,20222,165309,643,2022,257.0902021772939
17873,20231,26264,80,2023,328.3
17873,20232,148677,576,2023,258.1197916666667
17873,20241,24831,76,2024,326.7236842105263
17873,20242,159939,618,2024,258.8009708737864
17873,20251,24845,75,2025,331.26666666666665
17877,20222,34806,141,2022,246.85106382978722
17877,20231,165,1,2023,165.0
17877,20232,31120,127,2023,245.03937007874015
17877,20242,32708,135,2024,242.28148148148148
18001,20221,9044,42,2022,215.33333333333334
18001,20222,502248,1986,2022,252.89425981873111
18001,20231,12836,59,2023,217.5593220338983
18001,20232,511519,1987,2023,257.43281328636135
18001,20241,14254,67,2024,212.7462686567164
18001,20242,514161,1993,2024,257.98344204716506
18001,20251,30420,137,2025,222.04379562043795
18029,20222,12166,52,2022,233.96153846153845
18029,20232,11033,47,2023,234.74468085106383
18029,20242,9681,40,2024,242.025
18094,20222,21420,93,2022,230.32258064516128
18094,20232,30816,136,2023,226.58823529411765
18094,20242,27530,122,2024,225.65573770491804
18150,20222,53035,234,2022,226.64529914529913
18150,20232,58629,252,2023,232.6547619047619
18150,20242,68611,302,2024,227.1887417218543
18205,20222,19739,91,2022,216.9120879120879
18205,20232,24804,110,2023,225.4909090909091
18205,20242,21068,95,2024,221.76842105263157
18247,20222,61131,251,2022,243.54980079681275
18247,20232,65124,264,2023,246.6818181818182
18247,20242,57585,227,2024,253.6784140969163
18256,20221,3615,17,2022,212.64705882352942
18256,20222,29337,114,2022,257.3421052631579
18256,20231,2464,11,2023,224.0
18256,20232,28309,111,2023,255.03603603603602
18256,20242,25388,97,2024,261.7319587628866
18410,20222,23617,101,2022,233.83168316831683
18410,20232,28011,120,2023,233.425
18410,20242,20012,84,2024,238.23809523809524
18460,20222,17435,83,2022,210.06024096385542
18460,20232,12521,56,2023,223.58928571428572
18460,20242,10523,49,2024,214.75510204081633
18479,20222,7273,34,2022,213.91176470588235
18479,20232,4108,17,2023,241.64705882352942
18479,20242,4443,18,2024,246.83333333333334
18592,20221,232,1,2022,232.0
18592,20222,43452,191,2022,227.4973821989529
18592,20232,51743,222,2023,233.07657657657657
18592,20242,51644,215,2024,240.2046511627907
18610,20222,36849,164,2022,224.6890243902439
18610,20232,40628,174,2023,233.49425287356323
18610,20242,38876,165,2024,235.61212121212122
18753,20222,111776,484,2022,230.94214876033058
18753,20232,129872,559,2023,232.32915921288014
18753,20242,131873,571,2024,230.95096322241682
18756,20222,9162,45,2022,203.6
18756,20232,9776,45,2023,217.24444444444444
18756,20242,13535,62,2024,218.30645161290323
18785,20222,10668,47,2022,226.9787234042553
18785,20232,12143,56,2023,216.83928571428572
18785,20242,13505,60,2024,225.08333333333334
18860,20221,238,1,2022,238.0
18860,20222,11393,48,2022,237.35416666666666
18860,20232,13563,58,2023,233.8448275862069
18860,20242,11234,49,2024,229.26530612244898
19001,20221,213191,722,2022,295.27839335180056
19001,20222,866801,3336,2022,259.8324340527578
19001,20231,205499,701,2023,293.151212553495
19001,20232,935367,3552,2023,263.33530405405406
19001,20241,239493,810,2024,295.6703703703704
19001,20242,984160,3764,2024,261.4665249734325
19001,20251,229508,775,2025,296.13935483870966
19022,20222,32398,147,2022,220.39455782312925
19022,20232,34457,158,2023,218.08227848101265
19022,20242,52504,259,2024,202.71814671814673
19050,20222,38498,166,2022,231.9156626506024
19050,20231,1796,8,2023,224.5
19050,20232,43559,187,2023,232.93582887700535
19050,20241,455,2,2024,227.5
19050,20242,45315,182,2024,248.9835164835165
19075,20222,32420,140,2022,231.57142857142858
19075,20232,40864,163,2023,250.69938650306747
19075,20242,37943,157,2024,241.6751592356688
19100,20222,91401,402,2022,227.36567164179104
19100,20232,94763,415,2023,228.344578313253
19100,20242,86547,369,2024,234.54471544715446
19110,20222,52925,260,2022,203.55769230769232
19110,20232,53356,264,2023,202.1060606060606
19110,20242,54016,261,2024,206.95785440613028
19130,20222,87434,386,2022,226.51295336787564
19130,20232,88411,378,2023,233.89153439153438
19130,20242,73267,309,2024,237.11003236245955
19137,20222,92938,448,2022,207.45089285714286
19137,20232,97056,451,2023,215.20177383592016
19137,20242,84005,388,2024,216.5077319587629
19142,20222,84928,394,2022,215.55329949238578
19142,20232,91461,412,2023,221.99271844660194
19142,20242,88108,403,2024,218.6302729528536
19212,20221,200,1,2022,200.0
19212,20222,59878,264,2022,226.81060606060606
19212,20232,67271,293,2023,229.5938566552901
19212,20242,67964,292,2024,232.75342465753425
19256,20221,781,4,2022,195.25
19256,20222,101390,441,2022,229.9092970521542
19256,20231,4590,23,2023,199.56521739130434
19256,20232,106722,460,2023,232.00434782608696
19256,20241,3077,14,2024,219.78571428571428
19256,20242,120253,508,2024,236.71850393700788
19256,20251,2973,15,2025,198.2
19290,20222,14530,62,2022,234.3548387096774
19290,20232,10892,46,2023,236.7826086956522
19290,20242,14202,58,2024,244.86206896551724
19300,20221,335,2,2022,167.5
19300,20222,36450,182,2022,200.27472527472528
19300,20231,964,5,2023,192.8
19300,20232,40114,191,2023,210.02094240837695
19300,20241,1223,7,2024,174.71428571428572
19300,20242,38195,187,2024,204.25133689839572
19300,20251,621,3,2025,207.0
19318,20222,63043,325,2022,193.97846153846154
19318,20232,59158,299,2023,197.85284280936455
19318,20242,56976,302,2024,188.66225165562915
19355,20222,73232,313,2022,233.96805111821087
19355,20232,79352,326,2023,243.41104294478527
19355,20242,81681,345,2024,236.75652173913045
19364,20222,39483,189,2022,208.9047619047619
19364,20232,45373,210,2023,216.06190476190477
19364,20242,45759,221,2024,207.05429864253395
19392,20222,21241,85,2022,249.89411764705883
19392,20232,25376,103,2023,246.36893203883494
19392,20242,25221,101,2024,249.7128712871287
19397,20222,32759,146,2022,224.37671232876713
19397,20232,31565,142,2023,222.2887323943662
19397,20242,33755,146,2024,231.1986301369863
19418,20222,20622,115,2022,179.3217391304348
19418,20232,22253,119,2023,187.0
19418,20242,29048,155,2024,187.40645161290323
19450,20222,36761,166,2022,221.45180722891567
19450,20232,31207,134,2023,232.88805970149255
19450,20242,37990,162,2024,234.50617283950618
19455,20222,109015,460,2022,236.9891304347826
19455,20232,93528,381,2023,245.48031496062993
19455,20242,101495,412,2024,246.34708737864077
19473,20222,62347,286,2022,217.9965034965035
19473,20232,68704,301,2023,228.25249169435216
19473,20242,83157,362,2024,229.71546961325967
19513,20222,26452,129,2022,205.05426356589146
19513,20232,20250,98,2023,206.6326530612245
19513,20242,18914,95,2024,199.09473684210528
19517,20222,62100,294,2022,211.22448979591837
19517,20232,82120,377,2023,217.82493368700264
19517,20242,69785,323,2024,216.05263157894737
19532,20221,5191,20,2022,259.55
19532,20222,77507,352,2022,220.1903409090909
19532,20231,5259,20,2023,262.95
19532,20232,81039,356,2023,227.6376404494382
19532,20241,4840,17,2024,284.70588235294116
19532,20242,74282,324,2024,229.26543209876544
19532,20251,4083,15,2025,272.2
19533,20222,10662,47,2022,226.85106382978722
19533,20232,7807,32,2023,243.96875
19533,20242,14978,62,2024,241.58064516129033
19548,20222,103573,435,2022,238.09885057471266
19548,20232,123397,518,2023,238.21814671814673
19548,20241,200,1,2024,200.0
19548,20242,106675,447,2024,238.64653243847874
19548,20251,2714,12,2025,226.16666666666666
19573,20221,15131,59,2022,256.45762711864404
19573,20222,94938,452,2022,210.03982300884957
19573,20231,14208,57,2023,249.26315789473685
19573,20232,98917,458,2023,215.9759825327511
19573,20241,13591,55,2024,247.1090909090909
19573,20242,104863,482,2024,217.55809128630705
19573,20251,16920,66,2025,256.3636363636364
19585,20222,27349,118,2022,231.77118644067798
19585,20232,28886,123,2023,234.84552845528455
19585,20242,30546,133,2024,229.66917293233084
19622,20222,22967,96,2022,239.23958333333334
19622,20232,25297,106,2023,238.6509433962264
19622,20242,27527,115,2024,239.36521739130436
19693,20222,19489,87,2022,224.01149425287358
19693,20232,22694,101,2023,224.69306930693068
19693,20242,18854,82,2024,229.9268292682927
19698,20221,3466,18,2022,192.55555555555554
19698,20222,292255,1211,2022,241.33360858794384
19698,20231,9072,45,2023,201.6
19698,20232,326645,1344,2023,243.03943452380952
19698,20241,8087,40,2024,202.175
19698,20242,352197,1485,2024,237.16969696969696
19698,20251,13080,65,2025,201.23076923076923
19701,20222,10196,43,2022,237.11627906976744
19701,20232,10034,44,2023,228.04545454545453
19701,20242,13740,60,2024,229.0
19743,20222,84123,381,2022,220.79527559055117
19743,20232,82584,377,2023,219.0557029177719
19743,20242,82177,375,2024,219.13866666666667
19760,20222,24019,107,2022,224.47663551401868
19760,20232,19982,86,2023,232.34883720930233
19760,20242,20342,88,2024,231.1590909090909
19780,20222,40461,197,2022,205.38578680203045
19780,20232,55788,264,2023,211.3181818181818
19780,20242,38467,183,2024,210.20218579234972
19785,20222,14140,66,2022,214.24242424242425
19785,20232,15653,68,2023,230.19117647058823
19785,20242,9692,42,2024,230.76190476190476
19807,20222,92837,376,2022,246.90691489361703
19807,20232,86283,335,2023,257.56119402985075
19807,20242,86935,344,2024,252.71802325581396
19809,20222,35347,195,2022,181.26666666666668
19809,20232,36861,199,2023,185.23115577889448
19809,20242,34392,189,2024,181.96825396825398
19821,20222,78996,390,2022,202.55384615384617
19821,20232,78627,372,2023,211.36290322580646
19821,20241,2521,13,2024,193.92307692307693
19821,20242,73598,354,2024,207.90395480225988
19821,20251,1491,7,2025,213.0
19824,20222,43192,199,2022,217.04522613065328
19824,20232,38429,175,2023,219.59428571428572
19824,20242,43821,199,2024,220.20603015075378
19845,20222,31991,148,2022,216.15540540540542
19845,20232,37213,173,2023,215.10404624277456
19845,20242,41522,193,2024,215.13989637305698
20001,20221,42413,167,2022,253.97005988023952
20001,20222,1543303,6031,2022,255.89504228154536
20001,20231,46145,190,2023,242.8684210526316
20001,20232,1580783,6074,2023,260.25403358577546
20001,20241,63748,272,2024,234.36764705882354
20001,20242,1642910,6252,2024,262.7815099168266
20001,20251,74455,323,2025,230.5108359133127
20011,20221,36096,179,2022,201.6536312849162
20011,20222,315641,1319,2022,239.303260045489
20011,20231,25223,122,2023,206.74590163934425
20011,20232,339450,1417,2023,239.55539872971065
20011,20241,18504,90,2024,205.6
20011,20242,330849,1339,2024,247.08663181478715
20011,20251,18721,90,2025,208.01111111111112
20013,20221,1061,5,2022,212.2
20013,20222,167602,709,2022,236.39210155148095
20013,20231,1154,6,2023,192.33333333333334
20013,20232,162142,698,2023,232.2951289398281
20013,20241,1562,7,2024,223.14285714285714
20013,20242,172684,750,2024,230.24533333333332
20013,20251,1021,5,2025,204.2
20032,20222,46748,211,2022,221.55450236966826
20032,20232,62898,278,2023,226.25179856115108
20032,20242,57625,258,2024,223.35271317829458
20045,20222,43881,189,2022,232.17460317460316
20045,20232,48729,211,2023,230.9431279620853
20045,20242,50901,222,2024,229.28378378378378
20060,20222,118372,539,2022,219.61410018552877
20060,20232,126045,564,2023,223.4840425531915
20060,20242,107761,450,2024,239.4688888888889
20175,20221,313,2,2022,156.5
20175,20222,97190,449,2022,216.45879732739422
20175,20232,115439,523,2023,220.7246653919694
20175,20242,97953,442,2024,221.6131221719457
20178,20222,59624,271,2022,220.01476014760146
20178,20231,2937,15,2023,195.8
20178,20232,77424,346,2023,223.76878612716763
20178,20241,862,5,2024,172.4
20178,20242,82687,374,2024,221.08823529411765
20228,20222,108951,455,2022,239.45274725274726
20228,20232,107140,453,2023,236.5121412803532
20228,20242,119210,504,2024,236.52777777777777
20238,20222,82911,348,2022,238.25
20238,20232,93272,384,2023,242.89583333333334
20238,20242,83806,347,2024,241.5158501440922
20238,20251,204,1,2025,204.0
20250,20222,94010,423,2022,222.24586288416074
20250,20232,126069,547,2023,230.47349177330895
20250,20242,113528,495,2024,229.34949494949495
20295,20222,23405,108,2022,216.71296296296296
20295,20232,32193,144,2023,223.5625
20295,20242,25786,114,2024,226.19298245614036
20310,20222,10498,40,2022,262.45
20310,20232,13990,55,2023,254.36363636363637
20310,20242,10601,41,2024,258.5609756097561
20383,20222,37311,167,2022,223.4191616766467
20383,20232,41473,176,2023,235.64204545454547
20383,20242,43833,188,2024,233.15425531914894
20400,20222,117745,505,2022,233.15841584158414
20400,20232,143144,609,2023,235.04761904761904
20400,20242,145445,608,2024,239.21875
20443,20222,35022,147,2022,238.24489795918367
20443,20232,42818,177,2023,241.909604519774
20443,20242,45420,189,2024,240.31746031746033
20517,20222,40454,176,2022,229.85227272727272
20517,20231,704,3,2023,234.66666666666666
20517,20232,47506,207,2023,229.4975845410628
20517,20242,42451,182,2024,233.24725274725276
20550,20222,62028,274,2022,226.37956204379563
20550,20232,76173,334,2023,228.062874251497
20550,20242,73311,323,2024,226.969040247678
20570,20222,36620,158,2022,231.77215189873417
20570,20232,44610,188,2023,237.2872340425532
20570,20242,42939,176,2024,243.9715909090909
20614,20222,36477,150,2022,243.18
20614,20232,39652,157,2023,252.56050955414014
20614,20242,39108,150,2024,260.72
20621,20222,70021,304,2022,230.33223684210526
20621,20232,66880,279,2023,239.71326164874552
20621,20242,71354,301,2024,237.0564784053156
20710,20222,56106,225,2022,249.36
20710,20232,62227,235,2023,264.79574468085104
20710,20242,65913,247,2024,266.85425101214577
20750,20221,4481,25,2022,179.24
20750,20222,40548,171,2022,237.12280701754386
20750,20231,4839,25,2023,193.56
20750,20232,45896,190,2023,241.55789473684212
20750,20241,4433,23,2024,192.7391304347826
20750,20242,43329,173,2024,250.45664739884393
20750,20251,5893,30,2025,196.43333333333334
20770,20222,53717,218,2022,246.40825688073394
20770,20232,75754,310,2023,244.36774193548388
20770,20242,61593,248,2024,248.35887096774192
20787,20222,39777,186,2022,213.8548387096774
20787,20232,50449,229,2023,220.3013100436681
20787,20242,45628,207,2024,220.42512077294685
23001,20221,19461,77,2022,252.74025974025975
23001,20222,1568023,6112,2022,256.54826570680626
23001,20231,22624,87,2023,260.04597701149424
23001,20232,1689380,6451,2023,261.87877848395595
23001,20241,27149,104,2024,261.0480769230769
23001,20242,1627723,6039,2024,269.535187945024
23001,20251,30986,115,2025,269.44347826086954
23068,20222,107066,494,2022,216.7327935222672
23068,20232,101004,456,2023,221.5
23068,20241,179,1,2024,179.0
23068,20242,128060,572,2024,223.88111888111888
23079,20221,2964,14,2022,211.71428571428572
23079,20222,59152,274,2022,215.8832116788321
23079,20231,2549,13,2023,196.07692307692307
23079,20232,65593,293,2023,223.8668941979522
23079,20241,3785,18,2024,210.27777777777777
23079,20242,68160,305,2024,223.47540983606558
23079,20251,3827,18,2025,212.61111111111111
23090,20222,45583,206,2022,221.2766990291262
23090,20232,53350,243,2023,219.54732510288065
23090,20242,41154,177,2024,232.5084745762712
23162,20221,391,2,2022,195.5
23162,20222,352437,1442,2022,244.40846047156728
23162,20232,346150,1380,2023,250.83333333333334
23162,20241,1644,8,2024,205.5
23162,20242,348369,1365,2024,255.2153846153846
23168,20222,45246,204,2022,221.7941176470588
23168,20232,45960,199,2023,230.95477386934672
23168,20242,34142,150,2024,227.61333333333334
23182,20221,210,1,2022,210.0
23182,20222,137749,552,2022,249.54528985507247
23182,20231,409,2,2023,204.5
23182,20232,163805,658,2023,248.9437689969605
23182,20241,516,3,2024,172.0
23182,20242,156822,615,2024,254.99512195121952
23182,20251,632,3,2025,210.66666666666666
23189,20222,179779,774,2022,232.27260981912144
23189,20232,174930,739,2023,236.71177266576456
23189,20242,172526,710,2024,242.9943661971831
23300,20222,41451,187,2022,221.66310160427807
23300,20232,39938,177,2023,225.63841807909606
23300,20242,39350,171,2024,230.1169590643275
23350,20222,35287,149,2022,236.8255033557047
23350,20232,40087,168,2023,238.61309523809524
23350,20242,45227,191,2024,236.79057591623035
23417,20222,375113,1605,2022,233.71526479750779
23417,20232,401777,1689,2023,237.87862640615748
23417,20242,386850,1591,2024,243.14896291640477
23419,20222,44105,205,2022,215.14634146341464
23419,20232,46970,213,2023,220.51643192488262
23419,20242,41651,185,2024,225.14054054054054
23464,20222,61970,270,2022,229.5185185185185
23464,20232,50458,222,2023,227.2882882882883
23464,20242,45504,192,2024,237.0
23466,20221,2143,10,2022,214.3
23466,20222,276775,1136,2022,243.63996478873239
23466,20231,210,1,2023,210.0
23466,20232,285964,1153,2023,248.01734605377277
23466,20241,800,4,2024,200.0
23466,20242,284912,1137,2024,250.58223394898857
23466,20251,6541,31,2025,211.0
23500,20222,85237,375,2022,227.29866666666666
23500,20232,77010,341,2023,225.8357771260997
23500,20242,75658,327,2024,231.37003058103974
23555,20222,229787,998,2022,230.24749498997997
23555,20232,231654,983,2023,235.66022380467956
23555,20242,220064,944,2024,233.11864406779662
23570,20222,93753,405,2022,231.48888888888888
23570,20232,100629,437,2023,230.27231121281466
23570,20242,88403,372,2024,237.64247311827958
23574,20222,65840,297,2022,221.68350168350167
23574,20232,75052,338,2023,222.0473372781065
23574,20242,57513,259,2024,222.05791505791507
23580,20222,121769,545,2022,223.42935779816514
23580,20232,118550,531,2023,223.25800376647834
23580,20242,109787,485,2024,226.36494845360824
23586,20222,54813,249,2022,220.13253012048193
23586,20232,48158,216,2023,222.9537037037037
23586,20242,48005,214,2024,224.32242990654206
23660,20222,343020,1371,2022,250.1969365426696
23660,20232,340193,1327,2023,256.3624717407686
23660,20242,372586,1445,2024,257.8449826989619
23670,20222,158691,754,2022,210.4655172413793
23670,20232,156223,717,2023,217.884239888424
23670,20242,135403,616,2024,219.81006493506493
23672,20222,79116,363,2022,217.9504132231405
23672,20232,75187,336,2023,223.77083333333334
23672,20242,68350,302,2024,226.32450331125827
23675,20222,107286,468,2022,229.24358974358975
23675,20232,112836,489,2023,230.74846625766872
23675,20241,203,1,2024,203.0
23675,20242,110067,473,2024,232.6997885835095
23678,20222,68802,317,2022,217.0410094637224
23678,20232,68223,310,2023,220.0741935483871
23678,20242,68932,309,2024,223.0809061488673
23682,20222,22929,112,2022,204.72321428571428
23682,20232,21598,101,2023,213.84158415841586
23682,20242,28494,131,2024,217.5114503816794
23686,20221,2252,12,2022,187.66666666666666
23686,20222,126729,539,2022,235.1187384044527
23686,20232,123317,516,2023,238.98643410852713
23686,20242,122247,493,2024,247.9655172413793
23807,20222,278021,1191,2022,233.4349286314022
23807,20232,294804,1278,2023,230.67605633802816
23807,20241,1063,5,2024,212.6
23807,20242,304143,1285,2024,236.68715953307392
23807,20251,2810,13,2025,216.15384615384616
23815,20222,113726,532,2022,213.77067669172934
23815,20232,123618,581,2023,212.76764199655767
23815,20242,114588,506,2024,226.4584980237154
23855,20222,117050,536,2022,218.37686567164178
23855,20232,121260,537,2023,225.81005586592178
23855,20242,113042,499,2024,226.5370741482966
25001,20222,26116,105,2022,248.72380952380954
25001,20232,26720,107,2023,249.7196261682243
25001,20242,27724,113,2024,245.34513274336283
25019,20222,10814,42,2022,257.4761904761905
25019,20232,11651,47,2023,247.89361702127658
25019,20242,15529,63,2024,246.4920634920635
25035,20222,35693,141,2022,253.1418439716312
25035,20232,46109,186,2023,247.8978494623656
25035,20242,44162,170,2024,259.77647058823527
25040,20222,44071,166,2022,265.4879518072289
25040,20232,37359,143,2023,261.25174825174827
25040,20242,45254,171,2024,264.6432748538012
25053,20222,29796,115,2022,259.09565217391304
25053,20232,33050,127,2023,260.23622047244095
25053,20242,30727,122,2024,251.86065573770492
25086,20222,4497,19,2022,236.68421052631578
25086,20232,4582,20,2023,229.1
25086,20242,4216,19,2024,221.89473684210526
25095,20222,6318,24,2022,263.25
25095,20232,8008,31,2023,258.3225806451613
25095,20242,8077,32,2024,252.40625
25099,20222,29833,121,2022,246.55371900826447
25099,20232,32269,128,2023,252.1015625
25099,20242,35308,136,2024,259.61764705882354
25120,20222,12814,55,2022,232.98181818181817
25120,20232,13502,58,2023,232.79310344827587
25120,20242,14365,61,2024,235.49180327868854
25123,20222,18124,76,2022,238.47368421052633
25123,20232,24111,101,2023,238.72277227722773
25123,20242,24890,103,2024,241.6504854368932
25126,20221,53454,164,2022,325.9390243902439
25126,20222,244593,897,2022,272.67892976588627
25126,20231,56212,173,2023,324.9248554913295
25126,20232,267289,966,2023,276.6966873706004
25126,20241,53575,166,2024,322.7409638554217
25126,20242,282152,1011,2024,279.08209693372896
25126,20251,53366,162,2025,329.41975308641975
25148,20222,32722,133,2022,246.0300751879699
25148,20232,30821,127,2023,242.68503937007873
25148,20242,31328,127,2024,246.6771653543307
25151,20222,52030,206,2022,252.5728155339806
25151,20232,51258,200,2023,256.29
25151,20242,58498,223,2024,262.32286995515693
25154,20222,20363,85,2022,239.56470588235294
25154,20232,20751,83,2023,250.0120481927711
25154,20242,24081,94,2024,256.1808510638298
25168,20222,4935,19,2022,259.7368421052632
25168,20232,8508,33,2023,257.8181818181818
25168,20242,11072,47,2024,235.5744680851064
25175,20221,125271,414,2022,302.5869565217391
25175,20222,478424,1734,2022,275.90772779700114
25175,20231,127206,428,2023,297.2102803738318
25175,20232,531533,1885,2023,281.98037135278514
25175,20241,126544,422,2024,299.86729857819904
25175,20242,561397,1996,2024,281.2610220440882
25175,20251,112527,385,2025,292.2779220779221
25178,20222,22868,85,2022,269.0352941176471
25178,20232,23493,84,2023,279.67857142857144
25178,20242,25952,94,2024,276.0851063829787
25181,20222,41265,155,2022,266.2258064516129
25181,20232,42747,162,2023,263.8703703703704
25181,20242,40790,153,2024,266.60130718954247
25183,20222,63910,244,2022,261.92622950819674
25183,20232,66569,253,2023,263.1185770750988
25183,20242,73265,274,2024,267.3905109489051
25200,20222,81742,309,2022,264.53721682847896
25200,20232,97138,362,2023,268.3370165745856
25200,20242,84136,322,2024,261.2919254658385
25214,20221,44370,134,2022,331.1194029850746
25214,20222,267409,884,2022,302.49886877828055
25214,20231,34952,109,2023,320.6605504587156
25214,20232,259191,855,2023,303.14736842105265
25214,20241,38290,116,2024,330.08620689655174
25214,20242,253558,832,2024,304.75721153846155
25214,20251,46733,140,2025,333.8071428571429
25224,20222,20958,84,2022,249.5
25224,20232,23801,95,2023,250.53684210526316
25224,20242,28676,116,2024,247.20689655172413
25245,20222,64017,261,2022,245.27586206896552
25245,20232,72737,291,2023,249.9553264604811
25245,20242,83445,328,2024,254.40548780487805
25258,20222,9825,38,2022,258.55263157894734
25258,20232,12089,52,2023,232.48076923076923
25258,20242,15290,62,2024,246.61290322580646
25260,20221,609,3,2022,203.0
25260,20222,53817,209,2022,257.4976076555024
25260,20231,1086,5,2023,217.2
25260,20232,68431,261,2023,262.18773946360153
25260,20241,2451,11,2024,222.8181818181818
25260,20242,65304,248,2024,263.3225806451613
25269,20221,13616,63,2022,216.12698412698413
25269,20222,450051,1655,2022,271.93413897280965
25269,20231,10136,45,2023,225.24444444444444
25269,20232,490574,1792,2023,273.7578125
25269,20241,6347,27,2024,235.07407407407408
25269,20242,494273,1786,2024,276.74860022396416
25269,20251,7791,32,2025,243.46875
25279,20222,30298,118,2022,256.76271186440675
25279,20232,34656,137,2023,252.96350364963504
25279,20242,39615,156,2024,253.94230769230768
25281,20222,16621,66,2022,251.83333333333334
25281,20232,18300,74,2023,247.2972972972973
25281,20242,27549,115,2024,239.55652173913043
25286,20221,3318,14,2022,237.0
25286,20222,379025,1419,2022,267.10711768851303
25286,20231,2545,11,2023,231.36363636363637
25286,20232,403474,1501,2023,268.80346435709527
25286,20241,8394,35,2024,239.82857142857142
25286,20242,403154,1470,2024,274.25442176870746
25286,20251,20006,86,2025,232.62790697674419
25288,20222,21941,84,2022,261.20238095238096
25288,20232,25548,96,2023,266.125
25288,20242,35329,130,2024,271.76153846153846
25290,20221,5213,22,2022,236.95454545454547
25290,20222,500823,1924,2022,260.3030145530146
25290,20231,9496,42,2023,226.0952380952381
25290,20232,515247,1973,2023,261.14901165737456
25290,20241,14680,66,2024,222.42424242424244
25290,20242,517884,1980,2024,261.55757575757576
25290,20251,16569,72,2025,230.125
25293,20222,10334,43,2022,240.32558139534885
25293,20232,8297,34,2023,244.02941176470588
25293,20242,12194,48,2024,254.04166666666666
25295,20222,34731,133,2022,261.1353383458647
25295,20232,40089,153,2023,262.01960784313724
25295,20242,52384,192,2024,272.8333333333333
25297,20222,23021,86,2022,267.6860465116279
25297,20232,27995,107,2023,261.6355140186916
25297,20242,30118,114,2024,264.1929824561403
25299,20222,11140,45,2022,247.55555555555554
25299,20232,9899,40,2023,247.475
25299,20242,10172,40,2024,254.3
25307,20221,10402,44,2022,236.4090909090909
25307,20222,320331,1282,2022,249.86817472698908
25307,20231,8274,38,2023,217.73684210526315
25307,20232,351198,1390,2023,252.66043165467627
25307,20241,5393,20,2024,269.65
25307,20242,318511,1254,2024,253.99601275917067
25307,20251,6683,25,2025,267.32
25312,20222,17072,72,2022,237.11111111111111
25312,20232,26053,107,2023,243.48598130841123
25312,20242,20420,82,2024,249.02439024390245
25317,20222,35251,144,2022,244.79861111111111
25317,20232,31612,130,2023,243.16923076923078
25317,20242,37711,151,2024,249.74172185430464
25320,20222,74181,299,2022,248.09698996655518
25320,20232,93080,365,2023,255.013698630137
25320,20241,631,3,2024,210.33333333333334
25320,20242,88706,356,2024,249.17415730337078
25320,20251,1125,5,2025,225.0
25322,20222,48810,187,2022,261.01604278074865
25322,20232,59397,234,2023,253.83333333333334
25322,20242,51242,194,2024,264.1340206185567
25324,20222,4736,22,2022,215.27272727272728
25324,20232,7119,31,2023,229.6451612903226
25324,20242,5903,24,2024,245.95833333333334
25326,20222,13439,52,2022,258.4423076923077
25326,20232,19480,74,2023,263.2432432432432
25326,20242,20947,77,2024,272.038961038961
25328,20222,9648,40,2022,241.2
25328,20232,12857,53,2023,242.58490566037736
25328,20242,13364,51,2024,262.03921568627453
25335,20222,17434,70,2022,249.05714285714285
25335,20232,11421,46,2023,248.2826086956522
25335,20242,14373,57,2024,252.1578947368421
25339,20222,6999,32,2022,218.71875
25339,20232,11307,49,2023,230.75510204081633
25339,20242,8000,34,2024,235.2941176470588
25368,20222,4635,21,2022,220.71428571428572
25368,20232,6014,26,2023,231.30769230769232
25368,20242,7753,31,2024,250.09677419354838
25372,20222,16645,70,2022,237.78571428571428
25372,20232,15880,63,2023,252.06349206349208
25372,20242,13339,56,2024,238.19642857142858
25377,20221,49035,146,2022,335.85616438356163
25377,20222,112695,397,2022,283.86649874055416
25377,20231,55161,164,2023,336.3475609756098
25377,20232,132486,464,2023,285.5301724137931
25377,20241,49263,146,2024,337.4178082191781
25377,20242,129556,450,2024,287.90222222222224
25377,20251,52061,158,2025,329.5
25386,20221,2370,10,2022,237.0
25386,20222,89973,338,2022,266.1923076923077
25386,20231,1081,5,2023,216.2
25386,20232,103582,380,2023,272.5842105263158
25386,20241,4602,19,2024,242.21052631578948
25386,20242,102532,381,2024,269.1128608923884
25386,20251,4439,19,2025,233.6315789473684
25394,20222,26498,111,2022,238.72072072072072
25394,20232,28035,118,2023,237.58474576271186
25394,20242,28566,123,2024,232.2439024390244
25398,20222,13112,56,2022,234.14285714285714
25398,20232,15033,60,2023,250.55
25398,20242,16196,66,2024,245.3939393939394
25402,20222,46021,176,2022,261.48295454545456
25402,20232,52552,211,2023,249.0616113744076
25402,20242,56800,229,2024,248.0349344978166
25407,20222,19519,75,2022,260.25333333333333
25407,20232,33343,130,2023,256.4846153846154
25407,20242,35812,142,2024,252.19718309859155
25426,20222,18465,71,2022,260.07042253521126
25426,20232,19061,71,2023,268.46478873239437
25426,20242,18181,70,2024,259.72857142857146
25430,20222,341700,1274,2022,268.2103610675039
25430,20232,414725,1533,2023,270.5316373124592
25430,20241,222,1,2024,222.0
25430,20242,414491,1511,2024,274.3156849768365
25430,20251,5595,24,2025,233.125
25436,20222,11405,46,2022,247.93478260869566
25436,20232,11095,45,2023,246.55555555555554
25436,20242,7388,29,2024,254.75862068965517
25438,20222,18318,71,2022,258.0
25438,20231,1087,5,2023,217.4
25438,20232,23721,94,2023,252.35106382978722
25438,20242,27153,108,2024,251.41666666666666
25473,20221,3154,14,2022,225.28571428571428
25473,20222,476032,1710,2022,278.3812865497076
25473,20232,495897,1791,2023,276.88274706867674
25473,20241,2799,12,2024,233.25
25473,20242,501602,1799,2024,278.82267926625906
25473,20251,2506,12,2025,208.83333333333334
25483,20222,5481,23,2022,238.30434782608697
25483,20232,5814,26,2023,223.6153846153846
25483,20242,4728,19,2024,248.8421052631579
25486,20222,40766,163,2022,250.09815950920245
25486,20232,42451,166,2023,255.7289156626506
25486,20242,47455,183,2024,259.3169398907104
25488,20222,23731,91,2022,260.7802197802198
25488,20232,26074,98,2023,266.0612244897959
25488,20242,26810,99,2024,270.80808080808083
25489,20222,8637,39,2022,221.46153846153845
25489,20232,9188,39,2023,235.5897435897436
25489,20242,7820,32,2024,244.375
25491,20222,11826,46,2022,257.0869565217391
25491,20232,15501,59,2023,262.728813559322
25491,20242,12886,52,2024,247.80769230769232
25506,20222,15765,63,2022,250.23809523809524
25506,20232,15553,60,2023,259.21666666666664
25506,20242,15416,64,2024,240.875
25513,20221,3137,14,2022,224.07142857142858
25513,20222,76348,302,2022,252.80794701986756
25513,20232,80940,324,2023,249.8148148148148
25513,20242,82171,323,2024,254.39938080495355
25518,20222,7873,34,2022,231.55882352941177
25518,20232,11992,49,2023,244.73469387755102
25518,20242,10461,45,2024,232.46666666666667
25524,20222,15953,68,2022,234.60294117647058
25524,20232,12815,52,2023,246.44230769230768
25524,20242,13078,53,2024,246.75471698113208
25530,20222,17036,70,2022,243.37142857142857
25530,20232,28126,113,2023,248.90265486725664
25530,20242,24416,99,2024,246.62626262626262
25535,20222,34115,135,2022,252.7037037037037
25535,20232,48166,187,2023,257.572192513369
25535,20242,42927,167,2024,257.0479041916168
25572,20222,44535,174,2022,255.94827586206895
25572,20232,51118,196,2023,260.8061224489796
25572,20241,232,1,2024,232.0
25572,20242,47110,181,2024,260.27624309392263
25580,20222,6489,29,2022,223.75862068965517
25580,20232,6312,26,2023,242.76923076923077
25580,20241,193,1,2024,193.0
25580,20242,7765,33,2024,235.3030303030303
25592,20222,12743,49,2022,260.0612244897959
25592,20232,15007,60,2023,250.11666666666667
25592,20242,13574,51,2024,266.15686274509807
25594,20222,28421,116,2022,245.00862068965517
25594,20232,24113,101,2023,238.74257425742573
25594,20242,29931,118,2024,253.65254237288136
25596,20222,15878,67,2022,236.98507462686567
25596,20232,16396,67,2023,244.71641791044777
25596,20242,14037,57,2024,246.26315789473685
25599,20222,12804,58,2022,220.75862068965517
25599,20232,15726,69,2023,227.91304347826087
25599,20242,15999,69,2024,231.8695652173913
25612,20222,21130,97,2022,217.83505154639175
25612,20232,21735,95,2023,228.78947368421052
25612,20242,19154,77,2024,248.75324675324674
25645,20222,31236,116,2022,269.2758620689655
25645,20232,29612,114,2023,259.7543859649123
25645,20242,31201,118,2024,264.41525423728814
25649,20222,31493,133,2022,236.78947368421052
25649,20232,31987,131,2023,244.17557251908397
25649,20242,26709,106,2024,251.97169811320754
25653,20222,14944,65,2022,229.90769230769232
25653,20232,16569,73,2023,226.97260273972603
25653,20242,12593,54,2024,233.2037037037037
25658,20222,28838,117,2022,246.47863247863248
25658,20232,27317,114,2023,239.62280701754386
25658,20242,19644,80,2024,245.55
25662,20222,24564,100,2022,245.64
25662,20232,24264,98,2023,247.59183673469389
25662,20242,25392,104,2024,244.15384615384616
25718,20222,34049,138,2022,246.731884057971
25718,20232,37760,155,2023,243.61290322580646
25718,20242,47057,191,2024,246.3717277486911
25736,20222,35549,136,2022,261.3897058823529
25736,20232,40532,156,2023,259.8205128205128
25736,20242,54224,211,2024,256.98578199052133
25740,20222,113025,446,2022,253.41928251121075
25740,20232,112553,433,2023,259.9376443418014
25740,20242,133718,523,2024,255.67495219885276
25743,20221,207,1,2022,207.0
25743,20222,63873,267,2022,239.22471910112358
25743,20232,62571,262,2023,238.8206106870229
25743,20242,73438,298,2024,246.43624161073825
25745,20222,44480,169,2022,263.1952662721894
25745,20232,51166,194,2023,263.74226804123714
25745,20242,48969,188,2024,260.47340425531917
25754,20221,34886,153,2022,228.01307189542484
25754,20222,2061666,7981,2022,258.3217641899511
25754,20231,32303,141,2023,229.09929078014184
25754,20232,2153898,8291,2023,259.7874804004342
25754,20241,24497,104,2024,235.54807692307693
25754,20242,2196114,8357,2024,262.78736388656216
25754,20251,23247,100,2025,232.47
25758,20221,10355,31,2022,334.03225806451616
25758,20222,75585,279,2022,270.9139784946237
25758,20231,12369,37,2023,334.2972972972973
25758,20232,88873,325,2023,273.4553846153846
25758,20241,11133,33,2024,337.3636363636364
25758,20242,98553,362,2024,272.24585635359114
25758,20251,9890,28,2025,353.2142857142857
25769,20222,72364,254,2022,284.8976377952756
25769,20232,72200,254,2023,284.251968503937
25769,20242,77409,276,2024,280.4673913043478
25772,20222,45175,183,2022,246.85792349726776
25772,20232,39238,157,2023,249.9235668789809
25772,20242,39140,158,2024,247.72151898734177
25777,20222,17776,75,2022,237.01333333333332
25777,20232,21458,90,2023,238.42222222222222
25777,20242,16675,69,2024,241.66666666666666
25779,20222,18428,77,2022,239.32467532467533
25779,20232,15837,70,2023,226.24285714285713
25779,20242,20845,86,2024,242.38372093023256
25781,20222,18002,70,2022,257.1714285714286
25781,20232,16399,61,2023,268.8360655737705
25781,20242,16336,64,2024,255.25
25785,20221,1166,4,2022,291.5
25785,20222,82935,307,2022,270.14657980456025
25785,20231,1469,6,2023,244.83333333333334
25785,20232,87396,326,2023,268.0858895705521
25785,20241,1657,7,2024,236.71428571428572
25785,20242,95355,355,2024,268.6056338028169
25785,20251,1139,5,2025,227.8
25793,20222,32450,129,2022,251.5503875968992
25793,20232,31873,130,2023,245.1769230769231
25793,20242,32642,129,2024,253.03875968992247
25797,20222,25569,102,2022,250.6764705882353
25797,20232,19507,73,2023,267.2191780821918
25797,20242,26738,101,2024,264.73267326732673
25799,20221,16242,49,2022,331.46938775510205
25799,20222,113708,402,2022,282.8557213930348
25799,20231,15043,46,2023,327.0217391304348
25799,20232,136090,490,2023,277.734693877551
25799,20241,11088,32,2024,346.5
25799,20242,143620,499,2024,287.8156312625251
25799,20251,14500,44,2025,329.54545454545456
25805,20222,7261,28,2022,259.32142857142856
25805,20232,12578,47,2023,267.6170212765957
25805,20242,7834,32,2024,244.8125
25807,20222,6381,27,2022,236.33333333333334
25807,20232,10775,44,2023,244.88636363636363
25807,20242,10133,41,2024,247.14634146341464
25815,20222,28225,122,2022,231.35245901639345
25815,20232,34934,151,2023,231.35099337748343
25815,20242,26028,112,2024,232.39285714285714
25817,20222,127642,485,2022,263.17938144329895
25817,20231,3223,13,2023,247.92307692307693
25817,20232,153727,581,2023,264.5903614457831
25817,20241,4363,17,2024,256.6470588235294
25817,20242,185616,698,2024,265.92550143266476
25817,20251,1207,5,2025,241.4
25823,20222,10586,47,2022,225.2340425531915
25823,20232,10298,45,2023,228.84444444444443
25823,20242,9446,38,2024,248.57894736842104
25839,20222,24078,100,2022,240.78
25839,20232,29242,119,2023,245.7310924369748
25839,20242,28769,117,2024,245.88888888888889
25841,20222,21465,88,2022,243.92045454545453
25841,20232,21642,84,2023,257.64285714285717
25841,20242,20765,80,2024,259.5625
25843,20221,4628,20,2022,231.4
25843,20222,178046,686,2022,259.54227405247815
25843,20231,345,1,2023,345.0
25843,20232,197597,764,2023,258.6348167539267
25843,20241,6647,30,2024,221.56666666666666
25843,20242,217427,831,2024,261.64500601684716
25843,20251,4495,20,2025,224.75
25845,20222,20939,87,2022,240.67816091954023
25845,20232,17477,71,2023,246.1549295774648
25845,20242,21911,86,2024,254.77906976744185
25851,20222,11510,49,2022,234.89795918367346
25851,20232,8393,38,2023,220.8684210526316
25851,20242,9380,41,2024,228.78048780487805
25862,20222,11919,47,2022,253.59574468085106
25862,20232,15226,60,2023,253.76666666666668
25862,20242,19371,78,2024,248.34615384615384
25867,20222,10930,42,2022,260.23809523809524
25867,20232,6526,28,2023,233.07142857142858
25867,20242,11096,44,2024,252.1818181818182
25871,20222,5826,22,2022,264.8181818181818
25871,20232,6860,27,2023,254.07407407407408
25871,20241,195,1,2024,195.0
25871,20242,5724,25,2024,228.96
25873,20222,78286,298,2022,262.7046979865772
25873,20232,69045,264,2023,261.53409090909093
25873,20242,92997,358,2024,259.768156424581
25875,20221,645,3,2022,215.0
25875,20222,75295,303,2022,248.4983498349835
25875,20232,99119,399,2023,248.41854636591478
25875,20242,90436,359,2024,251.9108635097493
25878,20222,43538,179,2022,243.2290502793296
25878,20232,39888,170,2023,234.63529411764705
25878,20242,42834,171,2024,250.49122807017545
25885,20222,25564,107,2022,238.9158878504673
25885,20232,28037,124,2023,226.1048387096774
25885,20242,24361,105,2024,232.0095238095238
25898,20222,16874,69,2022,244.55072463768116
25898,20232,13612,58,2023,234.68965517241378
25898,20242,16191,68,2024,238.10294117647058
25899,20221,16129,68,2022,237.19117647058823
25899,20222,405455,1467,2022,276.38377641445123
25899,20231,17628,73,2023,241.4794520547945
25899,20232,415067,1495,2023,277.6367892976589
25899,20241,17222,74,2024,232.72972972972974
25899,20242,437805,1538,2024,284.6586475942783
25899,20251,16976,70,2025,242.5142857142857
27001,20221,1582,9,2022,175.77777777777777
27001,20222,374353,1696,2022,220.72700471698113
27001,20231,1067,5,2023,213.4
27001,20232,390710,1727,2023,226.23624782860452
27001,20241,5233,27,2024,193.8148148148148
27001,20242,407677,1771,2024,230.19593450028233
27001,20251,3973,21,2025,189.1904761904762
27006,20222,21907,100,2022,219.07
27006,20232,23973,114,2023,210.28947368421052
27006,20242,22289,102,2024,218.51960784313727
27025,20222,20454,116,2022,176.32758620689654
27025,20232,21188,123,2023,172.260162601626
27025,20242,24041,143,2024,168.11888111888112
27050,20222,14577,74,2022,196.98648648648648
27050,20232,12322,59,2023,208.84745762711864
27050,20242,15354,78,2024,196.84615384615384
27073,20222,17566,96,2022,182.97916666666666
27073,20232,20026,110,2023,182.05454545454546
27073,20242,24457,135,2024,181.16296296296295
27075,20222,24740,125,2022,197.92
27075,20232,32650,164,2023,199.08536585365854
27075,20242,26193,133,2024,196.93984962406014
27077,20222,24934,130,2022,191.8
27077,20232,27382,140,2023,195.5857142857143
27077,20242,32268,177,2024,182.3050847457627
27086,20222,29231,145,2022,201.59310344827585
27086,20232,27284,133,2023,205.14285714285714
27086,20242,31804,152,2024,209.23684210526315
27099,20222,20440,120,2022,170.33333333333334
27099,20232,23743,133,2023,178.5187969924812
27099,20242,21047,118,2024,178.364406779661
27135,20222,7840,39,2022,201.02564102564102
27135,20232,12651,60,2023,210.85
27135,20242,11501,53,2024,217.0
27150,20222,14042,71,2022,197.77464788732394
27150,20232,19071,103,2023,185.15533980582524
27150,20242,16530,87,2024,190.0
27160,20222,10707,53,2022,202.0188679245283
27160,20232,15343,76,2023,201.8815789473684
27160,20242,12033,56,2024,214.875
27205,20222,42254,204,2022,207.12745098039215
27205,20232,39157,182,2023,215.14835164835165
27205,20242,39560,188,2024,210.4255319148936
27245,20222,20860,97,2022,215.05154639175257
27245,20231,1019,5,2023,203.8
27245,20232,24398,105,2023,232.36190476190475
27245,20242,23018,97,2024,237.29896907216494
27250,20222,21848,127,2022,172.03149606299212
27250,20232,24384,140,2023,174.17142857142858
27250,20242,25917,153,2024,169.3921568627451
27361,20222,99234,444,2022,223.5
27361,20232,118255,536,2023,220.625
27361,20242,105745,473,2024,223.56236786469344
27372,20222,3725,22,2022,169.3181818181818
27372,20232,8832,50,2023,176.64
27372,20242,8722,50,2024,174.44
27413,20222,12494,68,2022,183.73529411764707
27413,20232,16368,87,2023,188.13793103448276
27413,20242,24126,139,2024,173.568345323741
27425,20222,1810,10,2022,181.0
27425,20232,3835,21,2023,182.61904761904762
27425,20242,6388,35,2024,182.5142857142857
27430,20222,9066,47,2022,192.89361702127658
27430,20232,10354,54,2023,191.74074074074073
27430,20242,14591,74,2024,197.17567567567568
27450,20222,20168,107,2022,188.48598130841123
27450,20232,24975,125,2023,199.8
27450,20242,23138,119,2024,194.43697478991598
27491,20222,10983,54,2022,203.38888888888889
27491,20232,9271,47,2023,197.25531914893617
27491,20242,10832,55,2024,196.94545454545454
27495,20222,11051,59,2022,187.3050847457627
27495,20231,1045,5,2023,209.0
27495,20232,14078,71,2023,198.28169014084506
27495,20242,9511,43,2024,221.1860465116279
27580,20222,9918,55,2022,180.3272727272727
27580,20232,14849,78,2023,190.37179487179486
27580,20242,15698,84,2024,186.88095238095238
27600,20222,16882,93,2022,181.5268817204301
27600,20232,16015,84,2023,190.6547619047619
27600,20242,16566,89,2024,186.13483146067415
27615,20222,49836,260,2022,191.6769230769231
27615,20232,57726,285,2023,202.54736842105262
27615,20242,54866,273,2024,200.97435897435898
27660,20222,5865,24,2022,244.375
27660,20232,8296,32,2023,259.25
27660,20242,8776,35,2024,250.74285714285713
27745,20222,3014,16,2022,188.375
27745,20232,4055,22,2023,184.3181818181818
27745,20242,4195,22,2024,190.6818181818182
27787,20222,47649,243,2022,196.08641975308643
27787,20232,60842,311,2023,195.63344051446944
27787,20242,57730,289,2024,199.75778546712803
27787,20251,156,1,2025,156.0
27800,20222,18890,90,2022,209.88888888888889
27800,20232,23847,119,2023,200.39495798319328
27800,20242,30460,149,2024,204.4295302013423
27810,20222,13449,66,2022,203.77272727272728
27810,20232,16057,75,2023,214.09333333333333
27810,20242,19994,92,2024,217.32608695652175
41001,20221,30320,132,2022,229.6969696969697
41001,20222,1091971,4093,2022,266.7898851698021
41001,20231,49176,190,2023,258.82105263157894
41001,20232,1097276,4108,2023,267.10710808179164
41001,20241,54926,210,2024,261.55238095238093
41001,20242,1123318,4106,2024,273.5796395518753
41001,20251,28309,101,2025,280.28712871287127
41006,20221,1054,5,2022,210.8
41006,20222,89121,364,2022,244.8379120879121
41006,20232,96251,404,2023,238.2450495049505
41006,20241,597,3,2024,199.0
41006,20242,97923,401,2024,244.19700748129677
41006,20251,370,2,2025,185.0
41013,20222,21867,89,2022,245.69662921348313
41013,20232,24506,98,2023,250.0612244897959
41013,20242,19119,75,2024,254.92
41016,20222,45571,208,2022,219.09134615384616
41016,20232,52706,230,2023,229.15652173913043
41016,20242,46475,198,2024,234.72222222222223
41020,20222,47404,180,2022,263.35555555555555
41020,20232,58636,219,2023,267.74429223744295
41020,20242,67855,253,2024,268.201581027668
41026,20222,9876,39,2022,253.23076923076923
41026,20232,9719,34,2023,285.8529411764706
41026,20242,9449,36,2024,262.47222222222223
41078,20222,12167,50,2022,243.34
41078,20232,13164,52,2023,253.15384615384616
41078,20242,11314,45,2024,251.42222222222222
41132,20222,84871,362,2022,234.45027624309392
41132,20232,90142,382,2023,235.9738219895288
41132,20242,86769,361,2024,240.3573407202216
41206,20222,11902,48,2022,247.95833333333334
41206,20232,11236,46,2023,244.2608695652174
41206,20242,15071,61,2024,247.0655737704918
41244,20222,14590,57,2022,255.96491228070175
41244,20232,12460,49,2023,254.28571428571428
41244,20242,10016,37,2024,270.7027027027027
41298,20222,256882,1032,2022,248.91666666666666
41298,20232,283691,1137,2023,249.50835532102022
41298,20242,266424,1049,2024,253.97902764537656
41306,20222,78241,310,2022,252.39032258064515
41306,20232,83775,334,2023,250.82335329341316
41306,20242,90058,354,2024,254.40112994350284
41319,20221,1347,7,2022,192.42857142857142
41319,20222,57499,246,2022,233.7357723577236
41319,20232,57756,250,2023,231.024
41319,20242,56457,252,2024,224.03571428571428
41349,20222,12016,50,2022,240.32
41349,20232,17598,75,2023,234.64
41349,20242,13565,54,2024,251.2037037037037
41357,20222,30663,129,2022,237.69767441860466
41357,20232,25943,102,2023,254.34313725490196
41357,20242,20434,82,2024,249.1951219512195
41359,20222,105606,440,2022,240.01363636363635
41359,20232,85297,348,2023,245.10632183908046
41359,20242,94113,389,2024,241.93573264781492
41359,20251,255,1,2025,255.0
41378,20222,33003,121,2022,272.75206611570246
41378,20232,44141,166,2023,265.9096385542169
41378,20242,39919,146,2024,273.4178082191781
41396,20221,1973,9,2022,219.22222222222223
41396,20222,179967,745,2022,241.56644295302013
41396,20231,2479,11,2023,225.36363636363637
41396,20232,210574,854,2023,246.5737704918033
41396,20241,217,1,2024,217.0
41396,20242,204673,824,2024,248.38956310679612
41396,20251,357,2,2025,178.5
41483,20222,21856,97,2022,225.31958762886597
41483,20232,24437,105,2023,232.73333333333332
41483,20242,15759,68,2024,231.75
41503,20222,35982,147,2022,244.77551020408163
41503,20232,37797,152,2023,248.66447368421052
41503,20242,40713,171,2024,238.08771929824562
41518,20222,24815,100,2022,248.15
41518,20232,21488,84,2023,255.8095238095238
41518,20242,28075,115,2024,244.1304347826087
41524,20222,105996,413,2022,256.6489104116223
41524,20231,450,2,2023,225.0
41524,20232,108968,417,2023,261.31414868105514
41524,20242,103673,391,2024,265.14833759590795
41530,20222,28209,112,2022,251.86607142857142
41530,20232,34028,139,2023,244.80575539568346
41530,20242,27277,107,2024,254.92523364485982
41548,20222,40737,171,2022,238.2280701754386
41548,20232,45398,192,2023,236.44791666666666
41548,20242,42448,173,2024,245.364161849711
41551,20221,6873,30,2022,229.1
41551,20222,438376,1618,2022,270.93695920889985
41551,20231,5800,24,2023,241.66666666666666
41551,20232,431026,1602,2023,269.0549313358302
41551,20241,6098,27,2024,225.85185185185185
41551,20242,427109,1555,2024,274.66816720257236
41551,20251,17640,93,2025,189.67741935483872
41615,20222,84094,317,2022,265.2807570977918
41615,20232,79124,293,2023,270.0477815699659
41615,20242,75411,270,2024,279.3
41660,20222,27024,108,2022,250.22222222222223
41660,20232,25525,97,2023,263.1443298969072
41660,20242,34718,135,2024,257.1703703703704
41668,20222,84381,340,2022,248.1794117647059
41668,20232,85021,336,2023,253.03869047619048
41668,20242,86100,332,2024,259.33734939759034
41676,20222,33133,137,2022,241.84671532846716
41676,20232,21569,83,2023,259.86746987951807
41676,20242,27831,108,2024,257.69444444444446
41770,20222,55774,240,2022,232.39166666666668
41770,20232,66688,279,2023,239.02508960573476
41770,20242,49788,207,2024,240.52173913043478
41791,20222,73231,313,2022,233.96485623003196
41791,20232,63217,259,2023,244.0810810810811
41791,20242,53260,216,2024,246.57407407407408
41797,20222,30120,125,2022,240.96
41797,20232,40829,171,2023,238.76608187134502
41797,20242,31399,130,2024,241.53076923076924
41799,20222,30535,127,2022,240.43307086614172
41799,20232,36108,153,2023,236.0
41799,20242,28590,123,2024,232.4390243902439
41801,20222,11007,43,2022,255.97674418604652
41801,20232,16427,64,2023,256.671875
41801,20242,16113,61,2024,264.1475409836066
41807,20222,66501,274,2022,242.70437956204378
41807,20232,73191,296,2023,247.2668918918919
41807,20242,62212,256,2024,243.015625
41872,20222,14692,61,2022,240.85245901639345
41872,20232,16284,70,2023,232.62857142857143
41872,20242,17088,70,2024,244.11428571428573
41885,20222,19537,80,2022,244.2125
41885,20232,23806,94,2023,253.25531914893617
41885,20242,19598,76,2024,257.86842105263156
44001,20221,1829,8,2022,228.625
44001,20222,639159,2736,2022,233.6107456140351
44001,20232,750179,3204,2023,234.13826466916353
44001,20242,714873,3014,2024,237.1841406768414
44035,20221,8448,27,2022,312.8888888888889
44035,20222,65635,317,2022,207.0504731861199
44035,20231,6128,18,2023,340.44444444444446
44035,20232,75877,367,2023,206.7493188010899
44035,20241,8325,24,2024,346.875
44035,20242,74193,353,2024,210.17847025495752
44035,20251,6703,19,2025,352.7894736842105
44078,20222,93006,430,2022,216.29302325581395
44078,20232,93639,426,2023,219.80985915492957
44078,20242,100381,446,2024,225.0695067264574
44090,20222,58156,271,2022,214.5977859778598
44090,20232,63566,287,2023,221.4843205574913
44090,20242,67377,305,2024,220.90819672131147
44098,20222,28509,141,2022,202.19148936170214
44098,20232,32125,153,2023,209.96732026143792
44098,20242,32846,158,2024,207.8860759493671
44110,20222,18530,83,2022,223.25301204819277
44110,20232,17501,76,2023,230.27631578947367
44110,20242,16548,71,2024,233.07042253521126
44279,20221,3471,17,2022,204.1764705882353
44279,20222,133938,575,2022,232.93565217391304
44279,20231,2065,10,2023,206.5
44279,20232,115878,475,2023,243.95368421052632
44279,20241,3640,19,2024,191.57894736842104
44279,20242,127240,521,2024,244.22264875239924
44279,20251,7714,40,2025,192.85
44378,20222,48628,231,2022,210.51082251082252
44378,20232,64971,299,2023,217.2943143812709
44378,20242,72891,334,2024,218.23652694610777
44420,20222,6242,27,2022,231.1851851851852
44420,20232,6860,30,2023,228.66666666666666
44420,20242,8505,38,2024,223.81578947368422
44430,20221,3676,13,2022,282.7692307692308
44430,20222,522751,2298,2022,227.48085291557877
44430,20231,3115,11,2023,283.1818181818182
44430,20232,557050,2450,2023,227.3673469387755
44430,20241,3706,14,2024,264.7142857142857
44430,20242,561791,2472,2024,227.26173139158576
44430,20251,7609,34,2025,223.7941176470588
44560,20222,132350,672,2022,196.94940476190476
44560,20232,140361,708,2023,198.25
44560,20242,134678,680,2024,198.05588235294118
44650,20222,137042,590,2022,232.27457627118645
44650,20232,137760,578,2023,238.33910034602076
44650,20242,129177,532,2024,242.8139097744361
44847,20221,9671,53,2022,182.47169811320754
44847,20222,218323,1119,2022,195.1054512957998
44847,20231,12242,65,2023,188.33846153846153
44847,20232,247717,1269,2023,195.20646178092986
44847,20241,12991,72,2024,180.43055555555554
44847,20242,292064,1521,2024,192.02103879026956
44847,20251,13219,71,2025,186.18309859154928
44855,20222,25655,102,2022,251.51960784313727
44855,20231,1590,8,2023,198.75
44855,20232,33013,130,2023,253.94615384615383
44855,20242,36533,141,2024,259.09929078014187
44874,20222,72877,302,2022,241.31456953642385
44874,20232,78660,320,2023,245.8125
44874,20242,88874,360,2024,246.87222222222223
47001,20221,30651,104,2022,294.72115384615387
47001,20222,1665468,6837,2022,243.59631417288284
47001,20231,40348,136,2023,296.6764705882353
47001,20232,1724733,7060,2023,244.29645892351274
47001,20241,42453,148,2024,286.8445945945946
47001,20242,1704100,6894,2024,247.18595880475777
47001,20251,33413,111,2025,301.01801801801804
47030,20222,40547,197,2022,205.8223350253807
47030,20232,45628,220,2023,207.4
47030,20242,39425,189,2024,208.5978835978836
47053,20222,87777,414,2022,212.02173913043478
47053,20232,94295,433,2023,217.77136258660508
47053,20242,94956,443,2024,214.34762979683973
47058,20222,95529,418,2022,228.53827751196172
47058,20231,2168,11,2023,197.0909090909091
47058,20232,98072,441,2023,222.38548752834467
47058,20242,108716,495,2024,219.62828282828283
47161,20222,18278,95,2022,192.4
47161,20232,18308,91,2023,201.1868131868132
47161,20242,17638,88,2024,200.4318181818182
47170,20222,51079,238,2022,214.61764705882354
47170,20232,63443,291,2023,218.0171821305842
47170,20242,59970,283,2024,211.90812720848058
47189,20221,1336,7,2022,190.85714285714286
47189,20222,302792,1366,2022,221.6632503660322
47189,20231,557,3,2023,185.66666666666666
47189,20232,314263,1403,2023,223.9935851746258
47189,20241,930,5,2024,186.0
47189,20242,326783,1449,2024,225.5231193926846
47205,20222,35183,170,2022,206.95882352941177
47205,20232,37910,178,2023,212.97752808988764
47205,20242,30482,149,2024,204.5771812080537
47245,20222,178421,800,2022,223.02625
47245,20232,193722,865,2023,223.95606936416186
47245,20241,1393,7,2024,199.0
47245,20242,206529,913,2024,226.2092004381161
47245,20251,405,2,2025,202.5
47258,20222,43949,213,2022,206.33333333333334
47258,20232,47011,217,2023,216.64055299539172
47258,20242,49003,231,2024,212.13419913419912
47268,20222,62034,294,2022,211.0
47268,20232,62727,294,2023,213.35714285714286
47268,20242,71204,344,2024,206.98837209302326
47288,20222,259853,1140,2022,227.94122807017544
47288,20231,898,4,2023,224.5
47288,20232,261976,1124,2023,233.0747330960854
47288,20242,265466,1157,2024,229.44338807260155
47318,20222,77699,355,2022,218.87042253521128
47318,20232,99997,432,2023,231.47453703703704
47318,20242,92477,415,2024,222.83614457831325
47460,20222,39395,182,2022,216.45604395604394
47460,20232,45334,210,2023,215.8761904761905
47460,20242,48377,218,2024,221.91284403669724
47541,20222,21154,102,2022,207.3921568627451
47541,20232,25611,124,2023,206.54032258064515
47541,20242,16501,79,2024,208.873417721519
47545,20222,39747,185,2022,214.84864864864866
47545,20232,38978,178,2023,218.97752808988764
47545,20241,244,1,2024,244.0
47545,20242,44458,207,2024,214.77294685990339
47545,20251,232,1,2025,232.0
47551,20222,97466,429,2022,227.19347319347318
47551,20232,101517,434,2023,233.91013824884791
47551,20242,98415,430,2024,228.87209302325581
47555,20222,148341,675,2022,219.76444444444445
47555,20232,168965,752,2023,224.6875
47555,20242,159785,720,2024,221.92361111111111
47570,20222,49413,255,2022,193.7764705882353
47570,20232,47434,239,2023,198.46861924686192
47570,20242,51131,258,2024,198.18217054263565
47605,20222,14086,70,2022,201.22857142857143
47605,20232,17252,86,2023,200.6046511627907
47605,20242,19823,92,2024,215.4673913043478
47660,20222,39789,192,2022,207.234375
47660,20232,32084,152,2023,211.07894736842104
47660,20242,36023,174,2024,207.0287356321839
47675,20222,23705,111,2022,213.55855855855856
47675,20232,29658,134,2023,221.32835820895522
47675,20242,23288,105,2024,221.7904761904762
47692,20222,81630,349,2022,233.8968481375358
47692,20232,64683,275,2023,235.2109090909091
47692,20242,72929,305,2024,239.11147540983606
47703,20222,35690,165,2022,216.3030303030303
47703,20232,30381,137,2023,221.75912408759123
47703,20242,37606,170,2024,221.21176470588236
47707,20222,74474,344,2022,216.49418604651163
47707,20232,72160,340,2023,212.23529411764707
47707,20242,77223,362,2024,213.3232044198895
47707,20251,188,1,2025,188.0
47720,20222,34696,171,2022,202.90058479532163
47720,20232,24068,109,2023,220.80733944954127
47720,20242,26492,124,2024,213.6451612903226
47745,20222,43785,212,2022,206.53301886792454
47745,20232,49683,233,2023,213.23175965665237
47745,20242,43013,202,2024,212.93564356435644
47798,20222,36044,171,2022,210.78362573099415
47798,20232,39725,176,2023,225.71022727272728
47798,20242,41413,188,2024,220.28191489361703
47960,20222,22098,99,2022,223.21212121212122
47960,20232,24586,109,2023,225.55963302752295
47960,20242,33507,156,2024,214.78846153846155
47980,20222,181678,897,2022,202.53957636566332
47980,20232,206390,992,2023,208.05443548387098
47980,20242,185011,880,2024,210.23977272727274
47980,20251,779,4,2025,194.75
50001,20221,31737,144,2022,220.39583333333334
50001,20222,1621535,6245,2022,259.6533226581265
50001,20231,76413,334,2023,228.7814371257485
50001,20232,1759354,6698,2023,262.6685577784413
50001,20241,57351,257,2024,223.1556420233463
50001,20242,1800256,6819,2024,264.00586596275116
50001,20251,85155,383,2025,222.33681462140993
50006,20221,3954,18,2022,219.66666666666666
50006,20222,258123,983,2022,262.586978636826
50006,20231,13673,64,2023,213.640625
50006,20232,291073,1100,2023,264.6118181818182
50006,20241,6297,31,2024,203.1290322580645
50006,20242,279382,1068,2024,261.5936329588015
50006,20251,8172,45,2025,181.6
50110,20222,16876,78,2022,216.35897435897436
50110,20232,19083,85,2023,224.50588235294117
50110,20242,25117,105,2024,239.2095238095238
50124,20222,12609,54,2022,233.5
50124,20232,12544,54,2023,232.2962962962963
50124,20242,20430,90,2024,227.0
50150,20222,45111,187,2022,241.23529411764707
50150,20232,44712,181,2023,247.02762430939225
50150,20242,50626,211,2024,239.93364928909952
50223,20222,18058,74,2022,244.02702702702703
50223,20232,21994,85,2023,258.7529411764706
50223,20242,18344,72,2024,254.77777777777777
50226,20221,2603,9,2022,289.22222222222223
50226,20222,81634,323,2022,252.73684210526315
50226,20232,86433,355,2023,243.4732394366197
50226,20241,508,2,2024,254.0
50226,20242,86648,343,2024,252.61807580174928
50226,20251,702,3,2025,234.0
50245,20222,5006,21,2022,238.38095238095238
50245,20232,7725,30,2023,257.5
50245,20242,8160,33,2024,247.27272727272728
50251,20222,17995,76,2022,236.77631578947367
50251,20232,24627,101,2023,243.83168316831683
50251,20242,15039,58,2024,259.2931034482759
50270,20222,21242,92,2022,230.8913043478261
50270,20232,21156,92,2023,229.95652173913044
50270,20242,19219,88,2024,218.39772727272728
50287,20222,19313,85,2022,227.21176470588236
50287,20232,33729,146,2023,231.0205479452055
50287,20242,29364,124,2024,236.80645161290323
50313,20222,246259,985,2022,250.00913705583756
50313,20232,255855,1017,2023,251.57817109144543
50313,20242,263527,1049,2024,251.21734985700667
50318,20222,43317,174,2022,248.94827586206895
50318,20232,70843,280,2023,253.01071428571427
50318,20242,55010,217,2024,253.50230414746545
50325,20222,15651,79,2022,198.1139240506329
50325,20232,11412,50,2023,228.24
50325,20242,10239,45,2024,227.53333333333333
50330,20221,207,1,2022,207.0
50330,20222,22665,100,2022,226.65
50330,20232,17410,71,2023,245.2112676056338
50330,20242,21595,87,2024,248.2183908045977
50330,20251,203,1,2025,203.0
50350,20222,30405,128,2022,237.5390625
50350,20232,28482,117,2023,243.43589743589743
50350,20242,30764,133,2024,231.30827067669173
50370,20222,26813,122,2022,219.77868852459017
50370,20232,27645,121,2023,228.47107438016528
50370,20242,22792,102,2024,223.45098039215685
50400,20221,345,2,2022,172.5
50400,20222,35126,144,2022,243.93055555555554
50400,20231,637,3,2023,212.33333333333334
50400,20232,38590,158,2023,244.2405063291139
50400,20242,37944,158,2024,240.15189873417722
50450,20222,22163,99,2022,223.86868686868686
50450,20232,24250,106,2023,228.77358490566039
50450,20242,24103,101,2024,238.64356435643563
50568,20221,908,4,2022,227.0
50568,20222,98648,442,2022,223.18552036199094
50568,20232,113471,497,2023,228.31187122736418
50568,20242,113376,491,2024,230.90835030549897
50573,20221,821,4,2022,205.25
50573,20222,101760,407,2022,250.02457002457
50573,20231,229,1,2023,229.0
50573,20232,106861,427,2023,250.2599531615925
50573,20242,102593,412,2024,249.0121359223301
50573,20251,947,5,2025,189.4
50577,20222,17575,79,2022,222.46835443037975
50577,20232,16738,69,2023,242.57971014492753
50577,20242,15740,65,2024,242.15384615384616
50590,20222,24462,109,2022,224.42201834862385
50590,20232,27398,120,2023,228.31666666666666
50590,20242,21221,98,2024,216.5408163265306
50606,20222,81593,309,2022,264.05501618122975
50606,20232,89044,326,2023,273.1411042944785
50606,20242,80203,292,2024,274.6678082191781
50680,20222,28284,121,2022,233.7520661157025
50680,20231,2548,14,2023,182.0
50680,20232,34964,146,2023,239.4794520547945
50680,20242,35275,153,2024,230.55555555555554
50683,20222,20242,84,2022,240.97619047619048
50683,20232,22146,91,2023,243.36263736263737
50683,20242,16615,69,2024,240.79710144927537
50686,20222,2612,11,2022,237.45454545454547
50686,20232,7242,29,2023,249.72413793103448
50686,20242,4298,18,2024,238.77777777777777
50689,20221,1915,9,2022,212.77777777777777
50689,20222,56811,226,2022,251.37610619469027
50689,20232,61843,253,2023,244.43873517786562
50689,20242,62708,249,2024,251.8393574297189
50711,20221,2650,13,2022,203.84615384615384
50711,20222,47119,202,2022,233.26237623762376
50711,20231,2497,13,2023,192.07692307692307
50711,20232,58183,250,2023,232.732
50711,20241,1493,8,2024,186.625
50711,20242,49613,221,2024,224.49321266968326
52001,20221,134566,466,2022,288.76824034334766
52001,20222,1279404,4698,2022,272.3295019157088
52001,20231,134497,469,2023,286.77398720682305
52001,20232,1245307,4568,2023,272.6153677758319
52001,20241,117110,400,2024,292.775
52001,20242,1297795,4703,2024,275.9504571550074
52001,20251,120883,411,2025,294.1192214111922
52019,20222,28272,115,2022,245.84347826086957
52019,20232,30729,124,2023,247.81451612903226
52019,20242,24068,95,2024,253.34736842105264
52022,20222,26038,103,2022,252.79611650485438
52022,20232,21798,81,2023,269.1111111111111
52022,20242,22732,84,2024,270.6190476190476
52036,20222,22189,91,2022,243.83516483516485
52036,20232,18620,80,2023,232.75
52036,20242,19616,79,2024,248.30379746835442
52051,20222,22675,95,2022,238.68421052631578
52051,20232,18849,77,2023,244.7922077922078
52051,20242,26540,108,2024,245.74074074074073
52079,20222,61610,313,2022,196.8370607028754
52079,20232,72545,366,2023,198.21038251366122
52079,20242,78343,397,2024,197.3375314861461
52083,20222,18792,71,2022,264.67605633802816
52083,20232,17908,67,2023,267.2835820895522
52083,20242,17652,64,2024,275.8125
52110,20221,2213,10,2022,221.3
52110,20222,55368,216,2022,256.3333333333333
52110,20232,49048,191,2023,256.7958115183246
52110,20241,1111,5,2024,222.2
52110,20242,53227,207,2024,257.1352657004831
52203,20222,16781,67,2022,250.46268656716418
52203,20232,21197,80,2023,264.9625
52203,20242,22205,82,2024,270.7926829268293
52207,20222,32174,133,2022,241.90977443609023
52207,20232,29649,113,2023,262.3805309734513
52207,20242,27562,103,2024,267.59223300970876
52210,20222,13314,52,2022,256.03846153846155
52210,20232,12551,46,2023,272.8478260869565
52210,20242,12108,45,2024,269.06666666666666
52215,20221,1086,5,2022,217.2
52215,20222,45865,181,2022,253.3977900552486
52215,20231,3895,19,2023,205.0
52215,20232,40182,165,2023,243.52727272727273
52215,20241,937,4,2024,234.25
52215,20242,50024,202,2024,247.64356435643563
52215,20251,2766,14,2025,197.57142857142858
52224,20222,13052,54,2022,241.7037037037037
52224,20232,17477,69,2023,253.28985507246378
52224,20242,16382,65,2024,252.03076923076924
52227,20222,127583,544,2022,234.52757352941177
52227,20232,113438,448,2023,253.20982142857142
52227,20242,114534,441,2024,259.7142857142857
52233,20222,23727,100,2022,237.27
52233,20232,18187,74,2023,245.77027027027026
52233,20242,16554,69,2024,239.91304347826087
52240,20222,28831,119,2022,242.27731092436974
52240,20232,34550,139,2023,248.5611510791367
52240,20242,33119,126,2024,262.8492063492063
52250,20222,47531,248,2022,191.65725806451613
52250,20232,38876,199,2023,195.356783919598
52250,20242,38219,200,2024,191.095
52254,20222,19598,74,2022,264.8378378378378
52254,20232,16076,64,2023,251.1875
52254,20242,19044,72,2024,264.5
52256,20222,17056,74,2022,230.48648648648648
52256,20232,13950,61,2023,228.68852459016392
52256,20242,13417,54,2024,248.46296296296296
52258,20222,45148,179,2022,252.22346368715083
52258,20232,40297,156,2023,258.31410256410254
52258,20242,47137,175,2024,269.3542857142857
52260,20222,43068,171,2022,251.859649122807
52260,20232,42775,165,2023,259.24242424242425
52260,20242,35944,134,2024,268.23880597014926
52287,20222,16519,63,2022,262.2063492063492
52287,20232,15143,62,2023,244.24193548387098
52287,20242,16171,63,2024,256.6825396825397
52317,20221,2763,13,2022,212.53846153846155
52317,20222,49256,182,2022,270.6373626373626
52317,20231,2005,9,2023,222.77777777777777
52317,20232,47965,177,2023,270.98870056497174
52317,20241,2449,11,2024,222.63636363636363
52317,20242,54310,194,2024,279.9484536082474
52317,20251,3305,16,2025,206.5625
52320,20222,30118,120,2022,250.98333333333332
52320,20232,25570,95,2023,269.1578947368421
52320,20242,25500,94,2024,271.27659574468083
52323,20222,25492,93,2022,274.10752688172045
52323,20232,23491,86,2023,273.1511627906977
52323,20242,21676,77,2024,281.5064935064935
52352,20222,22009,89,2022,247.2921348314607
52352,20232,23430,92,2023,254.67391304347825
52352,20242,19378,74,2024,261.86486486486484
52354,20222,20809,79,2022,263.40506329113924
52354,20232,17157,68,2023,252.30882352941177
52354,20242,19312,76,2024,254.10526315789474
52356,20221,38344,175,2022,219.10857142857142
52356,20222,431530,1626,2022,265.39360393603937
52356,20231,58492,267,2023,219.07116104868913
52356,20232,465492,1785,2023,260.7798319327731
52356,20241,56786,263,2024,215.91634980988593
52356,20242,444701,1645,2024,270.33495440729484
52356,20251,61035,288,2025,211.92708333333334
52378,20222,58700,244,2022,240.5737704918033
52378,20232,59121,244,2023,242.29918032786884
52378,20242,54289,216,2024,251.33796296296296
52381,20222,25508,100,2022,255.08
52381,20232,23758,91,2023,261.0769230769231
52381,20242,26774,100,2024,267.74
52385,20222,15670,60,2022,261.1666666666667
52385,20232,14255,58,2023,245.77586206896552
52385,20242,16080,64,2024,251.25
52390,20222,17352,92,2022,188.6086956521739
52390,20232,15389,81,2023,189.98765432098764
52390,20242,15222,83,2024,183.3975903614458
52399,20222,102640,410,2022,250.34146341463415
52399,20232,103132,419,2023,246.1384248210024
52399,20242,96545,388,2024,248.82731958762886
52405,20222,21352,90,2022,237.24444444444444
52405,20232,20828,89,2023,234.02247191011236
52405,20242,21675,93,2024,233.06451612903226
52411,20222,22256,85,2022,261.83529411764704
52411,20232,21166,79,2023,267.9240506329114
52411,20242,24624,92,2024,267.6521739130435
52418,20222,30322,119,2022,254.80672268907563
52418,20232,30102,119,2023,252.9579831932773
52418,20242,26192,101,2024,259.3267326732673
52427,20222,12882,67,2022,192.26865671641792
52427,20232,8462,43,2023,196.7906976744186
52427,20242,13161,69,2024,190.7391304347826
52435,20222,23328,102,2022,228.7058823529412
52435,20232,16486,72,2023,228.97222222222223
52435,20242,21487,93,2024,231.04301075268816
52473,20222,11582,58,2022,199.68965517241378
52473,20232,12286,62,2023,198.16129032258064
52473,20242,12044,57,2024,211.2982456140351
52480,20222,11092,45,2022,246.48888888888888
52480,20232,12158,49,2023,248.12244897959184
52480,20242,11013,43,2024,256.1162790697674
52490,20222,36813,179,2022,205.65921787709496
52490,20232,33553,166,2023,202.1265060240964
52490,20242,31530,156,2024,202.1153846153846
52506,20222,13729,53,2022,259.0377358490566
52506,20232,15537,60,2023,258.95
52506,20242,18027,66,2024,273.1363636363636
52520,20222,12815,65,2022,197.15384615384616
52520,20232,13812,68,2023,203.11764705882354
52520,20242,11684,54,2024,216.37037037037038
52540,20222,32502,141,2022,230.51063829787233
52540,20232,27426,114,2023,240.57894736842104
52540,20242,22909,94,2024,243.7127659574468
52560,20222,31034,116,2022,267.5344827586207
52560,20232,28364,108,2023,262.6296296296296
52560,20242,32665,123,2024,265.5691056910569
52565,20222,12890,55,2022,234.36363636363637
52565,20232,15341,66,2023,232.43939393939394
52565,20242,12404,51,2024,243.2156862745098
52573,20222,26989,98,2022,275.3979591836735
52573,20232,22888,89,2023,257.1685393258427
52573,20242,24026,89,2024,269.9550561797753
52585,20221,3984,18,2022,221.33333333333334
52585,20222,62595,241,2022,259.73029045643153
52585,20231,1799,8,2023,224.875
52585,20232,58676,230,2023,255.11304347826086
52585,20241,3390,17,2024,199.41176470588235
52585,20242,64269,242,2024,265.57438016528926
52585,20251,3657,18,2025,203.16666666666666
52612,20222,41560,186,2022,223.44086021505376
52612,20232,34974,157,2023,222.76433121019107
52612,20242,34706,154,2024,225.36363636363637
52621,20222,13386,72,2022,185.91666666666666
52621,20232,17388,93,2023,186.96774193548387
52621,20242,11045,55,2024,200.8181818181818
52678,20222,75683,296,2022,255.6858108108108
52678,20232,75220,288,2023,261.18055555555554
52678,20242,66897,255,2024,262.3411764705882
52683,20222,64582,234,2022,275.991452991453
52683,20232,54314,203,2023,267.5566502463054
52683,20242,60019,220,2024,272.81363636363636
52685,20222,19282,73,2022,264.13698630136986
52685,20232,20094,76,2023,264.39473684210526
52685,20242,21452,76,2024,282.2631578947368
52687,20222,46228,198,2022,233.4747474747475
52687,20232,50336,209,2023,240.8421052631579
52687,20242,45178,186,2024,242.89247311827958
52693,20222,41761,161,2022,259.3850931677019
52693,20232,44072,172,2023,256.2325581395349
52693,20242,30526,120,2024,254.38333333333333
52694,20222,15255,60,2022,254.25
52694,20232,10061,42,2023,239.54761904761904
52694,20242,12773,47,2024,271.7659574468085
52696,20222,7673,40,2022,191.825
52696,20232,8185,40,2023,204.625
52696,20242,11020,55,2024,200.36363636363637
52699,20222,17550,76,2022,230.92105263157896
52699,20232,17687,79,2023,223.8860759493671
52699,20242,20647,82,2024,251.79268292682926
52720,20222,22178,85,2022,260.91764705882355
52720,20232,18159,70,2023,259.4142857142857
52720,20242,15910,61,2024,260.8196721311475
52786,20222,49147,202,2022,243.3019801980198
52786,20232,54998,229,2023,240.16593886462883
52786,20242,54893,222,2024,247.26576576576576
52788,20222,22961,92,2022,249.57608695652175
52788,20232,25489,105,2023,242.75238095238095
52788,20242,24196,95,2024,254.69473684210527
52835,20221,1158,6,2022,193.0
52835,20222,431098,2143,2022,201.16565562295847
52835,20231,7839,35,2023,223.97142857142856
52835,20232,446182,2133,2023,209.18049695264884
52835,20241,4203,21,2024,200.14285714285714
52835,20242,467481,2223,2024,210.29284750337382
52835,20251,6826,36,2025,189.61111111111111
52838,20221,487,2,2022,243.5
52838,20222,126628,493,2022,256.85192697768764
52838,20231,3027,14,2023,216.21428571428572
52838,20232,126655,498,2023,254.3273092369478
52838,20241,4189,20,2024,209.45
52838,20242,122202,469,2024,260.5586353944563
52838,20251,1064,5,2025,212.8
52885,20222,28046,113,2022,248.1946902654867
52885,20232,33299,139,2023,239.5611510791367
52885,20242,24568,100,2024,245.68
54001,20221,78221,347,2022,225.4207492795389
54001,20222,2402944,9065,2022,265.07931605074464
54001,20231,113029,503,2023,224.70974155069584
54001,20232,2562406,9615,2023,266.5008840353614
54001,20241,91633,408,2024,224.5906862745098
54001,20242,2531232,9350,2024,270.72
54001,20251,43470,186,2025,233.70967741935485
54003,20222,56892,227,2022,250.62555066079295
54003,20232,89630,349,2023,256.8194842406877
54003,20242,75750,293,2024,258.5324232081911
54051,20222,21895,91,2022,240.6043956043956
54051,20232,29302,119,2023,246.23529411764707
54051,20242,24622,97,2024,253.83505154639175
54099,20222,24698,95,2022,259.9789473684211
54099,20232,29230,108,2023,270.64814814814815
54099,20242,26526,104,2024,255.05769230769232
54109,20222,8441,37,2022,228.13513513513513
54109,20232,10065,42,2023,239.64285714285714
54109,20242,12752,51,2024,250.0392156862745
54125,20222,6690,27,2022,247.77777777777777
54125,20232,5836,22,2023,265.27272727272725
54125,20242,5301,19,2024,279.0
54128,20222,22946,98,2022,234.14285714285714
54128,20232,21942,88,2023,249.3409090909091
54128,20242,22416,92,2024,243.65217391304347
54172,20222,59198,223,2022,265.46188340807174
54172,20232,72249,269,2023,268.58364312267656
54172,20242,67869,251,2024,270.39442231075697
54174,20222,23175,94,2022,246.54255319148936
54174,20232,32468,124,2023,261.83870967741933
54174,20242,29467,112,2024,263.0982142857143
54206,20222,40075,171,2022,234.35672514619884
54206,20232,52297,217,2023,241.0
54206,20242,45560,188,2024,242.3404255319149
54223,20222,21798,96,2022,227.0625
54223,20232,25713,110,2023,233.75454545454545
54223,20242,22420,98,2024,228.77551020408163
54239,20222,12178,50,2022,243.56
54239,20232,16692,65,2023,256.8
54239,20242,14749,58,2024,254.29310344827587
54245,20222,20814,87,2022,239.24137931034483
54245,20232,13567,52,2023,260.90384615384613
54245,20242,14576,56,2024,260.2857142857143
54250,20222,51124,233,2022,219.41630901287553
54250,20232,43864,202,2023,217.14851485148515
54250,20242,56957,250,2024,227.828
54261,20222,64226,276,2022,232.70289855072463
54261,20232,79748,325,2023,245.37846153846155
54261,20242,77342,310,2024,249.49032258064517
54313,20222,17354,71,2022,244.42253521126761
54313,20232,18331,76,2023,241.19736842105263
54313,20242,19883,83,2024,239.55421686746988
54344,20222,14282,61,2022,234.13114754098362
54344,20232,21818,101,2023,216.01980198019803
54344,20242,20667,89,2024,232.2134831460674
54347,20222,7824,30,2022,260.8
54347,20232,6343,24,2023,264.2916666666667
54347,20242,8380,36,2024,232.77777777777777
54377,20222,17816,73,2022,244.05479452054794
54377,20232,21906,93,2023,235.5483870967742
54377,20242,17208,70,2024,245.82857142857142
54385,20222,28006,120,2022,233.38333333333333
54385,20232,33174,142,2023,233.61971830985917
54385,20242,32036,132,2024,242.6969696969697
54398,20222,16661,68,2022,245.01470588235293
54398,20232,19030,76,2023,250.39473684210526
54398,20242,20587,88,2024,233.9431818181818
54405,20221,505,2,2022,252.5
54405,20222,228716,868,2022,263.49769585253455
54405,20232,277318,1055,2023,262.860663507109
54405,20242,272776,1023,2024,266.64320625610947
54405,20251,467,2,2025,233.5
54418,20222,8928,36,2022,248.0
54418,20232,13621,56,2023,243.23214285714286
54418,20242,12260,47,2024,260.8510638297872
54480,20222,5330,19,2022,280.5263157894737
54480,20232,8763,30,2023,292.1
54480,20242,9308,32,2024,290.875
54498,20221,3729,16,2022,233.0625
54498,20222,320523,1196,2022,267.99581939799333
54498,20232,362156,1342,2023,269.8628912071535
54498,20241,3503,15,2024,233.53333333333333
54498,20242,357447,1280,2024,279.25546875
54498,20251,8061,36,2025,223.91666666666666
54518,20221,1469,6,2022,244.83333333333334
54518,20222,154106,532,2022,289.67293233082705
54518,20231,815,4,2023,203.75
54518,20232,187902,660,2023,284.7
54518,20241,1840,7,2024,262.85714285714283
54518,20242,167948,564,2024,297.78014184397165
54518,20251,6364,27,2025,235.7037037037037
54520,20222,14824,60,2022,247.06666666666666
54520,20232,22434,87,2023,257.86206896551727
54520,20242,16096,61,2024,263.8688524590164
54553,20222,19339,89,2022,217.2921348314607
54553,20232,18176,82,2023,221.65853658536585
54553,20242,17640,78,2024,226.15384615384616
54599,20222,13564,54,2022,251.1851851851852
54599,20232,18659,72,2023,259.15277777777777
54599,20242,12753,49,2024,260.265306122449
54660,20222,27266,112,2022,243.44642857142858
54660,20232,30381,121,2023,251.08264462809916
54660,20242,31546,117,2024,269.62393162393164
54670,20222,10851,48,2022,226.0625
54670,20232,14396,65,2023,221.47692307692307
54670,20242,14117,65,2024,217.1846153846154
54673,20222,15410,63,2022,244.6031746031746
54673,20232,16669,66,2023,252.56060606060606
54673,20242,19489,78,2024,249.85897435897436
54680,20222,9967,38,2022,262.2894736842105
54680,20232,14751,60,2023,245.85
54680,20242,11072,46,2024,240.69565217391303
54720,20222,62222,262,2022,237.4885496183206
54720,20232,68896,273,2023,252.36630036630038
54720,20241,1222,6,2024,203.66666666666666
54720,20242,57429,229,2024,250.7816593886463
54743,20222,15035,57,2022,263.7719298245614
54743,20232,13816,52,2023,265.6923076923077
54743,20242,14493,54,2024,268.3888888888889
54800,20222,39900,170,2022,234.7058823529412
54800,20232,40622,179,2023,226.9385474860335
54800,20242,50295,219,2024,229.65753424657535
54810,20222,107477,475,2022,226.26736842105262
54810,20232,129401,553,2023,233.998191681736
54810,20242,157799,679,2024,232.39911634756996
54820,20222,49214,201,2022,244.84577114427861
54820,20232,64913,265,2023,244.95471698113207
54820,20242,57612,231,2024,249.4025974025974
54871,20222,9053,37,2022,244.67567567567568
54871,20232,7217,27,2023,267.2962962962963
54871,20242,10297,43,2024,239.46511627906978
54874,20222,263607,1021,2022,258.1851126346719
54874,20232,300603,1154,2023,260.4878682842288
54874,20242,264478,993,2024,266.3423967774421
63001,20221,1566,7,2022,223.71428571428572
63001,20222,821675,3056,2022,268.8727094240838
63001,20231,6111,28,2023,218.25
63001,20232,807138,2929,2023,275.56777057016046
63001,20241,15672,54,2024,290.22222222222223
63001,20242,790167,2802,2024,282.00107066381156
63001,20251,44797,181,2025,247.4972375690608
63111,20222,6206,26,2022,238.69230769230768
63111,20232,6158,25,2023,246.32
63111,20242,8028,32,2024,250.875
63130,20222,195846,751,2022,260.780292942743
63130,20232,196799,747,2023,263.4524765729585
63130,20242,184560,696,2024,265.17241379310343
63190,20221,1398,4,2022,349.5
63190,20222,74306,293,2022,253.60409556313994
63190,20231,1026,3,2023,342.0
63190,20232,72548,278,2023,260.9640287769784
63190,20241,1178,4,2024,294.5
63190,20242,72569,279,2024,260.10394265232975
63190,20251,1761,5,2025,352.2
63212,20222,14164,61,2022,232.19672131147541
63212,20232,16786,70,2023,239.8
63212,20242,13697,54,2024,253.64814814814815
63272,20222,40167,155,2022,259.14193548387095
63272,20232,40214,165,2023,243.72121212121212
63272,20242,40267,163,2024,247.03680981595093
63302,20222,21480,91,2022,236.04395604395606
63302,20232,22651,95,2023,238.43157894736842
63302,20242,18394,75,2024,245.25333333333333
63401,20222,106419,446,2022,238.60762331838566
63401,20232,107965,440,2023,245.375
63401,20242,97197,403,2024,241.1836228287841
63470,20222,92162,384,2022,240.00520833333334
63470,20232,87471,356,2023,245.70505617977528
63470,20242,86399,346,2024,249.70809248554914
63548,20222,25047,100,2022,250.47
63548,20232,28947,116,2023,249.54310344827587
63548,20242,26989,113,2024,238.84070796460176
63594,20221,206,1,2022,206.0
63594,20222,88967,360,2022,247.13055555555556
63594,20232,86760,346,2023,250.7514450867052
63594,20242,79166,309,2024,256.2006472491909
63690,20221,15080,45,2022,335.1111111111111
63690,20222,33208,123,2022,269.9837398373984
63690,20231,13553,40,2023,338.825
63690,20232,35969,128,2023,281.0078125
63690,20241,12500,37,2024,337.8378378378378
63690,20242,26555,97,2024,273.7628865979381
63690,20251,12685,40,2025,317.125
66001,20221,68536,224,2022,305.9642857142857
66001,20222,1381254,5319,2022,259.6830231246475
66001,20231,71925,237,2023,303.4810126582278
66001,20232,1435097,5470,2023,262.3577696526508
66001,20241,85365,281,2024,303.79003558718864
66001,20242,1391538,5304,2024,262.35633484162895
66001,20251,86433,285,2025,303.2736842105263
66045,20222,36877,163,2022,226.23926380368098
66045,20232,35578,156,2023,228.06410256410257
66045,20242,30109,133,2024,226.38345864661653
66075,20222,12833,57,2022,225.140350877193
66075,20232,14695,66,2023,222.65151515151516
66075,20242,10665,45,2024,237.0
66088,20222,66980,295,2022,227.05084745762713
66088,20232,75360,322,2023,234.03726708074535
66088,20242,64077,275,2024,233.00727272727272
66170,20221,914,4,2022,228.5
66170,20222,504975,1884,2022,268.03343949044586
66170,20231,970,4,2023,242.5
66170,20232,537644,2006,2023,268.01794616151545
66170,20241,759,3,2024,253.0
66170,20242,536060,1993,2024,268.97139989964876
66170,20251,235,1,2025,235.0
66318,20222,41664,182,2022,228.92307692307693
66318,20232,39278,168,2023,233.79761904761904
66318,20242,32349,140,2024,231.06428571428572
66383,20222,19423,87,2022,223.2528735632184
66383,20232,20942,91,2023,230.13186813186815
66383,20242,21402,94,2024,227.68085106382978
66400,20222,72835,301,2022,241.97674418604652
66400,20232,88772,372,2023,238.63440860215053
66400,20242,113850,495,2024,230.0
66440,20222,36180,153,2022,236.47058823529412
66440,20232,36191,155,2023,233.49032258064517
66440,20242,32482,144,2024,225.56944444444446
66456,20222,26859,123,2022,218.3658536585366
66456,20232,36145,169,2023,213.87573964497042
66456,20242,32271,151,2024,213.71523178807948
66572,20222,26504,138,2022,192.05797101449275
66572,20232,32140,168,2023,191.3095238095238
66572,20242,32354,167,2024,193.73652694610777
66594,20222,100815,432,2022,233.36805555555554
66594,20232,90046,382,2023,235.72251308900525
66594,20242,92603,396,2024,233.84595959595958
66682,20222,177548,692,2022,256.57225433526014
66682,20232,210655,815,2023,258.4723926380368
66682,20241,2130,10,2024,213.0
66682,20242,199990,771,2024,259.390402075227
66682,20251,6418,30,2025,213.93333333333334
66687,20222,27249,112,2022,243.29464285714286
66687,20232,28128,118,2023,238.3728813559322
66687,20242,25118,108,2024,232.57407407407408
68001,20221,23161,95,2022,243.8
68001,20222,1840229,6565,2022,280.3090632140137
68001,20231,21599,90,2023,239.98888888888888
68001,20232,1969606,6944,2023,283.64141705069125
68001,20241,28504,119,2024,239.52941176470588
68001,20242,1934096,6855,2024,282.143836615609
68001,20251,12861,51,2025,252.1764705882353
68013,20222,4271,16,2022,266.9375
68013,20232,6145,23,2023,267.17391304347825
68013,20242,5635,21,2024,268.3333333333333
68020,20222,10915,45,2022,242.55555555555554
68020,20232,11463,44,2023,260.52272727272725
68020,20242,10470,42,2024,249.28571428571428
68051,20222,29227,119,2022,245.60504201680672
68051,20232,33679,139,2023,242.29496402877697
68051,20242,28620,123,2024,232.6829268292683
68077,20222,124935,492,2022,253.9329268292683
68077,20232,138199,546,2023,253.1117216117216
68077,20242,121572,487,2024,249.63449691991786
68079,20222,28738,107,2022,268.57943925233644
68079,20232,38850,140,2023,277.5
68079,20242,32587,116,2024,280.92241379310343
68081,20221,3078,14,2022,219.85714285714286
68081,20222,642905,2446,2022,262.8393295175797
68081,20231,9509,44,2023,216.11363636363637
68081,20232,785179,3016,2023,260.3378647214854
68081,20241,2564,12,2024,213.66666666666666
68081,20242,774007,2931,2024,264.07608324803823
68081,20251,255,1,2025,255.0
68092,20222,6678,25,2022,267.12
68092,20232,11811,43,2023,274.6744186046512
68092,20242,10846,39,2024,278.1025641025641
68101,20222,29364,121,2022,242.67768595041323
68101,20232,31278,128,2023,244.359375
68101,20242,34374,144,2024,238.70833333333334
68121,20222,7281,26,2022,280.03846153846155
68121,20232,7350,27,2023,272.22222222222223
68121,20242,4905,17,2024,288.52941176470586
68132,20222,5627,22,2022,255.77272727272728
68132,20232,9268,34,2023,272.5882352941176
68132,20242,7730,28,2024,276.07142857142856
68147,20222,24748,101,2022,245.02970297029702
68147,20232,19402,75,2023,258.6933333333333
68147,20242,18271,74,2024,246.90540540540542
68152,20222,15012,60,2022,250.2
68152,20232,14905,59,2023,252.6271186440678
68152,20242,12188,48,2024,253.91666666666666
68160,20222,5838,24,2022,243.25
68160,20232,8303,34,2023,244.2058823529412
68160,20242,4708,20,2024,235.4
68162,20222,24312,93,2022,261.4193548387097
68162,20232,32704,128,2023,255.5
68162,20242,27780,106,2024,262.07547169811323
68167,20222,55047,196,2022,280.8520408163265
68167,20232,56717,199,2023,285.0100502512563
68167,20242,44276,158,2024,280.2278481012658
68169,20222,4574,18,2022,254.11111111111111
68169,20232,5097,19,2023,268.2631578947368
68169,20242,6450,23,2024,280.4347826086956
68176,20222,6679,27,2022,247.37037037037038
68176,20232,7349,28,2023,262.4642857142857
68176,20242,6264,24,2024,261.0
68179,20222,13308,52,2022,255.92307692307693
68179,20232,15315,62,2023,247.01612903225808
68179,20242,9165,37,2024,247.7027027027027
68190,20222,96131,413,2022,232.76271186440678
68190,20232,104270,448,2023,232.74553571428572
68190,20242,99901,422,2024,236.73222748815166
68207,20222,14410,52,2022,277.11538461538464
68207,20232,14933,56,2023,266.6607142857143
68207,20242,11490,45,2024,255.33333333333334
68209,20222,5090,22,2022,231.36363636363637
68209,20232,7061,28,2023,252.17857142857142
68209,20242,8570,36,2024,238.05555555555554
68211,20222,13055,47,2022,277.7659574468085
68211,20232,13768,48,2023,286.8333333333333
68211,20242,14070,50,2024,281.4
68217,20222,13818,53,2022,260.7169811320755
68217,20232,13919,55,2023,253.07272727272726
68217,20242,10225,39,2024,262.1794871794872
68229,20222,41149,165,2022,249.38787878787878
68229,20232,51898,210,2023,247.13333333333333
68229,20242,38561,154,2024,250.3961038961039
68235,20222,36954,153,2022,241.52941176470588
68235,20232,49390,199,2023,248.19095477386935
68235,20242,37782,151,2024,250.21192052980132
68245,20222,6113,23,2022,265.7826086956522
68245,20232,7099,25,2023,283.96
68245,20242,5508,21,2024,262.2857142857143
68250,20222,14024,60,2022,233.73333333333332
68250,20232,13519,58,2023,233.08620689655172
68250,20242,8822,37,2024,238.43243243243242
68255,20222,36080,150,2022,240.53333333333333
68255,20232,40367,163,2023,247.65030674846625
68255,20242,37828,148,2024,255.59459459459458
68264,20222,2550,10,2022,255.0
68264,20232,6011,26,2023,231.19230769230768
68264,20242,3565,14,2024,254.64285714285714
68266,20222,12324,47,2022,262.21276595744683
68266,20232,13464,49,2023,274.7755102040816
68266,20242,12877,51,2024,252.49019607843138
68271,20222,14725,61,2022,241.39344262295083
68271,20232,15099,59,2023,255.91525423728814
68271,20242,12384,50,2024,247.68
68276,20221,47353,141,2022,335.83687943262413
68276,20222,794357,2825,2022,281.18831858407077
68276,20231,46485,134,2023,346.9029850746269
68276,20232,833648,2944,2023,283.16847826086956
68276,20241,43155,130,2024,331.96153846153845
68276,20242,862038,3040,2024,283.5651315789474
68276,20251,32508,107,2025,303.8130841121495
68296,20222,8817,35,2022,251.9142857142857
68296,20232,5492,21,2023,261.5238095238095
68296,20242,8983,40,2024,224.575
68298,20222,9122,35,2022,260.62857142857143
68298,20232,8364,34,2023,246.0
68298,20242,8840,34,2024,260.0
68307,20221,2859,12,2022,238.25
68307,20222,434356,1611,2022,269.61887026691494
68307,20232,460897,1710,2023,269.53040935672516
68307,20242,475668,1734,2024,274.318339100346
68307,20251,27659,75,2025,368.7866666666667
68318,20222,15628,64,2022,244.1875
68318,20232,11581,49,2023,236.3469387755102
68318,20242,22537,102,2024,220.95098039215685
68320,20222,21518,82,2022,262.4146341463415
68320,20232,17126,64,2023,267.59375
68320,20242,17304,65,2024,266.2153846153846
68322,20222,6783,26,2022,260.88461538461536
68322,20232,4763,18,2023,264.6111111111111
68322,20242,6620,28,2024,236.42857142857142
68324,20222,6006,25,2022,240.24
68324,20232,8669,35,2023,247.68571428571428
68324,20242,8086,33,2024,245.03030303030303
68327,20222,11849,45,2022,263.31111111111113
68327,20232,11474,46,2023,249.43478260869566
68327,20242,13607,51,2024,266.80392156862746
68344,20222,6947,28,2022,248.10714285714286
68344,20232,8702,34,2023,255.94117647058823
68344,20242,5452,22,2024,247.8181818181818
68368,20222,8863,36,2022,246.19444444444446
68368,20232,11298,42,2023,269.0
68368,20242,11241,42,2024,267.64285714285717
68370,20222,4883,19,2022,257.0
68370,20232,5356,21,2023,255.04761904761904
68370,20242,6950,28,2024,248.21428571428572
68377,20222,13431,53,2022,253.41509433962264
68377,20232,12931,50,2023,258.62
68377,20242,14257,52,2024,274.1730769230769
68385,20222,27813,116,2022,239.76724137931035
68385,20232,34050,143,2023,238.1118881118881
68385,20242,27978,115,2024,243.28695652173914
68397,20222,10869,43,2022,252.7674418604651
68397,20232,8227,32,2023,257.09375
68397,20242,12929,50,2024,258.58
68406,20222,141403,557,2022,253.8653500897666
68406,20232,154924,594,2023,260.81481481481484
68406,20242,157513,600,2024,262.52166666666665
68418,20222,35103,145,2022,242.08965517241379
68418,20232,46494,186,2023,249.96774193548387
68418,20242,41603,173,2024,240.47976878612718
68425,20222,7428,29,2022,256.13793103448273
68425,20232,5797,22,2023,263.5
68425,20242,7951,31,2024,256.48387096774195
68432,20221,541,2,2022,270.5
68432,20222,102634,377,2022,272.2387267904509
68432,20231,1004,5,2023,200.8
68432,20232,97110,355,2023,273.5492957746479
68432,20242,115329,422,2024,273.2914691943128
68432,20251,3810,18,2025,211.66666666666666
68444,20222,15589,62,2022,251.43548387096774
68444,20232,21428,84,2023,255.0952380952381
68444,20242,17263,68,2024,253.86764705882354
68464,20222,30903,128,2022,241.4296875
68464,20232,38860,161,2023,241.3664596273292
68464,20242,36512,145,2024,251.80689655172415
68468,20222,10862,46,2022,236.1304347826087
68468,20232,14125,57,2023,247.80701754385964
68468,20242,9423,37,2024,254.67567567567568
68498,20222,12606,49,2022,257.265306122449
68498,20232,12376,49,2023,252.57142857142858
68498,20242,14298,53,2024,269.77358490566036
68500,20222,39729,152,2022,261.375
68500,20232,60047,225,2023,266.87555555555554
68500,20242,41146,158,2024,260.4177215189873
68502,20222,10368,43,2022,241.11627906976744
68502,20232,16116,63,2023,255.8095238095238
68502,20242,13348,54,2024,247.1851851851852
68522,20222,7333,27,2022,271.5925925925926
68522,20232,4190,15,2023,279.3333333333333
68522,20242,4213,15,2024,280.8666666666667
68524,20222,6711,25,2022,268.44
68524,20232,10769,42,2023,256.4047619047619
68524,20242,9078,36,2024,252.16666666666666
68533,20222,13871,50,2022,277.42
68533,20232,13895,47,2023,295.63829787234044
68533,20242,14814,51,2024,290.47058823529414
68547,20221,2905,12,2022,242.08333333333334
68547,20222,567702,2102,2022,270.0770694576594
68547,20231,26098,81,2023,322.1975308641975
68547,20232,587352,2166,2023,271.1689750692521
68547,20241,19596,63,2024,311.04761904761904
68547,20242,622687,2284,2024,272.6300350262697
68547,20251,22207,67,2025,331.44776119402985
68549,20222,11219,44,2022,254.97727272727272
68549,20232,16213,65,2023,249.43076923076924
68549,20242,12415,47,2024,264.1489361702128
68572,20222,84426,314,2022,268.87261146496814
68572,20232,79128,291,2023,271.91752577319585
68572,20242,75513,274,2024,275.5948905109489
68573,20222,19481,86,2022,226.52325581395348
68573,20232,16902,74,2023,228.40540540540542
68573,20242,17495,76,2024,230.19736842105263
68575,20222,80545,352,2022,228.82102272727272
68575,20232,94467,421,2023,224.3871733966746
68575,20242,89373,386,2024,231.53626943005182
68615,20222,77409,322,2022,240.40062111801242
68615,20232,89095,366,2023,243.42896174863387
68615,20242,80096,328,2024,244.1951219512195
68655,20222,101306,420,2022,241.2047619047619
68655,20232,93790,375,2023,250.10666666666665
68655,20242,107816,444,2024,242.82882882882882
68669,20222,34984,141,2022,248.11347517730496
68669,20232,40177,158,2023,254.28481012658227
68669,20242,31502,116,2024,271.5689655172414
68673,20222,4833,20,2022,241.65
68673,20232,5632,23,2023,244.8695652173913
68673,20242,4800,19,2024,252.6315789473684
68679,20221,12654,61,2022,207.44262295081967
68679,20222,278917,1079,2022,258.4958294717331
68679,20231,6718,32,2023,209.9375
68679,20232,280749,1075,2023,261.16186046511626
68679,20241,9022,42,2024,214.8095238095238
68679,20242,320270,1235,2024,259.32793522267207
68679,20251,17651,85,2025,207.65882352941176
68682,20222,9651,40,2022,241.275
68682,20232,6713,30,2023,223.76666666666668
68682,20242,6586,26,2024,253.30769230769232
68684,20222,13887,52,2022,267.0576923076923
68684,20232,10605,40,2023,265.125
68684,20242,13149,46,2024,285.8478260869565
68686,20222,9062,33,2022,274.6060606060606
68686,20232,8528,32,2023,266.5
68686,20242,7938,33,2024,240.54545454545453
68689,20222,83602,317,2022,263.7287066246057
68689,20232,103616,387,2023,267.74160206718346
68689,20242,84065,326,2024,257.8680981595092
68705,20222,6112,23,2022,265.7391304347826
68705,20232,5474,20,2023,273.7
68705,20242,4524,17,2024,266.11764705882354
68720,20222,8393,33,2022,254.33333333333334
68720,20232,11982,45,2023,266.26666666666665
68720,20242,7752,31,2024,250.06451612903226
68745,20222,22161,90,2022,246.23333333333332
68745,20232,26526,107,2023,247.90654205607476
68745,20242,26372,104,2024,253.57692307692307
68755,20222,161676,621,2022,260.3478260869565
68755,20232,158267,611,2023,259.02945990180035
68755,20242,164944,618,2024,266.8996763754045
68770,20222,32366,128,2022,252.859375
68770,20232,34373,131,2023,262.3893129770992
68770,20242,38575,148,2024,260.6418918918919
68773,20222,18572,75,2022,247.62666666666667
68773,20232,20477,83,2023,246.710843373494
68773,20242,17615,72,2024,244.65277777777777
68780,20222,12249,46,2022,266.2826086956522
68780,20232,11720,44,2023,266.3636363636364
68780,20242,7827,29,2024,269.8965517241379
68820,20222,18402,73,2022,252.08219178082192
68820,20232,17786,69,2023,257.768115942029
68820,20242,11580,46,2024,251.7391304347826
68855,20222,16374,65,2022,251.90769230769232
68855,20232,21715,85,2023,255.47058823529412
68855,20242,18829,73,2024,257.93150684931504
68861,20222,60172,234,2022,257.14529914529913
68861,20232,68948,261,2023,264.16858237547893
68861,20242,69446,270,2024,257.2074074074074
68867,20222,3428,13,2022,263.6923076923077
68867,20232,3376,12,2023,281.3333333333333
68867,20242,3365,12,2024,280.4166666666667
68872,20222,20652,75,2022,275.36
68872,20232,22444,84,2023,267.1904761904762
68872,20242,24133,89,2024,271.1573033707865
68895,20222,31388,125,2022,251.104
68895,20232,36596,139,2023,263.28057553956836
68895,20242,34761,132,2024,263.34090909090907
70001,20221,1210,6,2022,201.66666666666666
70001,20222,998525,3938,2022,253.5614525139665
70001,20231,939,4,2023,234.75
70001,20232,1047904,4093,2023,256.02345467871976
70001,20241,191,1,2024,191.0
70001,20242,1092929,4192,2024,260.71779580152673
70110,20222,26115,114,2022,229.07894736842104
70110,20232,32222,131,2023,245.96946564885496
70110,20242,27622,114,2024,242.2982456140351
70124,20222,30665,149,2022,205.80536912751677
70124,20232,32868,161,2023,204.14906832298138
70124,20242,27729,132,2024,210.0681818181818
70204,20222,19184,83,2022,231.13253012048193
70204,20232,23230,98,2023,237.0408163265306
70204,20242,25336,106,2024,239.0188679245283
70215,20221,1688,9,2022,187.55555555555554
70215,20222,262959,1022,2022,257.29843444227004
70215,20231,1807,9,2023,200.77777777777777
70215,20232,258208,1010,2023,255.65148514851487
70215,20241,1588,8,2024,198.5
70215,20242,259002,981,2024,264.0183486238532
70215,20251,3057,15,2025,203.8
70221,20222,43957,189,2022,232.57671957671957
70221,20232,59777,239,2023,250.11297071129707
70221,20242,58005,237,2024,244.74683544303798
70230,20222,9541,45,2022,212.0222222222222
70230,20232,9750,46,2023,211.95652173913044
70230,20242,10715,50,2024,214.3
70233,20222,32751,139,2022,235.61870503597123
70233,20232,29648,122,2023,243.01639344262296
70233,20242,25463,105,2024,242.5047619047619
70235,20221,162,1,2022,162.0
70235,20222,72340,303,2022,238.74587458745876
70235,20232,61752,251,2023,246.0239043824701
70235,20242,74256,304,2024,244.26315789473685
70265,20222,27363,126,2022,217.16666666666666
70265,20232,32042,150,2023,213.61333333333334
70265,20242,34069,162,2024,210.30246913580248
70400,20222,38796,162,2022,239.4814814814815
70400,20232,36687,162,2023,226.46296296296296
70400,20242,37107,165,2024,224.8909090909091
70418,20222,59921,276,2022,217.10507246376812
70418,20232,68617,306,2023,224.23856209150327
70418,20242,72544,312,2024,232.51282051282053
70429,20222,99931,475,2022,210.38105263157894
70429,20232,114462,533,2023,214.75046904315198
70429,20242,106284,506,2024,210.04743083003953
70473,20222,24067,103,2022,233.6601941747573
70473,20232,26436,114,2023,231.89473684210526
70473,20242,21180,86,2024,246.27906976744185
70508,20221,1365,7,2022,195.0
70508,20222,57632,260,2022,221.66153846153847
70508,20232,66637,299,2023,222.86622073578596
70508,20242,65458,285,2024,229.67719298245615
70523,20222,42053,198,2022,212.38888888888889
70523,20232,44099,201,2023,219.39800995024876
70523,20242,39283,178,2024,220.69101123595505
70670,20221,745,4,2022,186.25
70670,20222,151636,685,2022,221.36642335766425
70670,20232,140105,633,2023,221.3349131121643
70670,20241,6791,34,2024,199.73529411764707
70670,20242,161149,712,2024,226.3328651685393
70670,20251,2444,11,2025,222.1818181818182
70678,20222,49316,240,2022,205.48333333333332
70678,20232,56894,276,2023,206.13768115942028
70678,20242,46014,212,2024,217.04716981132074
70702,20222,34257,155,2022,221.01290322580644
70702,20232,34946,153,2023,228.40522875816993
70702,20242,36735,160,2024,229.59375
70708,20222,169408,758,2022,223.4934036939314
70708,20232,172560,743,2023,232.24764468371467
70708,20242,178696,754,2024,236.9973474801061
70708,20251,361,2,2025,180.5
70713,20222,127039,613,2022,207.24143556280586
70713,20232,123303,580,2023,212.59137931034482
70713,20242,116635,551,2024,211.67876588021778
70717,20222,56463,232,2022,243.375
70717,20232,51438,213,2023,241.49295774647888
70717,20242,60594,235,2024,257.8468085106383
70742,20222,65342,276,2022,236.7463768115942
70742,20231,1559,7,2023,222.71428571428572
70742,20232,67807,278,2023,243.91007194244605
70742,20241,1016,5,2024,203.2
70742,20242,68776,279,2024,246.5089605734767
70771,20222,49884,226,2022,220.72566371681415
70771,20232,49119,216,2023,227.40277777777777
70771,20242,42382,184,2024,230.33695652173913
70820,20221,191,1,2022,191.0
70820,20222,83364,352,2022,236.82954545454547
70820,20232,104919,458,2023,229.08078602620088
70820,20242,109245,475,2024,229.98947368421054
70823,20222,59224,262,2022,226.04580152671755
70823,20232,71791,300,2023,239.30333333333334
70823,20242,61981,254,2024,244.01968503937007
73001,20221,17077,76,2022,224.69736842105263
73001,20222,1796784,6901,2022,260.3657440950587
73001,20231,15701,66,2023,237.8939393939394
73001,20232,1897635,7235,2023,262.2854181064271
73001,20241,16217,68,2024,238.48529411764707
73001,20242,1885240,7106,2024,265.30256121587394
73001,20251,21319,87,2025,245.04597701149424
73024,20222,12209,50,2022,244.18
73024,20232,8839,35,2023,252.54285714285714
73024,20242,14237,59,2024,241.3050847457627
73026,20222,22202,94,2022,236.19148936170214
73026,20232,18365,75,2023,244.86666666666667
73026,20242,17105,71,2024,240.91549295774647
73030,20222,12539,53,2022,236.58490566037736
73030,20232,10252,45,2023,227.82222222222222
73030,20242,14565,63,2024,231.1904761904762
73043,20222,21333,93,2022,229.38709677419354
73043,20232,24354,103,2023,236.44660194174756
73043,20242,25097,102,2024,246.04901960784315
73055,20222,28546,125,2022,228.368
73055,20232,27905,120,2023,232.54166666666666
73055,20242,34275,150,2024,228.5
73067,20222,35077,162,2022,216.52469135802468
73067,20232,50183,226,2023,222.0486725663717
73067,20242,47480,218,2024,217.7981651376147
73124,20222,55649,231,2022,240.9047619047619
73124,20231,886,4,2023,221.5
73124,20232,64965,275,2023,236.23636363636365
73124,20242,55706,226,2024,246.4867256637168
73148,20221,629,3,2022,209.66666666666666
73148,20222,32093,140,2022,229.2357142857143
73148,20232,32602,144,2023,226.40277777777777
73148,20242,27825,123,2024,226.21951219512195
73152,20222,11392,48,2022,237.33333333333334
73152,20232,16211,67,2023,241.955223880597
73152,20242,12116,49,2024,247.26530612244898
73168,20221,4889,23,2022,212.56521739130434
73168,20222,138475,596,2022,232.34060402684563
73168,20231,3366,15,2023,224.4
73168,20232,138561,564,2023,245.6755319148936
73168,20241,929,4,2024,232.25
73168,20242,155787,644,2024,241.9052795031056
73168,20251,1183,6,2025,197.16666666666666
73200,20222,19503,89,2022,219.13483146067415
73200,20232,23537,104,2023,226.31730769230768
73200,20242,18640,82,2024,227.3170731707317
73217,20222,67013,330,2022,203.06969696969696
73217,20232,72080,359,2023,200.7799442896936
73217,20241,174,1,2024,174.0
73217,20242,64907,322,2024,201.57453416149067
73217,20251,181,1,2025,181.0
73226,20222,19537,84,2022,232.58333333333334
73226,20232,23223,100,2023,232.23
73226,20242,26730,115,2024,232.43478260869566
73236,20222,22104,93,2022,237.67741935483872
73236,20232,20984,88,2023,238.45454545454547
73236,20242,23601,93,2024,253.7741935483871
73268,20221,7870,39,2022,201.7948717948718
73268,20222,211216,878,2022,240.56492027334852
73268,20231,14527,72,2023,201.76388888888889
73268,20232,239599,984,2023,243.494918699187
73268,20241,15867,77,2024,206.06493506493507
73268,20242,230176,945,2024,243.57248677248677
73268,20251,12722,59,2025,215.6271186440678
73270,20222,21859,92,2022,237.59782608695653
73270,20232,29969,118,2023,253.97457627118644
73270,20242,29865,120,2024,248.875
73275,20222,65151,296,2022,220.10472972972974
73275,20232,66146,298,2023,221.96644295302013
73275,20242,63347,284,2024,223.05281690140845
73283,20222,85245,341,2022,249.98533724340177
73283,20232,94898,373,2023,254.41823056300268
73283,20242,105278,420,2024,250.66190476190476
73319,20222,82543,374,2022,220.70320855614975
73319,20232,82470,374,2023,220.50802139037432
73319,20241,2202,12,2024,183.5
73319,20242,91142,396,2024,230.15656565656565
73319,20251,1488,8,2025,186.0
73347,20222,15669,59,2022,265.5762711864407
73347,20232,14405,56,2023,257.23214285714283
73347,20242,16971,66,2024,257.1363636363636
73349,20222,59347,246,2022,241.2479674796748
73349,20232,70340,278,2023,253.02158273381295
73349,20242,61977,245,2024,252.9673469387755
73352,20222,33449,139,2022,240.64028776978418
73352,20232,28794,123,2023,234.09756097560975
73352,20241,441,2,2024,220.5
73352,20242,35634,151,2024,235.98675496688742
73352,20251,684,3,2025,228.0
73408,20222,49606,220,2022,225.48181818181817
73408,20232,56693,254,2023,223.20078740157481
73408,20242,55269,233,2024,237.206008583691
73411,20221,2550,10,2022,255.0
73411,20222,102971,404,2022,254.87871287128712
73411,20231,2597,12,2023,216.41666666666666
73411,20232,116894,456,2023,256.3464912280702
73411,20241,4121,18,2024,228.94444444444446
73411,20242,111541,438,2024,254.65981735159818
73411,20251,6954,29,2025,239.79310344827587
73443,20221,6057,28,2022,216.32142857142858
73443,20222,107968,439,2022,245.94077448747151
73443,20231,3815,19,2023,200.78947368421052
73443,20232,125262,498,2023,251.53012048192772
73443,20241,4026,18,2024,223.66666666666666
73443,20242,112235,445,2024,252.2134831460674
73443,20251,2541,11,2025,231.0
73449,20221,3362,15,2022,224.13333333333333
73449,20222,120455,494,2022,243.83603238866397
73449,20231,3246,14,2023,231.85714285714286
73449,20232,130413,524,2023,248.87977099236642
73449,20241,2742,12,2024,228.5
73449,20242,130851,523,2024,250.19311663479922
73449,20251,3225,15,2025,215.0
73461,20222,7695,32,2022,240.46875
73461,20232,8073,32,2023,252.28125
73461,20242,5034,19,2024,264.94736842105266
73483,20222,48510,217,2022,223.5483870967742
73483,20231,166,1,2023,166.0
73483,20232,49182,220,2023,223.55454545454546
73483,20241,687,3,2024,229.0
73483,20242,40369,186,2024,217.03763440860214
73483,20251,3092,15,2025,206.13333333333333
73504,20222,77399,358,2022,216.19832402234636
73504,20232,80442,368,2023,218.5923913043478
73504,20242,90588,418,2024,216.7177033492823
73520,20222,25672,106,2022,242.18867924528303
73520,20232,20629,85,2023,242.69411764705882
73520,20242,23196,95,2024,244.16842105263157
73547,20222,12839,54,2022,237.75925925925927
73547,20232,16116,67,2023,240.53731343283582
73547,20242,11582,50,2024,231.64
73555,20222,55661,248,2022,224.43951612903226
73555,20232,72552,316,2023,229.59493670886076
73555,20242,72111,320,2024,225.346875
73563,20222,20916,94,2022,222.51063829787233
73563,20232,26120,113,2023,231.1504424778761
73563,20242,30185,130,2024,232.19230769230768
73585,20222,64089,286,2022,224.0874125874126
73585,20232,65792,286,2023,230.04195804195805
73585,20241,531,3,2024,177.0
73585,20242,66358,288,2024,230.40972222222223
73616,20222,49225,225,2022,218.77777777777777
73616,20232,53166,234,2023,227.2051282051282
73616,20242,53589,223,2024,240.30941704035874
73622,20222,11998,53,2022,226.37735849056602
73622,20232,11945,53,2023,225.37735849056602
73622,20242,11661,52,2024,224.25
73624,20222,75613,335,2022,225.71044776119402
73624,20232,81636,358,2023,228.03351955307264
73624,20242,70596,312,2024,226.26923076923077
73671,20222,36559,166,2022,220.23493975903614
73671,20232,38497,175,2023,219.98285714285714
73671,20242,34399,154,2024,223.37012987012986
73675,20222,47851,212,2022,225.71226415094338
73675,20232,48833,212,2023,230.3443396226415
73675,20242,46037,200,2024,230.185
73678,20222,36507,154,2022,237.05844155844156
73678,20232,34236,145,2023,236.1103448275862
73678,20242,34018,144,2024,236.23611111111111
73686,20221,1510,7,2022,215.71428571428572
73686,20222,12023,51,2022,235.7450980392157
73686,20231,416,2,2023,208.0
73686,20232,14143,58,2023,243.8448275862069
73686,20242,14287,62,2024,230.43548387096774
73770,20222,6622,28,2022,236.5
73770,20232,7144,33,2023,216.4848484848485
73770,20242,9357,42,2024,222.78571428571428
73854,20222,15614,69,2022,226.28985507246378
73854,20232,12732,53,2023,240.22641509433961
73854,20242,12534,54,2024,232.11111111111111
73861,20222,38869,171,2022,227.30409356725147
73861,20232,35185,147,2023,239.35374149659864
73861,20242,38111,160,2024,238.19375
73870,20222,26117,102,2022,256.04901960784315
73870,20232,17508,68,2023,257.47058823529414
73870,20242,19459,76,2024,256.0394736842105
73873,20222,12334,55,2022,224.25454545454545
73873,20232,13130,53,2023,247.73584905660377
73873,20242,6103,25,2024,244.12
76001,20221,1610539,5448,2022,295.62022760646107
76001,20222,4276329,17108,2022,249.960778583119
76001,20231,1579581,5293,2023,298.42830153032304
76001,20232,4273630,16998,2023,251.4195787739734
76001,20241,1569628,5256,2024,298.63546423135466
76001,20242,4001515,15843,2024,252.5730606577037
76001,20251,1582709,5287,2025,299.35861547191223
76020,20222,35474,159,2022,223.1069182389937
76020,20232,34832,157,2023,221.85987261146497
76020,20242,35829,158,2024,226.76582278481013
76036,20222,47679,199,2022,239.5929648241206
76036,20232,42227,168,2023,251.35119047619048
76036,20242,44638,180,2024,247.98888888888888
76041,20222,29390,122,2022,240.9016393442623
76041,20232,32160,137,2023,234.74452554744525
76041,20242,31387,135,2024,232.4962962962963
76054,20222,15518,73,2022,212.57534246575344
76054,20232,15004,68,2023,220.64705882352942
76054,20242,14538,62,2024,234.48387096774192
76100,20222,32788,131,2022,250.29007633587787
76100,20232,33408,133,2023,251.18796992481202
76100,20242,33741,135,2024,249.93333333333334
76109,20221,1984,9,2022,220.44444444444446
76109,20222,819683,3739,2022,219.22519390211286
76109,20231,2386,12,2023,198.83333333333334
76109,20232,745945,3354,2023,222.4045915324985
76109,20241,5772,30,2024,192.4
76109,20242,753409,3368,2024,223.69625890736341
76109,20251,3995,20,2025,199.75
76111,20221,80875,275,2022,294.09090909090907
76111,20222,284763,1075,2022,264.89581395348836
76111,20231,96466,335,2023,287.9582089552239
76111,20232,255435,971,2023,263.0638516992791
76111,20241,84824,295,2024,287.53898305084743
76111,20242,255500,956,2024,267.25941422594144
76111,20251,91792,315,2025,291.4031746031746
76113,20221,1614,7,2022,230.57142857142858
76113,20222,56918,240,2022,237.15833333333333
76113,20231,252,1,2023,252.0
76113,20232,62821,260,2023,241.61923076923077
76113,20242,53176,220,2024,241.70909090909092
76113,20251,1634,9,2025,181.55555555555554
76122,20222,68245,283,2022,241.14840989399292
76122,20232,58708,240,2023,244.61666666666667
76122,20242,64025,258,2024,248.15891472868216
76126,20222,57644,220,2022,262.0181818181818
76126,20232,50827,196,2023,259.32142857142856
76126,20242,48325,182,2024,265.52197802197804
76130,20221,14552,52,2022,279.84615384615387
76130,20222,214540,877,2022,244.62941847206386
76130,20231,16450,56,2023,293.75
76130,20232,237271,968,2023,245.1146694214876
76130,20241,16270,52,2024,312.88461538461536
76130,20242,268316,1076,2024,249.364312267658
76130,20251,15703,49,2025,320.46938775510205
76147,20221,28344,101,2022,280.63366336633663
76147,20222,361386,1432,2022,252.3645251396648
76147,20231,28594,102,2023,280.3333333333333
76147,20232,329740,1305,2023,252.6743295019157
76147,20241,23082,84,2024,274.7857142857143
76147,20242,331024,1309,2024,252.88311688311688
76147,20251,19787,69,2025,286.768115942029
76233,20221,3529,16,2022,220.5625
76233,20222,82157,355,2022,231.42816901408452
76233,20231,4285,20,2023,214.25
76233,20232,89981,376,2023,239.31117021276594
76233,20241,4356,22,2024,198.0
76233,20242,95414,398,2024,239.73366834170855
76233,20251,7591,33,2025,230.03030303030303
76243,20222,23255,99,2022,234.8989898989899
76243,20232,23155,100,2023,231.55
76243,20242,27217,115,2024,236.6695652173913
76246,20222,14972,64,2022,233.9375
76246,20232,12248,53,2023,231.0943396226415
76246,20242,13037,60,2024,217.28333333333333
76248,20221,38288,132,2022,290.06060606060606
76248,20222,127119,523,2022,243.05736137667304
76248,20231,34746,122,2023,284.8032786885246
76248,20232,134966,554,2023,243.62093862815885
76248,20241,34034,111,2024,306.6126126126126
76248,20242,123376,497,2024,248.24144869215291
76248,20251,28644,94,2025,304.72340425531917
76250,20222,19690,75,2022,262.53333333333336
76250,20232,22350,86,2023,259.8837209302326
76250,20242,15346,57,2024,269.2280701754386
76275,20222,175823,702,2022,250.46011396011397
76275,20232,185618,730,2023,254.27123287671233
76275,20242,149837,587,2024,255.25894378194207
76275,20251,5571,27,2025,206.33333333333334
76306,20222,81468,317,2022,256.9968454258675
76306,20231,617,3,2023,205.66666666666666
76306,20232,79968,309,2023,258.79611650485435
76306,20242,79011,289,2024,273.39446366782005
76318,20222,85478,358,2022,238.76536312849163
76318,20232,85326,347,2023,245.89625360230548
76318,20242,77462,315,2024,245.9111111111111
76364,20221,35692,124,2022,287.83870967741933
76364,20222,350272,1378,2022,254.18867924528303
76364,20231,30919,108,2023,286.287037037037
76364,20232,382282,1498,2023,255.19492656875835
76364,20241,41192,141,2024,292.1418439716312
76364,20242,363452,1398,2024,259.9799713876967
76364,20251,35674,124,2025,287.69354838709677
76377,20222,31863,127,2022,250.88976377952756
76377,20232,36513,143,2023,255.33566433566435
76377,20242,41787,164,2024,254.7987804878049
76400,20222,99965,401,2022,249.28927680798006
76400,20232,99666,393,2023,253.6030534351145
76400,20242,90551,349,2024,259.45845272206304
76403,20222,32734,143,2022,228.9090909090909
76403,20232,32373,136,2023,238.03676470588235
76403,20242,27798,111,2024,250.43243243243242
76497,20222,18187,84,2022,216.51190476190476
76497,20232,21997,99,2023,222.1919191919192
76497,20242,20865,91,2024,229.28571428571428
76520,20221,187620,667,2022,281.28935532233885
76520,20222,821440,3126,2022,262.77671145233523
76520,20231,162345,577,2023,281.36048526863084
76520,20232,837603,3189,2023,262.653809971778
76520,20241,193681,671,2024,288.645305514158
76520,20242,786380,2966,2024,265.1314902225219
76520,20251,188722,647,2025,291.6877897990726
76563,20221,3239,13,2022,249.15384615384616
76563,20222,118004,473,2022,249.47991543340382
76563,20231,4127,15,2023,275.1333333333333
76563,20232,118414,460,2023,257.4217391304348
76563,20241,2199,9,2024,244.33333333333334
76563,20242,109381,425,2024,257.3670588235294
76563,20251,3260,12,2025,271.6666666666667
76606,20221,1302,5,2022,260.4
76606,20222,55686,228,2022,244.23684210526315
76606,20232,43383,182,2023,238.36813186813185
76606,20241,235,1,2024,235.0
76606,20242,46200,190,2024,243.1578947368421
76616,20222,37878,163,2022,232.38036809815952
76616,20232,29585,124,2023,238.58870967741936
76616,20242,30974,127,2024,243.88976377952756
76622,20221,7970,26,2022,306.53846153846155
76622,20222,118214,473,2022,249.92389006342495
76622,20231,5827,19,2023,306.6842105263158
76622,20232,110058,420,2023,262.04285714285714
76622,20241,7605,23,2024,330.6521739130435
76622,20242,108545,422,2024,257.2156398104265
76622,20251,7456,24,2025,310.6666666666667
76670,20222,45075,187,2022,241.0427807486631
76670,20232,41732,168,2023,248.4047619047619
76670,20242,49973,212,2024,235.72169811320754
76736,20222,94880,372,2022,255.05376344086022
76736,20232,94725,383,2023,247.3237597911227
76736,20242,89489,343,2024,260.9008746355685
76823,20222,39063,167,2022,233.91017964071855
76823,20232,32886,143,2023,229.97202797202797
76823,20242,29294,126,2024,232.4920634920635
76828,20222,48594,205,2022,237.04390243902438
76828,20232,40778,163,2023,250.17177914110428
76828,20242,49206,197,2024,249.7766497461929
76834,20221,1194,5,2022,238.8
76834,20222,611856,2359,2022,259.3709198813056
76834,20232,606301,2318,2023,261.56212251941326
76834,20241,2660,11,2024,241.8181818181818
76834,20242,550112,2091,2024,263.0856049736968
76845,20222,13760,57,2022,241.40350877192984
76845,20232,13884,56,2023,247.92857142857142
76845,20242,14365,60,2024,239.41666666666666
76863,20222,14783,60,2022,246.38333333333333
76863,20232,10989,45,2023,244.2
76863,20242,14058,56,2024,251.03571428571428
76869,20222,25353,109,2022,232.59633027522935
76869,20232,27884,121,2023,230.44628099173553
76869,20242,27417,114,2024,240.5
76890,20222,35134,143,2022,245.69230769230768
76890,20232,39559,164,2023,241.21341463414635
76890,20242,35311,146,2024,241.85616438356163
76892,20221,85310,286,2022,298.2867132867133
76892,20222,269598,1095,2022,246.2082191780822
76892,20231,75086,248,2023,302.76612903225805
76892,20232,279534,1143,2023,244.56167979002623
76892,20241,89381,297,2024,300.94612794612794
76892,20242,264197,1061,2024,249.00754005655043
76892,20251,85849,279,2025,307.7025089605735
76895,20222,113667,480,2022,236.80625
76895,20232,102762,429,2023,239.53846153846155
76895,20242,120049,486,2024,247.01440329218107
76895,20251,515,2,2025,257.5
81001,20221,3621,16,2022,226.3125
81001,20222,278312,1157,2022,240.54624027657735
81001,20231,6816,33,2023,206.54545454545453
81001,20232,305312,1254,2023,243.47049441786285
81001,20241,10522,49,2024,214.73469387755102
81001,20242,284716,1166,2024,244.1818181818182
81001,20251,4397,20,2025,219.85
81065,20222,111247,477,2022,233.22222222222223
81065,20232,125546,542,2023,231.63468634686348
81065,20241,292,1,2024,292.0
81065,20242,117816,490,2024,240.4408163265306
81220,20222,14528,62,2022,234.32258064516128
81220,20232,10390,46,2023,225.8695652173913
81220,20242,12330,53,2024,232.64150943396226
81300,20222,61341,252,2022,243.41666666666666
81300,20232,71743,298,2023,240.748322147651
81300,20242,65015,267,2024,243.50187265917603
81591,20222,11546,53,2022,217.8490566037736
81591,20232,12199,54,2023,225.90740740740742
81591,20242,11220,48,2024,233.75
81736,20222,167523,675,2022,248.1822222222222
81736,20231,534,3,2023,178.0
81736,20232,210602,830,2023,253.73734939759035
81736,20242,202677,795,2024,254.93962264150943
81736,20251,2987,14,2025,213.35714285714286
81794,20222,166126,681,2022,243.94419970631424
81794,20232,173804,706,2023,246.18130311614732
81794,20241,5714,24,2024,238.08333333333334
81794,20242,182551,734,2024,248.70708446866485
85001,20221,1983,8,2022,247.875
85001,20222,684325,2653,2022,257.94383716547304
85001,20231,1112,5,2023,222.4
85001,20232,748259,2903,2023,257.753703065794
85001,20241,3792,17,2024,223.05882352941177
85001,20242,743196,2834,2024,262.242766407904
85001,20251,6652,27,2025,246.37037037037038
85010,20222,123599,477,2022,259.1174004192872
85010,20232,142298,532,2023,267.47744360902254
85010,20242,148209,552,2024,268.4945652173913
85015,20222,7787,32,2022,243.34375
85015,20232,5567,23,2023,242.04347826086956
85015,20242,6496,28,2024,232.0
85125,20222,34669,148,2022,234.25
85125,20232,38866,169,2023,229.97633136094674
85125,20242,35247,149,2024,236.55704697986576
85136,20222,3334,14,2022,238.14285714285714
85136,20232,4792,20,2023,239.6
85136,20242,5756,24,2024,239.83333333333334
85139,20222,37942,156,2022,243.21794871794873
85139,20232,37141,151,2023,245.96688741721854
85139,20242,40079,160,2024,250.49375
85162,20222,50472,200,2022,252.36
85162,20232,54311,216,2023,251.4398148148148
85162,20242,49988,196,2024,255.0408163265306
85225,20222,22661,92,2022,246.31521739130434
85225,20232,25982,106,2023,245.11320754716982
85225,20242,26004,108,2024,240.77777777777777
85230,20222,33975,141,2022,240.95744680851064
85230,20232,37851,160,2023,236.56875
85230,20242,34117,140,2024,243.69285714285715
85250,20222,113690,454,2022,250.41850220264317
85250,20231,1298,6,2023,216.33333333333334
85250,20232,124500,493,2023,252.53549695740364
85250,20242,122449,478,2024,256.1694560669456
85263,20222,37037,151,2022,245.27814569536423
85263,20232,38267,156,2023,245.30128205128204
85263,20242,44964,179,2024,251.19553072625698
85279,20222,4982,20,2022,249.1
85279,20232,1720,7,2023,245.71428571428572
85279,20242,2585,11,2024,235.0
85300,20222,10815,44,2022,245.79545454545453
85300,20232,13250,52,2023,254.80769230769232
85300,20242,10852,44,2024,246.63636363636363
85315,20222,4259,17,2022,250.52941176470588
85315,20232,5921,23,2023,257.4347826086956
85315,20242,4336,16,2024,271.0
85325,20222,15965,62,2022,257.5
85325,20232,19636,77,2023,255.01298701298703
85325,20242,18087,73,2024,247.76712328767124
85400,20222,18425,74,2022,248.98648648648648
85400,20232,17928,77,2023,232.83116883116884
85400,20242,13628,55,2024,247.78181818181818
85410,20222,91816,363,2022,252.9366391184573
85410,20232,86611,341,2023,253.99120234604106
85410,20242,92663,350,2024,264.75142857142856
85430,20222,41258,175,2022,235.76
85430,20232,49767,204,2023,243.9558823529412
85430,20242,45938,193,2024,238.02072538860102
85440,20221,3326,14,2022,237.57142857142858
85440,20222,111707,450,2022,248.23777777777778
85440,20231,1607,7,2023,229.57142857142858
85440,20232,123857,496,2023,249.7116935483871
85440,20241,3424,12,2024,285.3333333333333
85440,20242,134966,537,2024,251.33333333333334
85440,20251,2440,11,2025,221.8181818181818
86001,20221,4260,18,2022,236.66666666666666
86001,20222,199365,783,2022,254.6168582375479
86001,20231,5291,23,2023,230.04347826086956
86001,20232,206175,802,2023,257.07605985037407
86001,20241,4050,16,2024,253.125
86001,20242,200527,768,2024,261.1028645833333
86219,20222,15285,61,2022,250.5737704918033
86219,20232,13555,53,2023,255.75471698113208
86219,20242,13841,57,2024,242.82456140350877
86320,20221,260,1,2022,260.0
86320,20222,114288,491,2022,232.76578411405296
86320,20231,1024,5,2023,204.8
86320,20232,126508,526,2023,240.50950570342206
86320,20242,115049,478,2024,240.68828451882845
86320,20251,686,3,2025,228.66666666666666
86568,20221,6620,31,2022,213.5483870967742
86568,20222,172039,724,2022,237.62292817679557
86568,20231,6853,31,2023,221.06451612903226
86568,20232,207183,861,2023,240.63066202090593
86568,20241,6007,28,2024,214.53571428571428
86568,20242,225920,935,2024,241.62566844919786
86568,20251,4974,23,2025,216.2608695652174
86569,20222,26193,112,2022,233.86607142857142
86569,20232,24926,100,2023,249.26
86569,20242,28903,120,2024,240.85833333333332
86571,20222,30184,132,2022,228.66666666666666
86571,20232,33523,142,2023,236.07746478873239
86571,20242,39056,163,2024,239.6073619631902
86573,20222,39928,182,2022,219.3846153846154
86573,20232,49897,226,2023,220.78318584070797
86573,20242,46665,205,2024,227.6341463414634
86749,20222,72776,289,2022,251.82006920415225
86749,20232,70003,276,2023,253.6340579710145
86749,20242,74502,288,2024,258.6875
86755,20222,20750,86,2022,241.27906976744185
86755,20232,17677,73,2023,242.15068493150685
86755,20242,19815,80,2024,247.6875
86757,20222,53390,239,2022,223.38912133891213
86757,20232,60517,273,2023,221.67399267399267
86757,20242,56215,250,2024,224.86
86760,20222,15422,70,2022,220.31428571428572
86760,20232,18908,82,2023,230.58536585365854
86760,20242,15294,65,2024,235.2923076923077
86865,20221,4490,22,2022,204.0909090909091
86865,20222,113131,473,2022,239.17758985200845
86865,20231,4012,18,2023,222.88888888888889
86865,20232,117619,488,2023,241.02254098360655
86865,20241,2772,13,2024,213.23076923076923
86865,20242,120034,494,2024,242.9838056680162
86865,20251,5001,23,2025,217.43478260869566
86885,20222,78115,325,2022,240.35384615384615
86885,20232,86949,352,2023,247.01420454545453
86885,20242,90695,361,2024,251.23268698060943
88001,20222,127559,532,2022,239.77255639097746
88001,20232,137132,569,2023,241.00527240773286
88001,20242,128776,529,2024,243.4328922495274
88001,20251,627,3,2025,209.0
88564,20222,11461,53,2022,216.24528301886792
88564,20232,15186,68,2023,223.3235294117647
88564,20242,17067,76,2024,224.56578947368422
91001,20222,144413,650,2022,222.17384615384614
91001,20232,167639,734,2023,228.3910081743869
91001,20242,157531,705,2024,223.4482269503546
91263,20222,2414,12,2022,201.16666666666666
91263,20232,3878,19,2023,204.10526315789474
91263,20242,2205,11,2024,200.45454545454547
91405,20222,5410,27,2022,200.37037037037038
91405,20232,7297,35,2023,208.4857142857143
91405,20242,3374,17,2024,198.47058823529412
91407,20222,4689,25,2022,187.56
91407,20232,5174,27,2023,191.62962962962962
91407,20242,4607,26,2024,177.19230769230768
91460,20222,3312,18,2022,184.0
91460,20232,3017,16,2023,188.5625
91460,20242,3188,17,2024,187.52941176470588
91536,20232,1872,10,2023,187.2
91536,20242,1429,7,2024,204.14285714285714
91540,20222,12907,69,2022,187.05797101449275
91540,20232,16962,85,2023,199.5529411764706
91540,20242,13127,67,2024,195.92537313432837
91669,20222,3041,15,2022,202.73333333333332
91669,20232,2401,12,2023,200.08333333333334
91669,20242,2061,10,2024,206.1
91798,20222,4044,21,2022,192.57142857142858
91798,20232,1261,6,2023,210.16666666666666
91798,20242,455,2,2024,227.5
94001,20221,4308,20,2022,215.4
94001,20222,65899,280,2022,235.35357142857143
94001,20231,6272,30,2023,209.06666666666666
94001,20232,62639,273,2023,229.44688644688645
94001,20241,6830,32,2024,213.4375
94001,20242,62961,272,2024,231.47426470588235
94001,20251,5401,27,2025,200.03703703703704
94343,20222,14646,76,2022,192.71052631578948
94343,20232,21657,116,2023,186.69827586206895
94343,20242,21191,106,2024,199.91509433962264
94663,20222,3019,16,2022,188.6875
94663,20232,1722,9,2023,191.33333333333334
94663,20242,5322,30,2024,177.4
94883,20222,1938,9,2022,215.33333333333334
94883,20232,1502,7,2023,214.57142857142858
94883,20242,2027,10,2024,202.7
94884,20232,998,5,2023,199.6
94884,20242,506,3,2024,168.66666666666666
94887,20222,1460,7,2022,208.57142857142858
94887,20232,1566,8,2023,195.75
94887,20242,1314,6,2024,219.0
94888,20222,1301,6,2022,216.83333333333334
94888,20232,1793,9,2023,199.22222222222223
94888,20242,1612,8,2024,201.5
95001,20221,248,1,2022,248.0
95001,20222,183523,790,2022,232.30759493670885
95001,20231,1374,7,2023,196.28571428571428
95001,20232,196740,825,2023,238.47272727272727
95001,20241,1890,10,2024,189.0
95001,20242,195694,821,2024,238.3605359317905
95001,20251,3435,16,2025,214.6875
95015,20222,21433,97,2022,220.95876288659792
95015,20232,16599,71,2023,233.7887323943662
95015,20242,21306,94,2024,226.6595744680851
95025,20222,33329,153,2022,217.83660130718954
95025,20232,30472,133,2023,229.11278195488723
95025,20242,34225,148,2024,231.25
95200,20222,6223,29,2022,214.58620689655172
95200,20232,5279,23,2023,229.52173913043478
95200,20242,5750,27,2024,212.96296296296296
97001,20222,86331,400,2022,215.8275
97001,20232,80776,379,2023,213.1292875989446
97001,20242,72787,338,2024,215.34615384615384
97161,20242,3859,16,2024,241.1875
97511,20222,5588,29,2022,192.68965517241378
97511,20232,5277,30,2023,175.9
97511,20242,8730,47,2024,185.74468085106383
97666,20242,5288,22,2024,240.36363636363637
97889,20222,2557,13,2022,196.69230769230768
97889,20232,2220,11,2023,201.8181818181818
97889,20242,2146,11,2024,195.0909090909091
99001,20222,54944,241,2022,227.98340248962654
99001,20232,55604,238,2023,233.63025210084032
99001,20242,55950,235,2024,238.08510638297872
99524,20222,26377,111,2022,237.63063063063063
99524,20232,32024,135,2023,237.21481481481482
99524,20242,27096,116,2024,233.58620689655172
99624,20222,8194,37,2022,221.45945945945945
99624,20232,11827,52,2023,227.44230769230768
99624,20242,10285,43,2024,239.1860465116279
99773,20222,43671,222,2022,196.71621621621622
99773,20232,53999,266,2023,203.00375939849624
99773,20242,61016,329,2024,185.45896656534956
99773,20251,2977,16,2025,186.0625
