codigo_municipio,anio,estudiantes,periodos_icfes,puntaje_global,accesos_residenciales,trimestres_crc,municipio,departamento,hogares,accesos_por_100_hogares,cobertura_temporal_completa,tasa_mayor_100
05001,2022,28738,2.0,250.50267937921916,661333.25,4.0,Medellín,Antioquia,873404.0,75.71905441239106,True,False
05001,2023,28501,2.0,254.03091119609837,681446.75,4.0,Medellín,Antioquia,883067.0,77.16818202922315,True,False
05001,2024,28288,2.0,256.1120616515837,690924.75,4.0,Medellín,Antioquia,894459.0,77.24498831137034,True,False
05001,2025,474,1.0,250.2594936708861,745520.75,4.0,Medellín,Antioquia,904765.0,82.39937994948964,False,False
05002,2022,185,1.0,254.46486486486486,2284.0,4.0,Abejorral,Antioquia,7180.0,31.81058495821727,False,False
05002,2023,176,1.0,249.9318181818182,890.25,4.0,Abejorral,Antioquia,7265.0,12.253957329662766,False,False
05002,2024,161,1.0,251.90683229813664,650.0,4.0,Abejorral,Antioquia,7367.0,8.823130175105199,False,False
05004,2022,23,1.0,224.2608695652174,134.75,4.0,Abriaquí,Antioquia,999.0,13.488488488488489,False,False
05004,2023,19,1.0,248.26315789473685,110.5,4.0,Abriaquí,Antioquia,1006.0,10.984095427435388,False,False
05004,2024,30,1.0,246.26666666666668,74.0,4.0,Abriaquí,Antioquia,1028.0,7.198443579766536,False,False
05021,2022,48,1.0,227.8125,222.0,4.0,Alejandría,Antioquia,1816.0,12.22466960352423,False,False
05021,2023,53,1.0,237.47169811320754,230.25,4.0,Alejandría,Antioquia,1865.0,12.345844504021446,False,False
05021,2024,44,1.0,257.3636363636364,256.75,4.0,Alejandría,Antioquia,1909.0,13.449449973808278,False,False
05030,2022,316,1.0,232.55379746835442,3348.75,4.0,Amagá,Antioquia,10583.0,31.642728904847395,False,False
05030,2023,316,1.0,235.21518987341773,3377.0,4.0,Amagá,Antioquia,10773.0,31.346885732850645,False,False
05030,2024,271,1.0,240.51291512915128,4045.0,4.0,Amagá,Antioquia,11002.0,36.766042537720416,False,False
05031,2022,262,1.0,233.1412213740458,1303.0,4.0,Amalfi,Antioquia,9402.0,13.858753456711337,False,False
05031,2023,280,1.0,235.59642857142856,1070.0,4.0,Amalfi,Antioquia,9633.0,11.107650783764145,False,False
05031,2024,263,1.0,229.74144486692015,2774.25,4.0,Amalfi,Antioquia,9860.0,28.136409736308316,False,False
05034,2022,430,1.0,251.0186046511628,3776.25,4.0,Andes,Antioquia,14353.0,26.309830697415176,False,False
05034,2023,417,1.0,249.94004796163068,3175.25,4.0,Andes,Antioquia,14545.0,21.83052595393606,False,False
05034,2024,439,1.0,250.00911161731207,4108.25,4.0,Andes,Antioquia,14765.0,27.824246528953605,False,False
05036,2022,62,1.0,208.6451612903226,309.75,4.0,Angelópolis,Antioquia,2063.0,15.014541929229278,False,False
05036,2023,67,1.0,219.8955223880597,252.75,4.0,Angelópolis,Antioquia,2106.0,12.001424501424502,False,False
05036,2024,53,1.0,219.20754716981133,605.25,4.0,Angelópolis,Antioquia,2145.0,28.216783216783213,False,False
05038,2022,134,1.0,204.26865671641792,435.0,4.0,Angostura,Antioquia,3835.0,11.342894393741851,False,False
05038,2023,133,1.0,214.98496240601503,292.75,4.0,Angostura,Antioquia,3909.0,7.489127654131492,False,False
05038,2024,223,1.0,202.28699551569505,380.0,4.0,Angostura,Antioquia,3998.0,9.504752376188094,False,False
05040,2022,447,1.0,192.34228187919464,1618.0,4.0,Anorí,Antioquia,6544.0,24.724938875305625,False,False
05040,2023,160,1.0,211.6625,1626.0,4.0,Anorí,Antioquia,6710.0,24.232488822652755,False,False
05040,2024,218,1.0,208.454128440367,1730.0,4.0,Anorí,Antioquia,6898.0,25.079733256016233,False,False
05042,2022,281,1.0,230.0391459074733,3417.75,4.0,Santa Fé de Antioquia,Antioquia,9634.0,35.47591862154868,False,False
05042,2023,306,1.0,233.7941176470588,3082.5,4.0,Santa Fé de Antioquia,Antioquia,9838.0,31.33258792437487,False,False
05042,2024,341,1.0,241.3841642228739,2694.5,4.0,Santa Fé de Antioquia,Antioquia,10019.0,26.893901586984732,False,False
05044,2022,74,2.0,220.04054054054055,452.0,4.0,Anzá,Antioquia,2463.0,18.351603735282175,True,False
05044,2023,58,1.0,228.81034482758622,413.25,4.0,Anzá,Antioquia,2512.0,16.451035031847134,False,False
05044,2024,44,1.0,238.79545454545453,418.25,4.0,Anzá,Antioquia,2568.0,16.286993769470403,False,False
05045,2022,1796,2.0,236.2433184855234,26711.0,4.0,Apartadó,Antioquia,39643.0,67.37885629240976,True,False
05045,2023,1932,2.0,237.05175983436854,21584.25,4.0,Apartadó,Antioquia,40272.0,53.596171036948746,True,False
05045,2024,2037,2.0,240.73392243495337,23424.25,4.0,Apartadó,Antioquia,40705.0,57.54637022478811,True,False
05051,2022,485,1.0,212.8618556701031,1456.25,4.0,Arboletes,Antioquia,9028.0,16.130372175454145,False,False
05051,2023,490,2.0,219.12857142857143,1054.75,4.0,Arboletes,Antioquia,9210.0,11.452225841476656,True,False
05051,2024,403,1.0,220.6178660049628,481.5,4.0,Arboletes,Antioquia,9398.0,5.123430517131305,False,False
05055,2022,69,1.0,225.81159420289856,194.0,4.0,Argelia,Antioquia,2713.0,7.150755621083671,False,False
05055,2023,68,1.0,215.77941176470588,154.25,4.0,Argelia,Antioquia,2767.0,5.574629562703288,False,False
05055,2024,70,1.0,232.5857142857143,91.75,4.0,Argelia,Antioquia,2816.0,3.2581676136363638,False,False
05059,2022,44,1.0,253.0909090909091,330.75,4.0,Armenia,Antioquia,2191.0,15.095846645367411,False,False
05059,2023,34,1.0,242.91176470588235,296.0,4.0,Armenia,Antioquia,2209.0,13.39972838388411,False,False
05059,2024,37,1.0,232.2972972972973,341.75,4.0,Armenia,Antioquia,2239.0,15.263510495757036,False,False
05079,2022,583,1.0,234.71698113207546,7995.0,4.0,Barbosa,Antioquia,22002.0,36.337605672211616,False,False
05079,2023,539,1.0,237.8181818181818,8237.0,4.0,Barbosa,Antioquia,22548.0,36.53095618236651,False,False
05079,2024,619,1.0,238.19709208400647,9126.5,4.0,Barbosa,Antioquia,23130.0,39.457414613056635,False,False
05086,2022,91,1.0,227.96703296703296,356.75,4.0,Belmira,Antioquia,1784.0,19.99719730941704,False,False
05086,2023,119,1.0,222.1344537815126,328.25,4.0,Belmira,Antioquia,1800.0,18.23611111111111,False,False
05086,2024,87,1.0,245.91954022988506,240.0,4.0,Belmira,Antioquia,1829.0,13.121924548933844,False,False
05088,2022,5591,2.0,251.89429440171705,135150.0,4.0,Bello,Antioquia,195122.0,69.26435768391059,True,False
05088,2023,5902,1.0,253.5770925110132,141014.25,4.0,Bello,Antioquia,200001.0,70.50677246613766,False,False
05088,2024,5792,1.0,254.45200276243094,149015.0,4.0,Bello,Antioquia,205272.0,72.59392415916443,False,False
05088,2025,37,1.0,223.02702702702703,169546.5,4.0,Bello,Antioquia,210319.0,80.61397210903436,False,False
05091,2022,57,1.0,224.59649122807016,747.75,4.0,Betania,Antioquia,3287.0,22.74870702768482,False,False
05091,2023,87,1.0,227.98850574712642,710.25,4.0,Betania,Antioquia,3323.0,21.373758651820644,False,False
05091,2024,74,1.0,239.1216216216216,616.5,4.0,Betania,Antioquia,3378.0,18.25044404973357,False,False
05093,2022,192,1.0,212.97395833333334,1532.25,4.0,Betulia,Antioquia,5192.0,29.511748844375962,False,False
05093,2023,194,1.0,221.30927835051546,1237.5,4.0,Betulia,Antioquia,5292.0,23.3843537414966,False,False
05093,2024,192,1.0,218.78645833333334,1418.25,4.0,Betulia,Antioquia,5407.0,26.22988718328093,False,False
05101,2022,251,1.0,242.78884462151393,2621.75,4.0,Ciudad Bolívar,Antioquia,8664.0,30.260272391505076,False,False
05101,2023,306,1.0,239.80392156862746,1908.0,4.0,Ciudad Bolívar,Antioquia,8810.0,21.657207718501702,False,False
05101,2024,287,1.0,245.55052264808361,1317.75,4.0,Ciudad Bolívar,Antioquia,8943.0,14.7349882589735,False,False
05107,2022,43,1.0,222.4418604651163,609.25,4.0,Briceño,Antioquia,2737.0,22.259773474607233,False,False
05107,2023,94,1.0,216.69148936170214,604.25,4.0,Briceño,Antioquia,2753.0,21.94878314565928,False,False
05107,2024,94,1.0,208.4787234042553,508.75,4.0,Briceño,Antioquia,2772.0,18.3531746031746,False,False
05113,2022,80,1.0,223.3875,552.5,4.0,Buriticá,Antioquia,3079.0,17.94413770704774,False,False
05113,2023,100,1.0,220.2,924.5,4.0,Buriticá,Antioquia,3164.0,29.219342604298355,False,False
05113,2024,71,1.0,220.83098591549296,721.0,4.0,Buriticá,Antioquia,3269.0,22.055674518201286,False,False
05120,2022,341,2.0,212.60997067448682,1626.0,4.0,Cáceres,Antioquia,8338.0,19.501079395538497,True,False
05120,2023,410,1.0,217.95365853658538,842.25,4.0,Cáceres,Antioquia,8404.0,10.02201332698715,False,False
05120,2024,337,1.0,222.9792284866469,473.5,4.0,Cáceres,Antioquia,8462.0,5.59560387615221,False,False
05125,2022,146,1.0,210.1986301369863,328.0,4.0,Caicedo,Antioquia,2887.0,11.3612746795982,False,False
05125,2023,131,1.0,219.35114503816794,495.25,4.0,Caicedo,Antioquia,2937.0,16.862444671433437,False,False
05125,2024,157,1.0,214.7388535031847,589.75,4.0,Caicedo,Antioquia,3003.0,19.63869463869464,False,False
05129,2022,798,2.0,256.4448621553885,20284.75,4.0,Caldas,Antioquia,27913.0,72.67133593666034,True,False
05129,2023,807,1.0,261.3804213135068,20878.5,4.0,Caldas,Antioquia,28427.0,73.44601962922573,False,False
05129,2024,767,1.0,263.2894393741851,21745.5,4.0,Caldas,Antioquia,29002.0,74.97931177160196,False,False
05134,2022,83,1.0,224.50602409638554,379.25,4.0,Campamento,Antioquia,2867.0,13.228113010115102,False,False
05134,2023,91,1.0,218.92307692307693,387.75,4.0,Campamento,Antioquia,2918.0,13.288211103495545,False,False
05134,2024,46,1.0,231.30434782608697,393.75,4.0,Campamento,Antioquia,2988.0,13.177710843373495,False,False
05138,2022,213,1.0,224.65258215962442,653.0,4.0,Cañasgordas,Antioquia,5082.0,12.849271940181032,False,False
05138,2023,214,1.0,231.3644859813084,629.25,4.0,Cañasgordas,Antioquia,5107.0,12.321323673389466,False,False
05138,2024,210,1.0,223.07142857142858,554.5,4.0,Cañasgordas,Antioquia,5155.0,10.75654704170708,False,False
05142,2022,35,1.0,230.0857142857143,386.75,4.0,Caracolí,Antioquia,1728.0,22.38136574074074,False,False
05142,2023,41,1.0,223.29268292682926,339.25,4.0,Caracolí,Antioquia,1736.0,19.54205069124424,False,False
05142,2024,46,1.0,239.69565217391303,309.0,4.0,Caracolí,Antioquia,1750.0,17.65714285714286,False,False
05145,2022,67,1.0,228.46268656716418,414.75,4.0,Caramanta,Antioquia,1662.0,24.954873646209386,False,False
05145,2023,52,1.0,222.28846153846155,430.75,4.0,Caramanta,Antioquia,1660.0,25.94879518072289,False,False
05145,2024,48,1.0,235.75,430.25,4.0,Caramanta,Antioquia,1665.0,25.84084084084084,False,False
05147,2022,595,2.0,232.7327731092437,6575.0,4.0,Carepa,Antioquia,15397.0,42.70312398519192,True,False
05147,2023,562,1.0,240.41281138790035,5621.75,4.0,Carepa,Antioquia,15682.0,35.84842494579773,False,False
05147,2024,700,2.0,238.93714285714285,5412.5,4.0,Carepa,Antioquia,15912.0,34.01520864756159,True,False
05148,2022,720,1.0,265.5208333333333,8778.25,4.0,El Carmen de Viboral,Antioquia,20613.0,42.58598942414981,False,False
05148,2023,661,1.0,268.59757942511345,9564.0,4.0,El Carmen de Viboral,Antioquia,21229.0,45.05158038532196,False,False
05148,2024,585,1.0,274.0957264957265,10596.0,4.0,El Carmen de Viboral,Antioquia,21843.0,48.50982007965939,False,False
05150,2022,44,1.0,229.79545454545453,464.0,4.0,Carolina,Antioquia,1555.0,29.839228295819936,False,False
05150,2023,39,1.0,239.74358974358975,362.0,4.0,Carolina,Antioquia,1571.0,23.042647994907703,False,False
05150,2024,22,1.0,268.3181818181818,348.0,4.0,Carolina,Antioquia,1575.0,22.095238095238095,False,False
05154,2022,1233,1.0,243.19302514193026,15956.0,4.0,Caucasia,Antioquia,28084.0,56.81526848027346,False,False
05154,2023,1325,1.0,245.73358490566036,11649.0,4.0,Caucasia,Antioquia,28468.0,40.91962905718702,False,False
05154,2024,1327,1.0,248.4039186134137,9950.0,4.0,Caucasia,Antioquia,28856.0,34.48156362628223,False,False
05172,2022,789,2.0,228.2915082382763,9715.25,4.0,Chigorodó,Antioquia,17546.0,55.370169839279605,True,False
05172,2023,832,1.0,231.61658653846155,8338.25,4.0,Chigorodó,Antioquia,17704.0,47.09811342069589,False,False
05172,2024,817,2.0,238.32558139534885,8313.25,4.0,Chigorodó,Antioquia,17789.0,46.73253133959188,True,False
05190,2022,97,1.0,241.10309278350516,2066.5,4.0,Cisneros,Antioquia,3626.0,56.991174848317705,False,False
05190,2023,98,1.0,236.1122448979592,1862.0,4.0,Cisneros,Antioquia,3681.0,50.584080412931264,False,False
05190,2024,81,1.0,245.98765432098764,1830.25,4.0,Cisneros,Antioquia,3721.0,49.18704649287825,False,False
05197,2022,151,1.0,248.66225165562915,1811.25,4.0,Cocorná,Antioquia,5504.0,32.9078851744186,False,False
05197,2023,187,1.0,247.86096256684493,2050.25,4.0,Cocorná,Antioquia,5576.0,36.7691893830703,False,False
05197,2024,130,1.0,257.3615384615385,2008.5,4.0,Cocorná,Antioquia,5661.0,35.47959724430313,False,False
05206,2022,35,1.0,224.8,244.25,4.0,Concepción,Antioquia,1781.0,13.714205502526669,False,False
05206,2023,46,1.0,223.65217391304347,188.0,4.0,Concepción,Antioquia,1805.0,10.415512465373961,False,False
05206,2024,30,1.0,242.76666666666668,119.75,4.0,Concepción,Antioquia,1844.0,6.4940347071583515,False,False
05209,2022,211,1.0,216.70142180094786,1179.25,4.0,Concordia,Antioquia,7176.0,16.4332497212932,False,False
05209,2023,195,1.0,225.72307692307692,1340.75,4.0,Concordia,Antioquia,7252.0,18.488003309431882,False,False
05209,2024,192,1.0,225.30729166666666,1001.75,4.0,Concordia,Antioquia,7361.0,13.608884662409999,False,False
05212,2022,1003,2.0,263.3369890329013,21092.5,4.0,Copacabana,Antioquia,28688.0,73.52377300613497,True,False
05212,2023,1026,1.0,264.1812865497076,22483.25,4.0,Copacabana,Antioquia,29396.0,76.48404544836032,False,False
05212,2024,853,1.0,268.57327080890974,24818.5,4.0,Copacabana,Antioquia,30182.0,82.22947452123782,False,False
05234,2022,257,1.0,213.14785992217898,1030.25,4.0,Dabeiba,Antioquia,6968.0,14.785447761194028,False,False
05234,2023,230,1.0,220.16086956521738,779.25,4.0,Dabeiba,Antioquia,7093.0,10.986183561257578,False,False
05234,2024,234,1.0,218.22222222222223,554.25,4.0,Dabeiba,Antioquia,7234.0,7.661736245507327,False,False
05237,2022,217,1.0,241.1152073732719,2942.5,4.0,Donmatías,Antioquia,6458.0,45.56364199442552,False,False
05237,2023,179,1.0,252.9832402234637,3723.75,4.0,Donmatías,Antioquia,6558.0,56.781793229643185,False,False
05237,2024,156,1.0,273.62820512820514,3642.5,4.0,Donmatías,Antioquia,6648.0,54.790914560770155,False,False
05240,2022,108,1.0,227.40740740740742,1007.25,4.0,Ebéjico,Antioquia,4643.0,21.693947878526814,False,False
05240,2023,138,1.0,234.66666666666666,893.25,4.0,Ebéjico,Antioquia,4681.0,19.082461012604142,False,False
05240,2024,113,1.0,225.1769911504425,1080.0,4.0,Ebéjico,Antioquia,4754.0,22.717711400925538,False,False
05250,2022,771,1.0,214.65888456549936,5256.75,4.0,El Bagre,Antioquia,15162.0,34.67055797388207,False,False
05250,2023,772,1.0,215.63730569948186,3979.0,4.0,El Bagre,Antioquia,15464.0,25.730729436109673,False,False
05250,2024,723,1.0,216.1881051175657,3503.25,4.0,El Bagre,Antioquia,15772.0,22.211831093076338,False,False
05250,2025,10,1.0,207.6,3612.0,4.0,El Bagre,Antioquia,16069.0,22.47806335179538,False,False
05264,2022,127,1.0,259.3307086614173,1491.75,4.0,Entrerríos,Antioquia,3829.0,38.95925829198224,False,False
05264,2023,142,1.0,260.3732394366197,1785.0,4.0,Entrerríos,Antioquia,3931.0,45.408293055202236,False,False
05264,2024,164,1.0,256.9817073170732,1808.5,4.0,Entrerríos,Antioquia,4039.0,44.775934637286454,False,False
05266,2022,2442,2.0,286.9193284193284,77809.5,4.0,Envigado,Antioquia,89268.0,87.16393332437156,True,False
05266,2023,2311,2.0,288.67589787970576,78380.0,4.0,Envigado,Antioquia,91602.0,85.56581734023274,True,False
05266,2024,2235,2.0,289.1651006711409,79793.75,4.0,Envigado,Antioquia,94157.0,84.74542519409071,True,False
05266,2025,371,1.0,326.8867924528302,85217.5,4.0,Envigado,Antioquia,96663.0,88.15937845918293,False,False
05282,2022,169,1.0,238.84023668639054,2069.5,4.0,Fredonia,Antioquia,9131.0,22.664549337421967,False,False
05282,2023,230,2.0,235.85652173913044,1783.5,4.0,Fredonia,Antioquia,9282.0,19.214608920491276,True,False
05282,2024,152,1.0,232.6184210526316,2041.75,4.0,Fredonia,Antioquia,9478.0,21.54199198143068,False,False
05282,2025,15,1.0,209.13333333333333,3713.0,4.0,Fredonia,Antioquia,9634.0,38.54058542661408,False,False
05284,2022,231,1.0,238.19480519480518,1780.75,4.0,Frontino,Antioquia,6405.0,27.802498048399688,False,False
05284,2023,233,1.0,243.28755364806867,1559.25,4.0,Frontino,Antioquia,6491.0,24.02172238484055,False,False
05284,2024,204,1.0,240.63725490196077,1804.75,4.0,Frontino,Antioquia,6594.0,27.36957840461025,False,False
05306,2022,61,1.0,217.0655737704918,261.75,4.0,Giraldo,Antioquia,2034.0,12.868731563421829,False,False
05306,2023,83,1.0,231.74698795180723,477.0,4.0,Giraldo,Antioquia,2086.0,22.866730584851393,False,False
05306,2024,77,1.0,235.6883116883117,262.75,4.0,Giraldo,Antioquia,2154.0,12.198235840297121,False,False
05308,2022,636,1.0,251.6493710691824,9768.25,4.0,Girardota,Antioquia,18396.0,53.099858664927154,False,False
05308,2023,546,1.0,258.0824175824176,11196.75,4.0,Girardota,Antioquia,18824.0,59.4812473438164,False,False
05308,2024,550,2.0,258.58181818181816,12906.5,4.0,Girardota,Antioquia,19301.0,66.86959224910626,True,False
05308,2025,6,1.0,199.0,13893.75,4.0,Girardota,Antioquia,19770.0,70.27693474962064,False,False
05310,2022,87,1.0,246.4367816091954,836.75,4.0,Gómez Plata,Antioquia,3712.0,22.541756465517242,False,False
05310,2023,95,1.0,246.82105263157894,626.5,4.0,Gómez Plata,Antioquia,3761.0,16.6578037755916,False,False
05310,2024,66,1.0,261.1969696969697,597.5,4.0,Gómez Plata,Antioquia,3829.0,15.604596500391747,False,False
05313,2022,82,1.0,243.8048780487805,1243.5,4.0,Granada,Antioquia,3647.0,34.09651768576912,False,False
05313,2023,98,1.0,245.4591836734694,1487.0,4.0,Granada,Antioquia,3698.0,40.21092482422931,False,False
05313,2024,78,1.0,253.21794871794873,1493.5,4.0,Granada,Antioquia,3743.0,39.901148811114076,False,False
05315,2022,60,1.0,246.03333333333333,394.0,4.0,Guadalupe,Antioquia,2324.0,16.953528399311534,False,False
05315,2023,51,1.0,248.7450980392157,366.5,4.0,Guadalupe,Antioquia,2365.0,15.496828752642704,False,False
05315,2024,46,1.0,268.7173913043478,358.5,4.0,Guadalupe,Antioquia,2409.0,14.881693648816938,False,False
05318,2022,441,1.0,253.55555555555554,15616.25,4.0,Guarne,Antioquia,18906.0,82.59943933142918,False,False
05318,2023,433,1.0,260.57505773672057,13665.0,4.0,Guarne,Antioquia,19453.0,70.24623451395672,False,False
05318,2024,545,1.0,259.6385321100917,15497.75,4.0,Guarne,Antioquia,20095.0,77.12241851206768,False,False
05321,2022,115,1.0,254.9217391304348,1620.5,4.0,Guatapé,Antioquia,3252.0,49.83087330873309,False,False
05321,2023,122,1.0,250.75409836065575,1751.25,4.0,Guatapé,Antioquia,3343.0,52.38558181274304,False,False
05321,2024,127,1.0,251.90551181102362,1924.5,4.0,Guatapé,Antioquia,3431.0,56.09151850772369,False,False
05347,2022,49,1.0,236.46938775510205,471.0,4.0,Heliconia,Antioquia,1866.0,25.241157556270092,False,False
05347,2023,52,1.0,224.15384615384616,460.75,4.0,Heliconia,Antioquia,1856.0,24.82489224137931,False,False
05347,2024,52,1.0,234.03846153846155,390.5,4.0,Heliconia,Antioquia,1857.0,21.02854065697361,False,False
05353,2022,43,1.0,247.88372093023256,444.0,4.0,Hispania,Antioquia,1998.0,22.22222222222222,False,False
05353,2023,34,1.0,257.2647058823529,371.25,4.0,Hispania,Antioquia,2037.0,18.225331369661266,False,False
05353,2024,39,1.0,247.23076923076923,440.25,4.0,Hispania,Antioquia,2073.0,21.237337192474676,False,False
05360,2022,2968,2.0,261.00134770889485,78165.25,4.0,Itagüí,Antioquia,96808.0,80.74255226840758,True,False
05360,2023,3046,2.0,262.8030203545634,79964.5,4.0,Itagüí,Antioquia,98537.0,81.15175010402183,True,False
05360,2024,3275,2.0,261.4290076335878,83832.5,4.0,Itagüí,Antioquia,100493.0,83.42123331973372,True,False
05360,2025,77,1.0,223.97402597402598,90783.0,4.0,Itagüí,Antioquia,102360.0,88.68991793669402,False,False
05361,2022,241,1.0,208.34439834024897,1052.0,4.0,Ituango,Antioquia,6786.0,15.502505157677572,False,False
05361,2023,260,1.0,210.2846153846154,858.0,4.0,Ituango,Antioquia,6916.0,12.406015037593985,False,False
05361,2024,263,1.0,212.2699619771863,682.25,4.0,Ituango,Antioquia,7076.0,9.641746749576031,False,False
05364,2022,160,1.0,248.41875,1488.25,4.0,Jardín,Antioquia,5012.0,29.693735035913804,False,False
05364,2023,193,1.0,252.58031088082902,1345.25,4.0,Jardín,Antioquia,5092.0,26.41889238020424,False,False
05364,2024,148,1.0,244.17567567567568,1531.5,4.0,Jardín,Antioquia,5185.0,29.53712632594021,False,False
05368,2022,158,1.0,246.84177215189874,1829.5,4.0,Jericó,Antioquia,4827.0,37.90138802568883,False,False
05368,2023,155,1.0,232.05161290322582,2249.5,4.0,Jericó,Antioquia,4894.0,45.96444626072742,False,False
05368,2024,141,1.0,231.97163120567376,2250.25,4.0,Jericó,Antioquia,4976.0,45.22206591639871,False,False
05376,2022,699,2.0,266.85693848354794,17313.75,4.0,La Ceja,Antioquia,21490.0,80.56654257794324,True,False
05376,2023,818,2.0,266.3887530562347,21166.75,4.0,La Ceja,Antioquia,22091.0,95.81616948078403,True,False
05376,2024,820,2.0,262.89268292682925,20748.75,4.0,La Ceja,Antioquia,22564.0,91.95510547775217,True,False
05376,2025,32,1.0,223.625,19477.5,4.0,La Ceja,Antioquia,23188.0,83.99818871830257,False,False
05380,2022,825,2.0,273.65818181818184,21784.5,4.0,La Estrella,Antioquia,25901.0,84.10679124358133,True,False
05380,2023,977,2.0,277.6806550665302,22234.5,4.0,La Estrella,Antioquia,26535.0,83.79310344827586,True,False
05380,2024,882,2.0,277.0986394557823,23276.5,4.0,La Estrella,Antioquia,27224.0,85.49992653540993,True,False
05380,2025,85,1.0,316.0705882352941,26512.5,4.0,La Estrella,Antioquia,27891.0,95.05754544476713,False,False
05390,2022,77,1.0,240.4935064935065,934.5,4.0,La Pintada,Antioquia,2844.0,32.858649789029535,False,False
05390,2023,59,1.0,231.45762711864407,1496.5,4.0,La Pintada,Antioquia,2900.0,51.60344827586207,False,False
05390,2024,75,1.0,237.46666666666667,1475.25,4.0,La Pintada,Antioquia,2943.0,50.12742099898063,False,False
05400,2022,258,1.0,254.75193798449612,1410.5,4.0,La Unión,Antioquia,6898.0,20.447955929254856,False,False
05400,2023,280,1.0,253.22857142857143,3668.0,4.0,La Unión,Antioquia,7069.0,51.888527373037206,False,False
05400,2024,258,1.0,257.2170542635659,2660.0,4.0,La Unión,Antioquia,7238.0,36.7504835589942,False,False
05411,2022,123,1.0,229.52032520325204,403.75,4.0,Liborina,Antioquia,3421.0,11.802104647763812,False,False
05411,2023,141,1.0,229.24822695035462,368.0,4.0,Liborina,Antioquia,3474.0,10.592976396085204,False,False
05411,2024,115,1.0,229.7391304347826,220.0,4.0,Liborina,Antioquia,3556.0,6.186726659167604,False,False
05425,2022,94,1.0,240.27659574468086,320.25,4.0,Maceo,Antioquia,3023.0,10.593781012239498,False,False
05425,2023,103,1.0,243.11650485436894,273.5,4.0,Maceo,Antioquia,3071.0,8.905893845652882,False,False
05425,2024,79,1.0,235.54430379746836,272.0,4.0,Maceo,Antioquia,3131.0,8.687320344937719,False,False
05440,2022,791,1.0,261.6485461441214,16792.75,4.0,Marinilla,Antioquia,23779.0,70.62008494890449,False,False
05440,2023,836,1.0,262.9031100478469,18353.75,4.0,Marinilla,Antioquia,24462.0,75.029637805576,False,False
05440,2024,812,1.0,263.9261083743842,18718.25,4.0,Marinilla,Antioquia,25082.0,74.62821944023602,False,False
05467,2022,75,1.0,231.45333333333335,519.25,4.0,Montebello,Antioquia,2328.0,22.304553264604813,False,False
05467,2023,58,1.0,249.9655172413793,487.5,4.0,Montebello,Antioquia,2331.0,20.91377091377091,False,False
05467,2024,58,1.0,256.2241379310345,232.25,4.0,Montebello,Antioquia,2350.0,9.882978723404255,False,False
05475,2022,9,1.0,191.66666666666666,96.0,4.0,Murindó,Antioquia,1351.0,7.105847520355292,False,False
05475,2023,37,1.0,181.27027027027026,66.75,4.0,Murindó,Antioquia,1393.0,4.791816223977028,False,False
05475,2024,38,1.0,173.57894736842104,41.5,4.0,Murindó,Antioquia,1433.0,2.8960223307745987,False,False
05480,2022,143,1.0,212.3146853146853,1073.5,4.0,Mutatá,Antioquia,4074.0,26.350024545900837,False,False
05480,2023,167,1.0,225.77844311377245,832.25,4.0,Mutatá,Antioquia,4098.0,20.308687164470474,False,False
05480,2024,183,1.0,214.55737704918033,824.5,4.0,Mutatá,Antioquia,4133.0,19.94918945076216,False,False
05483,2022,87,1.0,227.2528735632184,409.75,4.0,Nariño,Antioquia,3548.0,11.548759864712514,False,False
05483,2023,79,1.0,228.9493670886076,395.5,4.0,Nariño,Antioquia,3611.0,10.9526446967599,False,False
05483,2024,69,1.0,230.3913043478261,273.5,4.0,Nariño,Antioquia,3687.0,7.417954976946027,False,False
05490,2022,786,1.0,209.05725190839695,2473.25,4.0,Necoclí,Antioquia,12920.0,19.14280185758514,False,False
05490,2023,799,1.0,206.2415519399249,2099.0,4.0,Necoclí,Antioquia,12996.0,16.151123422591567,False,False
05490,2024,848,1.0,206.65448113207546,1309.75,4.0,Necoclí,Antioquia,13149.0,9.960833523461861,False,False
05495,2022,200,2.0,214.775,1938.5,4.0,Nechí,Antioquia,8547.0,22.68047268047268,True,False
05495,2023,315,1.0,215.48888888888888,1233.0,4.0,Nechí,Antioquia,8789.0,14.028899761064967,False,False
05495,2024,230,1.0,220.9304347826087,943.0,4.0,Nechí,Antioquia,9017.0,10.458023732948876,False,False
05501,2022,30,1.0,245.9,311.25,4.0,Olaya,Antioquia,1204.0,25.851328903654487,False,False
05501,2023,29,1.0,241.48275862068965,327.5,4.0,Olaya,Antioquia,1223.0,26.778413736713002,False,False
05501,2024,30,1.0,238.83333333333334,279.75,4.0,Olaya,Antioquia,1259.0,22.22001588562351,False,False
05541,2022,253,1.0,236.901185770751,3764.0,4.0,Peñol,Antioquia,7724.0,48.73122734334542,False,False
05541,2023,244,1.0,244.08196721311475,4481.5,4.0,Peñol,Antioquia,7912.0,56.64180990899899,False,False
05541,2024,254,2.0,245.25984251968504,4971.0,4.0,Peñol,Antioquia,8111.0,61.287140919738626,True,False
05543,2022,76,1.0,223.48684210526315,352.5,4.0,Peque,Antioquia,2548.0,13.834379905808477,False,False
05543,2023,79,1.0,232.18987341772151,351.25,4.0,Peque,Antioquia,2594.0,13.540863531225906,False,False
05543,2024,81,1.0,234.98765432098764,262.75,4.0,Peque,Antioquia,2655.0,9.896421845574388,False,False
05576,2022,105,1.0,236.8095238095238,421.5,4.0,Pueblorrico,Antioquia,2944.0,14.317255434782608,False,False
05576,2023,74,1.0,229.97297297297297,662.75,4.0,Pueblorrico,Antioquia,2982.0,22.22501676727029,False,False
05576,2024,104,1.0,232.47115384615384,549.5,4.0,Pueblorrico,Antioquia,3030.0,18.135313531353138,False,False
05579,2022,456,1.0,219.33552631578948,5849.0,4.0,Puerto Berrío,Antioquia,13674.0,42.774608746526255,False,False
05579,2023,440,1.0,224.47272727272727,4827.25,4.0,Puerto Berrío,Antioquia,13820.0,34.9294500723589,False,False
05579,2024,418,1.0,228.75837320574163,3422.75,4.0,Puerto Berrío,Antioquia,13884.0,24.652477672140595,False,False
05585,2022,127,1.0,216.251968503937,947.25,4.0,Puerto Nare,Antioquia,5496.0,17.235262008733624,False,False
05585,2023,128,1.0,231.0078125,731.5,4.0,Puerto Nare,Antioquia,5582.0,13.104621999283411,False,False
05585,2024,135,1.0,241.32592592592593,500.0,4.0,Puerto Nare,Antioquia,5703.0,8.76731544800982,False,False
05591,2022,165,1.0,244.15757575757576,1177.75,4.0,Puerto Triunfo,Antioquia,5821.0,20.23277787321766,False,False
05591,2023,143,1.0,252.63636363636363,947.0,4.0,Puerto Triunfo,Antioquia,5929.0,15.972339348962725,False,False
05591,2024,154,1.0,252.57142857142858,880.75,4.0,Puerto Triunfo,Antioquia,6095.0,14.45036915504512,False,False
05604,2022,374,1.0,209.1149732620321,3565.75,4.0,Remedios,Antioquia,9989.0,35.6967664430874,False,False
05604,2023,394,1.0,213.95685279187816,3311.25,4.0,Remedios,Antioquia,10268.0,32.248246980911574,False,False
05604,2024,374,1.0,209.85561497326202,2717.5,4.0,Remedios,Antioquia,10584.0,25.675547996976565,False,False
05607,2022,316,2.0,279.05696202531647,6637.0,4.0,Retiro,Antioquia,8749.0,75.86009829694822,True,False
05607,2023,326,2.0,275.1963190184049,7132.75,4.0,Retiro,Antioquia,8990.0,79.34093437152391,True,False
05607,2024,298,2.0,276.7248322147651,7680.0,4.0,Retiro,Antioquia,9240.0,83.11688311688312,True,False
05607,2025,43,1.0,318.7906976744186,7948.75,4.0,Retiro,Antioquia,9493.0,83.7327504476983,False,False
05615,2022,1619,1.0,263.0370599135269,37486.75,4.0,Rionegro,Antioquia,50224.0,74.63911675692896,False,False
05615,2023,1624,2.0,268.0997536945813,46362.75,4.0,Rionegro,Antioquia,51561.0,89.91825216733578,True,False
05615,2024,1633,2.0,269.11879975505207,51225.0,4.0,Rionegro,Antioquia,52855.0,96.9160911928862,True,False
05615,2025,11,1.0,329.27272727272725,50748.0,4.0,Rionegro,Antioquia,54222.0,93.59300652871528,False,False
05628,2022,79,1.0,218.40506329113924,428.25,4.0,Sabanalarga,Antioquia,2975.0,14.394957983193276,False,False
05628,2023,107,1.0,229.50467289719626,315.75,4.0,Sabanalarga,Antioquia,3028.0,10.4276750330251,False,False
05628,2024,119,1.0,220.14285714285714,301.0,4.0,Sabanalarga,Antioquia,3101.0,9.706546275395034,False,False
05631,2022,835,2.0,279.8754491017964,39073.75,4.0,Sabaneta,Antioquia,35741.0,109.32472510562098,True,True
05631,2023,773,2.0,285.3091849935317,38595.5,4.0,Sabaneta,Antioquia,37169.0,103.8378756490624,True,True
05631,2024,804,2.0,285.7450248756219,42482.25,4.0,Sabaneta,Antioquia,38670.0,109.85841737781226,True,True
05631,2025,56,1.0,334.76785714285717,46651.75,4.0,Sabaneta,Antioquia,40149.0,116.19654287778027,False,True
05642,2022,108,1.0,237.12962962962962,531.0,4.0,Salgar,Antioquia,6361.0,8.347744065398523,False,False
05642,2023,104,1.0,241.875,1428.75,4.0,Salgar,Antioquia,6430.0,22.220062208398133,False,False
05642,2024,107,1.0,238.0,1591.25,4.0,Salgar,Antioquia,6517.0,24.41690962099125,False,False
05647,2022,65,1.0,232.93846153846152,665.0,4.0,San Andrés de Cuerquía,Antioquia,2307.0,28.82531426094495,False,False
05647,2023,68,1.0,228.4558823529412,527.5,4.0,San Andrés de Cuerquía,Antioquia,2330.0,22.63948497854077,False,False
05647,2024,41,1.0,247.82926829268294,370.25,4.0,San Andrés de Cuerquía,Antioquia,2359.0,15.69520983467571,False,False
05649,2022,236,1.0,231.40254237288136,1828.5,4.0,San Carlos,Antioquia,6157.0,29.697904823777815,False,False
05649,2023,246,1.0,231.02439024390245,2061.0,4.0,San Carlos,Antioquia,6235.0,33.05533279871692,False,False
05649,2024,232,1.0,230.03879310344828,2974.75,4.0,San Carlos,Antioquia,6328.0,47.00932364096081,False,False
05649,2025,6,1.0,185.16666666666666,2113.5,4.0,San Carlos,Antioquia,6404.0,33.00281074328545,False,False
05652,2022,45,1.0,238.82222222222222,444.5,4.0,San Francisco,Antioquia,2000.0,22.225,False,False
05652,2023,30,1.0,239.76666666666668,393.75,4.0,San Francisco,Antioquia,2038.0,19.320412168792934,False,False
05652,2024,38,1.0,258.86842105263156,547.25,4.0,San Francisco,Antioquia,2075.0,26.373493975903617,False,False
05656,2022,149,1.0,239.6979865771812,2275.25,4.0,San Jerónimo,Antioquia,5550.0,40.99549549549549,False,False
05656,2023,164,1.0,236.46951219512195,2344.75,4.0,San Jerónimo,Antioquia,5734.0,40.89204743634461,False,False
05656,2024,135,1.0,245.6074074074074,1634.25,4.0,San Jerónimo,Antioquia,5937.0,27.52652854977261,False,False
05658,2022,33,1.0,233.6969696969697,376.0,4.0,San José de La Montaña,Antioquia,1266.0,29.6998420221169,False,False
05658,2023,34,1.0,231.05882352941177,270.75,4.0,San José de La Montaña,Antioquia,1290.0,20.988372093023255,False,False
05658,2024,35,1.0,247.28571428571428,152.75,4.0,San José de La Montaña,Antioquia,1316.0,11.607142857142858,False,False
05659,2022,273,1.0,209.71062271062272,827.5,4.0,San Juan de Urabá,Antioquia,5862.0,14.116342545206415,False,False
05659,2023,307,1.0,210.67752442996743,498.25,4.0,San Juan de Urabá,Antioquia,5905.0,8.437764606265876,False,False
05659,2024,277,1.0,210.73285198555956,455.0,4.0,San Juan de Urabá,Antioquia,5947.0,7.650916428451319,False,False
05660,2022,142,1.0,235.49295774647888,1631.0,4.0,San Luis,Antioquia,4589.0,35.54151231205056,False,False
05660,2023,189,1.0,234.989417989418,1398.25,4.0,San Luis,Antioquia,4695.0,29.781682641107558,False,False
05660,2024,177,1.0,244.80790960451978,1532.0,4.0,San Luis,Antioquia,4804.0,31.89009159034138,False,False
05664,2022,364,1.0,250.79395604395606,3550.0,4.0,San Pedro de Los Milagros,Antioquia,6832.0,51.96135831381733,False,False
05664,2023,371,1.0,256.20485175202157,4308.0,4.0,San Pedro de Los Milagros,Antioquia,6905.0,62.38957277335264,False,False
05664,2024,386,1.0,251.26683937823833,4263.25,4.0,San Pedro de Los Milagros,Antioquia,6968.0,61.183266360505165,False,False
05665,2022,456,1.0,224.05043859649123,4112.75,4.0,San Pedro de Urabá,Antioquia,8904.0,46.18991464510332,False,False
05665,2023,515,1.0,223.0116504854369,4223.5,4.0,San Pedro de Urabá,Antioquia,9036.0,46.74081451969898,False,False
05665,2024,516,1.0,221.81201550387595,4590.75,4.0,San Pedro de Urabá,Antioquia,9182.0,49.997277281637984,False,False
05667,2022,136,1.0,244.78676470588235,1413.5,4.0,San Rafael,Antioquia,5877.0,24.051386761953378,False,False
05667,2023,124,1.0,247.16129032258064,1306.5,4.0,San Rafael,Antioquia,6003.0,21.764117941029486,False,False
05667,2024,170,1.0,243.75882352941176,1433.75,4.0,San Rafael,Antioquia,6149.0,23.316799479590177,False,False
05670,2022,286,1.0,223.63286713286712,2120.0,4.0,San Roque,Antioquia,8122.0,26.101945333661657,False,False
05670,2023,286,1.0,224.8846153846154,2038.0,4.0,San Roque,Antioquia,8310.0,24.524669073405537,False,False
05670,2024,278,1.0,224.0107913669065,1914.25,4.0,San Roque,Antioquia,8556.0,22.3731884057971,False,False
05674,2022,214,1.0,242.9158878504673,1361.75,4.0,San Vicente Ferrer,Antioquia,7651.0,17.79832701607633,False,False
05674,2023,203,1.0,247.92118226600985,1365.5,4.0,San Vicente Ferrer,Antioquia,7810.0,17.483994878361074,False,False
05674,2024,227,1.0,251.136563876652,1035.5,4.0,San Vicente Ferrer,Antioquia,8025.0,12.903426791277258,False,False
05679,2022,225,1.0,242.38666666666666,2758.75,4.0,Santa Bárbara,Antioquia,9764.0,28.254301515772223,False,False
05679,2023,260,1.0,238.65384615384616,3023.75,4.0,Santa Bárbara,Antioquia,9961.0,30.355887963055917,False,False
05679,2024,229,1.0,242.9868995633188,2674.0,4.0,Santa Bárbara,Antioquia,10178.0,26.27235213204952,False,False
05686,2022,534,1.0,261.0917602996255,3891.25,4.0,Santa Rosa de Osos,Antioquia,11500.0,33.83695652173913,False,False
05686,2023,543,1.0,264.0055248618784,2372.75,4.0,Santa Rosa de Osos,Antioquia,11760.0,20.17644557823129,False,False
05686,2024,551,1.0,257.1179673321234,2181.25,4.0,Santa Rosa de Osos,Antioquia,12032.0,18.128740026595743,False,False
05690,2022,197,1.0,239.38578680203045,402.0,4.0,Santo Domingo,Antioquia,4411.0,9.113579687145771,False,False
05690,2023,182,1.0,232.6868131868132,382.75,4.0,Santo Domingo,Antioquia,4485.0,8.534002229654405,False,False
05690,2024,161,1.0,234.416149068323,541.75,4.0,Santo Domingo,Antioquia,4592.0,11.797691637630663,False,False
05697,2022,505,2.0,242.23762376237624,4533.75,4.0,El Santuario,Antioquia,11241.0,40.33226581265012,True,False
05697,2023,503,2.0,240.8648111332008,5258.5,4.0,El Santuario,Antioquia,11530.0,45.60711188204684,True,False
05697,2024,502,2.0,241.99003984063745,5544.0,4.0,El Santuario,Antioquia,11806.0,46.95917330171099,True,False
05697,2025,14,1.0,233.92857142857142,6835.25,4.0,El Santuario,Antioquia,12109.0,56.44768354116773,False,False
05736,2022,368,1.0,215.95923913043478,5176.5,4.0,Segovia,Antioquia,12504.0,41.398752399232244,False,False
05736,2023,407,1.0,215.6068796068796,4647.75,4.0,Segovia,Antioquia,12701.0,36.59357530903078,False,False
05736,2024,418,2.0,219.00478468899522,4385.25,4.0,Segovia,Antioquia,12849.0,34.12911510623395,True,False
05736,2025,55,1.0,250.78181818181818,4009.0,4.0,Segovia,Antioquia,13060.0,30.69678407350689,False,False
05756,2022,365,1.0,235.21917808219177,3154.5,4.0,Sonsón,Antioquia,11457.0,27.53338570306363,False,False
05756,2023,415,1.0,241.5421686746988,4480.75,4.0,Sonsón,Antioquia,11519.0,38.89877593541106,False,False
05756,2024,386,1.0,236.1424870466321,4496.5,4.0,Sonsón,Antioquia,11602.0,38.75624892259955,False,False
05761,2022,207,1.0,223.42028985507247,2520.75,4.0,Sopetrán,Antioquia,5701.0,44.215927030345554,False,False
05761,2023,195,1.0,223.4205128205128,2129.0,4.0,Sopetrán,Antioquia,5811.0,36.63741180519704,False,False
05761,2024,179,1.0,230.11173184357543,1611.0,4.0,Sopetrán,Antioquia,5939.0,27.12577875063142,False,False
05789,2022,168,1.0,238.86904761904762,1381.5,4.0,Támesis,Antioquia,5827.0,23.708597906298266,False,False
05789,2023,195,1.0,240.24615384615385,1089.5,4.0,Támesis,Antioquia,5883.0,18.5194628590855,False,False
05789,2024,198,1.0,237.54545454545453,676.5,4.0,Támesis,Antioquia,5955.0,11.360201511335012,False,False
05790,2022,299,1.0,222.53846153846155,2785.75,4.0,Tarazá,Antioquia,8998.0,30.95965770171149,False,False
05790,2023,341,2.0,221.11143695014664,1684.75,4.0,Tarazá,Antioquia,9175.0,18.362397820163487,True,False
05790,2024,331,1.0,213.87311178247734,736.25,4.0,Tarazá,Antioquia,9363.0,7.863398483392076,False,False
05792,2022,49,1.0,245.30612244897958,391.5,4.0,Tarso,Antioquia,2083.0,18.795007201152185,False,False
05792,2023,70,1.0,246.9142857142857,344.75,4.0,Tarso,Antioquia,2119.0,16.26946672958943,False,False
05792,2024,65,1.0,229.75384615384615,342.25,4.0,Tarso,Antioquia,2160.0,15.844907407407408,False,False
05809,2022,60,1.0,231.66666666666666,1163.0,4.0,Titiribí,Antioquia,3873.0,30.0284017557449,False,False
05809,2023,57,1.0,252.82456140350877,1142.25,4.0,Titiribí,Antioquia,3933.0,29.04271548436308,False,False
05809,2024,78,1.0,239.16666666666666,1081.75,4.0,Titiribí,Antioquia,4007.0,26.996506114299972,False,False
05819,2022,49,1.0,209.73469387755102,144.25,4.0,Toledo,Antioquia,1604.0,8.993142144638403,False,False
05819,2023,75,1.0,214.01333333333332,180.5,4.0,Toledo,Antioquia,1605.0,11.246105919003115,False,False
05819,2024,81,1.0,209.14814814814815,111.0,4.0,Toledo,Antioquia,1608.0,6.902985074626866,False,False
05837,2022,1847,1.0,214.28857606930157,13578.5,4.0,Turbo,Antioquia,36178.0,37.53247830173033,False,False
05837,2023,2194,2.0,218.5651777575205,10179.0,4.0,Turbo,Antioquia,36628.0,27.79021513596156,True,False
05837,2024,2168,1.0,219.0461254612546,8589.25,4.0,Turbo,Antioquia,37203.0,23.08751982367013,False,False
05837,2025,21,1.0,209.85714285714286,10481.75,4.0,Turbo,Antioquia,37659.0,27.833320056294642,False,False
05842,2022,61,1.0,222.8360655737705,289.5,4.0,Uramita,Antioquia,2335.0,12.3982869379015,False,False
05842,2023,68,1.0,212.14705882352942,218.75,4.0,Uramita,Antioquia,2379.0,9.19503993274485,False,False
05842,2024,60,1.0,229.15,158.0,4.0,Uramita,Antioquia,2422.0,6.5235342691990095,False,False
05847,2022,410,1.0,222.44390243902438,2338.0,4.0,Urrao,Antioquia,10075.0,23.205955334987593,False,False
05847,2023,412,1.0,222.61165048543688,1946.75,4.0,Urrao,Antioquia,10248.0,18.996389539422324,False,False
05847,2024,369,1.0,227.19241192411923,1684.25,4.0,Urrao,Antioquia,10420.0,16.16362763915547,False,False
05854,2022,94,1.0,234.11702127659575,963.5,4.0,Valdivia,Antioquia,5035.0,19.13604766633565,False,False
05854,2023,105,1.0,230.11428571428573,680.25,4.0,Valdivia,Antioquia,5121.0,13.283538371411835,False,False
05854,2024,97,1.0,225.83505154639175,678.75,4.0,Valdivia,Antioquia,5241.0,12.950772753291357,False,False
05856,2022,52,1.0,234.5,559.0,4.0,Valparaíso,Antioquia,2382.0,23.46767422334173,False,False
05856,2023,68,1.0,233.19117647058823,423.25,4.0,Valparaíso,Antioquia,2410.0,17.562240663900415,False,False
05856,2024,61,1.0,240.7704918032787,301.5,4.0,Valparaíso,Antioquia,2439.0,12.361623616236162,False,False
05858,2022,199,1.0,215.7788944723618,686.25,4.0,Vegachí,Antioquia,3921.0,17.501912777352715,False,False
05858,2023,178,1.0,219.63483146067415,1065.25,4.0,Vegachí,Antioquia,3971.0,26.825736590279526,False,False
05858,2024,213,1.0,213.1643192488263,1371.0,4.0,Vegachí,Antioquia,4016.0,34.13844621513944,False,False
05861,2022,143,1.0,220.86713286713288,1535.0,4.0,Venecia,Antioquia,4275.0,35.906432748538016,False,False
05861,2023,141,1.0,235.5035460992908,1311.0,4.0,Venecia,Antioquia,4341.0,30.20041465100207,False,False
05861,2024,118,1.0,234.33050847457628,1597.75,4.0,Venecia,Antioquia,4427.0,36.0910323017845,False,False
05873,2022,125,1.0,190.536,181.25,4.0,Vigía del Fuerte,Antioquia,2948.0,6.148236092265943,False,False
05873,2023,121,1.0,196.0495867768595,127.5,4.0,Vigía del Fuerte,Antioquia,3060.0,4.166666666666666,False,False
05873,2024,138,1.0,187.5144927536232,66.75,4.0,Vigía del Fuerte,Antioquia,3186.0,2.0951035781544256,False,False
05885,2022,66,1.0,207.71212121212122,180.0,4.0,Yalí,Antioquia,2791.0,6.449301325689717,False,False
05885,2023,58,1.0,226.98275862068965,209.25,4.0,Yalí,Antioquia,2816.0,7.430752840909091,False,False
05885,2024,58,1.0,232.60344827586206,2010.5,4.0,Yalí,Antioquia,2850.0,70.54385964912281,False,False
05887,2022,510,1.0,253.7235294117647,3874.5,4.0,Yarumal,Antioquia,13175.0,29.40796963946869,False,False
05887,2023,507,2.0,253.9112426035503,5405.25,4.0,Yarumal,Antioquia,13319.0,40.583001726856374,True,False
05887,2024,476,2.0,255.31302521008402,4322.25,4.0,Yarumal,Antioquia,13412.0,32.22673725022368,True,False
05890,2022,295,1.0,213.10169491525423,961.0,4.0,Yolombó,Antioquia,7988.0,12.030545818728092,False,False
05890,2023,278,1.0,218.4208633093525,800.0,4.0,Yolombó,Antioquia,8155.0,9.809932556713672,False,False
05890,2024,232,1.0,225.64655172413794,611.25,4.0,Yolombó,Antioquia,8361.0,7.310728381772515,False,False
05893,2022,142,1.0,231.09154929577466,1426.0,4.0,Yondó,Antioquia,6493.0,21.962113044817496,False,False
05893,2023,172,1.0,233.52325581395348,1085.25,4.0,Yondó,Antioquia,6681.0,16.243825774584643,False,False
05893,2024,188,1.0,233.5159574468085,686.25,4.0,Yondó,Antioquia,6880.0,9.974563953488373,False,False
05895,2022,360,1.0,205.11666666666667,2347.5,4.0,Zaragoza,Antioquia,7800.0,30.096153846153843,False,False
05895,2023,404,1.0,207.3861386138614,1872.25,4.0,Zaragoza,Antioquia,7960.0,23.520728643216078,False,False
05895,2024,374,1.0,206.80748663101605,1554.5,4.0,Zaragoza,Antioquia,8118.0,19.14880512441488,False,False
08001,2022,16222,2.0,254.3613611145358,242391.75,4.0,Barranquilla,Atlántico,349967.0,69.26131606694345,True,False
08001,2023,16286,2.0,258.3830897703549,251568.0,4.0,Barranquilla,Atlántico,354038.0,71.0567792157904,True,False
08001,2024,16854,2.0,260.79091016969267,253618.75,4.0,Barranquilla,Atlántico,358275.0,70.7888493475682,True,False
08001,2025,248,1.0,321.8709677419355,268554.75,4.0,Barranquilla,Atlántico,362170.0,74.15157246596902,False,False
08078,2022,721,1.0,236.11789181692095,5464.5,4.0,Baranoa,Atlántico,18297.0,29.86555172979177,False,False
08078,2023,806,1.0,233.16873449131515,5809.75,4.0,Baranoa,Atlántico,18891.0,30.754062781218572,False,False
08078,2024,788,1.0,245.7271573604061,5636.5,4.0,Baranoa,Atlántico,19523.0,28.87107514214004,False,False
08137,2022,252,2.0,218.11904761904762,582.5,4.0,Campo de La Cruz,Atlántico,6221.0,9.363446391255426,True,False
08137,2023,237,1.0,222.50632911392404,435.0,4.0,Campo de La Cruz,Atlántico,6414.0,6.7820392890551915,False,False
08137,2024,253,1.0,226.37154150197628,447.25,4.0,Campo de La Cruz,Atlántico,6618.0,6.758084013297068,False,False
08137,2025,1,1.0,246.0,662.0,4.0,Campo de La Cruz,Atlántico,6822.0,9.703899149809441,False,False
08141,2022,157,1.0,207.57324840764332,492.5,4.0,Candelaria,Atlántico,4485.0,10.981047937569677,False,False
08141,2023,182,1.0,210.1153846153846,251.0,4.0,Candelaria,Atlántico,4640.0,5.4094827586206895,False,False
08141,2024,143,1.0,212.67132867132867,141.0,4.0,Candelaria,Atlántico,4801.0,2.936888148302437,False,False
08296,2022,631,1.0,241.57686212361332,6961.0,4.0,Galapa,Atlántico,19084.0,36.475581639069375,False,False
08296,2023,677,1.0,247.31905465288037,7456.5,4.0,Galapa,Atlántico,19484.0,38.26986245124204,False,False
08296,2024,666,1.0,256.22072072072075,6733.25,4.0,Galapa,Atlántico,19888.0,33.855842719227674,False,False
08372,2022,189,1.0,225.010582010582,808.5,4.0,Juan de Acosta,Atlántico,6474.0,12.488415199258572,False,False
08372,2023,212,1.0,229.54716981132074,826.5,4.0,Juan de Acosta,Atlántico,6640.0,12.447289156626507,False,False
08372,2024,207,1.0,236.16908212560386,634.25,4.0,Juan de Acosta,Atlántico,6815.0,9.306676449009538,False,False
08421,2022,336,1.0,214.14285714285714,615.75,4.0,Luruaco,Atlántico,7926.0,7.768735806207419,False,False
08421,2023,325,1.0,216.65846153846155,445.25,4.0,Luruaco,Atlántico,8131.0,5.475956216947485,False,False
08421,2024,298,2.0,216.1006711409396,514.75,4.0,Luruaco,Atlántico,8364.0,6.1543519846963175,True,False
08433,2022,1589,2.0,233.70044052863437,12961.75,4.0,Malambo,Atlántico,36199.0,35.806928368186966,True,False
08433,2023,1664,2.0,239.0408653846154,12123.75,4.0,Malambo,Atlántico,37161.0,32.6249293614273,True,False
08433,2024,1847,2.0,240.05414185165134,11576.75,4.0,Malambo,Atlántico,38172.0,30.32785811589647,True,False
08433,2025,29,1.0,211.3793103448276,11466.25,4.0,Malambo,Atlántico,39175.0,29.26930440331844,False,False
08436,2022,225,1.0,208.35555555555555,860.0,4.0,Manatí,Atlántico,5625.0,15.288888888888888,False,False
08436,2023,256,1.0,213.44140625,812.5,4.0,Manatí,Atlántico,5798.0,14.013452914798204,False,False
08436,2024,218,1.0,216.62385321100916,875.25,4.0,Manatí,Atlántico,5978.0,14.641184342589494,False,False
08520,2022,370,1.0,242.85405405405405,1390.5,4.0,Palmar de Varela,Atlántico,9316.0,14.925933877200514,False,False
08520,2023,379,1.0,249.91292875989447,1264.0,4.0,Palmar de Varela,Atlántico,9640.0,13.112033195020748,False,False
08520,2024,346,1.0,254.81791907514452,1076.5,4.0,Palmar de Varela,Atlántico,9985.0,10.781171757636454,False,False
08549,2022,78,1.0,201.66666666666666,10.75,4.0,Piojó,Atlántico,2038.0,0.52747791952895,False,False
08549,2023,53,1.0,210.24528301886792,9.25,4.0,Piojó,Atlántico,2096.0,0.44131679389312983,False,False
08549,2024,39,1.0,196.48717948717947,16.25,4.0,Piojó,Atlántico,2156.0,0.7537105751391466,False,False
08558,2022,187,1.0,212.15508021390374,343.0,4.0,Polonuevo,Atlántico,5953.0,5.761800772719637,False,False
08558,2023,190,1.0,210.59473684210528,303.5,4.0,Polonuevo,Atlántico,6125.0,4.955102040816326,False,False
08558,2024,222,1.0,215.6846846846847,331.25,4.0,Polonuevo,Atlántico,6299.0,5.2587712335291315,False,False
08560,2022,251,1.0,213.83266932270917,538.75,4.0,Ponedera,Atlántico,6378.0,8.44700533082471,False,False
08560,2023,227,1.0,212.37444933920705,337.5,4.0,Ponedera,Atlántico,6537.0,5.162918770078018,False,False
08560,2024,236,1.0,220.19915254237287,215.0,4.0,Ponedera,Atlántico,6710.0,3.2041728763040243,False,False
08573,2022,1131,2.0,290.35366931918657,6691.5,4.0,Puerto Colombia,Atlántico,16169.0,41.38474859298658,True,False
08573,2023,1039,2.0,298.4379210779596,6885.0,4.0,Puerto Colombia,Atlántico,16813.0,40.950455005055616,True,False
08573,2024,1133,2.0,297.33009708737865,8213.25,4.0,Puerto Colombia,Atlántico,17472.0,47.00807005494506,True,False
08573,2025,422,1.0,337.1090047393365,10891.25,4.0,Puerto Colombia,Atlántico,18116.0,60.11950761757562,False,False
08606,2022,263,1.0,221.71863117870723,768.0,4.0,Repelón,Atlántico,7743.0,9.918636187524216,False,False
08606,2023,284,1.0,219.4612676056338,594.25,4.0,Repelón,Atlántico,7940.0,7.484256926952142,False,False
08606,2024,251,1.0,225.3625498007968,325.75,4.0,Repelón,Atlántico,8157.0,3.993502513178865,False,False
08634,2022,403,1.0,239.3771712158809,2740.25,4.0,Sabanagrande,Atlántico,8972.0,30.54224253232278,False,False
08634,2023,413,1.0,245.3995157384988,2587.5,4.0,Sabanagrande,Atlántico,9283.0,27.873532263276957,False,False
08634,2024,388,1.0,245.1520618556701,2649.25,4.0,Sabanagrande,Atlántico,9617.0,27.54757200790267,False,False
08638,2022,1252,1.0,225.33945686900958,4763.0,4.0,Sabanalarga,Atlántico,24661.0,19.313896435667655,False,False
08638,2023,1350,1.0,226.60296296296298,4571.75,4.0,Sabanalarga,Atlántico,25211.0,18.133949466502717,False,False
08638,2024,1326,1.0,230.6078431372549,5151.25,4.0,Sabanalarga,Atlántico,25803.0,19.963763903422084,False,False
08675,2022,118,1.0,203.42372881355934,287.75,4.0,Santa Lucía,Atlántico,5415.0,5.313942751615882,False,False
08675,2023,116,1.0,218.24137931034483,219.5,4.0,Santa Lucía,Atlántico,5604.0,3.916845110635261,False,False
08675,2024,102,1.0,226.08823529411765,161.5,4.0,Santa Lucía,Atlántico,5794.0,2.787366240938902,False,False
08685,2022,226,1.0,229.55752212389382,2352.5,4.0,Santo Tomás,Atlántico,9006.0,26.121474572507218,False,False
08685,2023,242,1.0,239.4793388429752,2264.5,4.0,Santo Tomás,Atlántico,9332.0,24.265966566652377,False,False
08685,2024,242,1.0,239.55785123966942,1732.0,4.0,Santo Tomás,Atlántico,9685.0,17.883324728962315,False,False
08758,2022,7624,2.0,241.52334732423924,95668.25,4.0,Soledad,Atlántico,184739.0,51.78562729039348,True,False
08758,2023,8312,2.0,244.68479307025987,100385.25,4.0,Soledad,Atlántico,190168.0,52.787666694712044,True,False
08758,2024,8323,2.0,246.32440225880092,100398.25,4.0,Soledad,Atlántico,195825.0,51.269373164815526,True,False
08758,2025,221,1.0,215.81447963800906,102205.5,4.0,Soledad,Atlántico,201421.0,50.74222648085354,False,False
08770,2022,109,1.0,236.44954128440367,375.5,4.0,Suan,Atlántico,3483.0,10.780935974734424,False,False
08770,2023,124,1.0,238.75,258.25,4.0,Suan,Atlántico,3594.0,7.185587089593767,False,False
08770,2024,150,1.0,248.6,423.5,4.0,Suan,Atlántico,3717.0,11.393596986817325,False,False
08832,2022,100,1.0,221.67,346.75,4.0,Tubará,Atlántico,5772.0,6.007449757449757,False,False
08832,2023,128,1.0,232.03125,384.0,4.0,Tubará,Atlántico,5916.0,6.490872210953347,False,False
08832,2024,122,1.0,223.29508196721312,405.5,4.0,Tubará,Atlántico,6069.0,6.68149612786291,False,False
08849,2022,83,1.0,221.93975903614458,799.75,4.0,Usiacurí,Atlántico,4331.0,18.465712306626646,False,False
08849,2023,91,1.0,206.78021978021977,968.25,4.0,Usiacurí,Atlántico,4494.0,21.545393858477972,False,False
08849,2024,66,1.0,238.3939393939394,1040.5,4.0,Usiacurí,Atlántico,4661.0,22.32353572194808,False,False
11001,2022,83069,2.0,270.81441933814057,2018062.0,4.0,"Bogotá, D.C.","Bogotá, D.C.",2796296.0,72.16911228281985,True,False
11001,2023,84567,2.0,270.7832606099306,2041446.5,4.0,"Bogotá, D.C.","Bogotá, D.C.",2840931.0,71.85836262830742,True,False
11001,2024,84124,2.0,273.0909253007465,2070448.0,4.0,"Bogotá, D.C.","Bogotá, D.C.",2886945.0,71.71761152360021,True,False
11001,2025,5249,1.0,287.96075442941515,2194002.25,4.0,"Bogotá, D.C.","Bogotá, D.C.",2930023.0,74.88003507139706,False,False
13001,2022,14563,2.0,240.3155943143583,174061.25,4.0,Cartagena de Indias,Bolívar,296704.0,58.664948905306304,True,False
13001,2023,14624,2.0,245.35530634573306,181565.0,4.0,Cartagena de Indias,Bolívar,299901.0,60.541645409651856,True,False
13001,2024,15347,2.0,246.46067635368476,191622.0,4.0,Cartagena de Indias,Bolívar,303381.0,63.162162429420434,True,False
13001,2025,329,1.0,295.58358662613983,234872.75,4.0,Cartagena de Indias,Bolívar,306639.0,76.59585049520771,False,False
13006,2022,309,1.0,206.52750809061487,128.0,4.0,Achí,Bolívar,8075.0,1.585139318885449,False,False
13006,2023,286,1.0,217.37062937062936,168.0,4.0,Achí,Bolívar,8280.0,2.0289855072463765,False,False
13006,2024,315,1.0,214.14920634920634,338.0,4.0,Achí,Bolívar,8489.0,3.9816232771822357,False,False
13030,2022,81,1.0,213.02469135802468,802.75,4.0,Altos del Rosario,Bolívar,3066.0,26.182322243966077,False,False
13030,2023,85,1.0,202.51764705882354,480.25,4.0,Altos del Rosario,Bolívar,3082.0,15.582414016872162,False,False
13030,2024,104,1.0,207.67307692307693,65.75,4.0,Altos del Rosario,Bolívar,3100.0,2.120967741935484,False,False
13042,2022,114,1.0,208.7017543859649,540.0,4.0,Arenal,Bolívar,2402.0,22.481265611990008,False,False
13042,2023,107,1.0,213.92523364485982,369.5,4.0,Arenal,Bolívar,2461.0,15.014221861032102,False,False
13042,2024,99,1.0,207.5252525252525,182.25,4.0,Arenal,Bolívar,2525.0,7.217821782178217,False,False
13052,2022,1017,1.0,220.89478859390363,1179.25,4.0,Arjona,Bolívar,18884.0,6.244704511755984,False,False
13052,2023,1009,1.0,224.89692765113975,1075.5,4.0,Arjona,Bolívar,19163.0,5.612378020142984,False,False
13052,2024,962,1.0,224.6829521829522,3196.75,4.0,Arjona,Bolívar,19463.0,16.424754662693317,False,False
13052,2025,3,1.0,223.33333333333334,8547.0,4.0,Arjona,Bolívar,19755.0,43.26499620349279,False,False
13062,2022,94,1.0,206.35106382978722,637.5,4.0,Arroyohondo,Bolívar,1813.0,35.1627137341423,False,False
13062,2023,85,1.0,203.4,412.0,4.0,Arroyohondo,Bolívar,1831.0,22.501365374112506,False,False
13062,2024,79,1.0,201.18987341772151,214.5,4.0,Arroyohondo,Bolívar,1848.0,11.607142857142858,False,False
13074,2022,190,1.0,204.9578947368421,1256.5,4.0,Barranco de Loba,Bolívar,4466.0,28.134796238244515,False,False
13074,2023,161,1.0,203.55900621118013,804.75,4.0,Barranco de Loba,Bolívar,4578.0,17.578636959370904,False,False
13074,2024,178,1.0,224.95505617977528,391.25,4.0,Barranco de Loba,Bolívar,4698.0,8.328011919965943,False,False
13140,2022,290,1.0,197.7344827586207,1197.5,4.0,Calamar,Bolívar,6089.0,19.66661192314009,False,False
13140,2023,262,1.0,202.24427480916032,771.75,4.0,Calamar,Bolívar,6209.0,12.429537767756482,False,False
13140,2024,271,1.0,206.94464944649445,387.5,4.0,Calamar,Bolívar,6336.0,6.115845959595959,False,False
13160,2022,85,1.0,222.49411764705883,113.25,4.0,Cantagallo,Bolívar,3061.0,3.699771316563215,False,False
13160,2023,83,1.0,239.90361445783134,117.0,4.0,Cantagallo,Bolívar,3107.0,3.765690376569038,False,False
13160,2024,93,1.0,227.36559139784947,101.0,4.0,Cantagallo,Bolívar,3160.0,3.1962025316455693,False,False
13188,2022,164,1.0,220.72560975609755,626.75,4.0,Cicuco,Bolívar,4057.0,15.44860734532906,False,False
13188,2023,174,1.0,230.09195402298852,376.0,4.0,Cicuco,Bolívar,4179.0,8.997367791337641,False,False
13188,2024,152,1.0,231.1578947368421,267.0,4.0,Cicuco,Bolívar,4302.0,6.206415620641562,False,False
13212,2022,203,1.0,210.9408866995074,170.0,4.0,Córdoba,Bolívar,4908.0,3.463732681336593,False,False
13212,2023,201,1.0,217.681592039801,212.5,4.0,Córdoba,Bolívar,5030.0,4.224652087475149,False,False
13212,2024,173,1.0,222.73410404624278,81.0,4.0,Córdoba,Bolívar,5158.0,1.5703761147731679,False,False
13222,2022,151,1.0,197.17218543046357,895.0,4.0,Clemencia,Bolívar,4543.0,19.700638344706142,False,False
13222,2023,127,1.0,205.14173228346456,589.75,4.0,Clemencia,Bolívar,4637.0,12.718352383006254,False,False
13222,2024,115,1.0,201.49565217391304,176.25,4.0,Clemencia,Bolívar,4736.0,3.721494932432432,False,False
13244,2022,1002,2.0,217.67964071856287,2254.75,4.0,El Carmen de Bolívar,Bolívar,20281.0,11.117548444356787,True,False
13244,2023,989,2.0,222.1071789686552,2129.5,4.0,El Carmen de Bolívar,Bolívar,20650.0,10.31234866828087,True,False
13244,2024,982,2.0,225.4887983706721,2145.5,4.0,El Carmen de Bolívar,Bolívar,21040.0,10.197243346007605,True,False
13244,2025,59,1.0,204.59322033898306,2826.25,4.0,El Carmen de Bolívar,Bolívar,21414.0,13.198141402820585,False,False
13248,2022,105,1.0,219.75238095238095,62.0,4.0,El Guamo,Bolívar,2664.0,2.3273273273273274,False,False
13248,2023,95,1.0,210.0421052631579,52.75,4.0,El Guamo,Bolívar,2718.0,1.940765268579838,False,False
13248,2024,81,1.0,227.09876543209876,34.0,4.0,El Guamo,Bolívar,2783.0,1.221703197987783,False,False
13268,2022,75,1.0,221.90666666666667,15.5,4.0,El Peñón,Bolívar,2231.0,0.6947557149260422,False,False
13268,2023,74,1.0,211.2972972972973,9.0,4.0,El Peñón,Bolívar,2253.0,0.3994673768308922,False,False
13268,2024,86,1.0,220.90697674418604,4.75,4.0,El Peñón,Bolívar,2268.0,0.20943562610229277,False,False
13300,2022,163,1.0,207.95092024539878,18.0,4.0,Hatillo de Loba,Bolívar,2918.0,0.616860863605209,False,False
13300,2023,156,1.0,213.2948717948718,16.5,4.0,Hatillo de Loba,Bolívar,2956.0,0.5581867388362651,False,False
13300,2024,129,1.0,211.92248062015503,212.25,4.0,Hatillo de Loba,Bolívar,3003.0,7.067932067932067,False,False
13430,2022,1686,2.0,230.02669039145908,5378.5,4.0,Magangué,Bolívar,38737.0,13.884658078839351,True,False
13430,2023,1805,2.0,236.98448753462603,5348.25,4.0,Magangué,Bolívar,39601.0,13.505340774222873,True,False
13430,2024,1654,2.0,238.0640870616687,5635.5,4.0,Magangué,Bolívar,40524.0,13.906573882143917,True,False
13430,2025,59,1.0,193.72881355932202,4525.0,4.0,Magangué,Bolívar,41433.0,10.921246349528154,False,False
13433,2022,429,1.0,202.56177156177156,1236.5,4.0,Mahates,Bolívar,8758.0,14.11852021009363,False,False
13433,2023,396,1.0,204.37878787878788,681.0,4.0,Mahates,Bolívar,8985.0,7.5792988313856435,False,False
13433,2024,384,2.0,201.55729166666666,324.5,4.0,Mahates,Bolívar,9222.0,3.518759488180438,True,False
13433,2025,14,1.0,202.78571428571428,665.0,4.0,Mahates,Bolívar,9466.0,7.02514261567716,False,False
13440,2022,174,1.0,218.89080459770116,29.75,4.0,Margarita,Bolívar,3317.0,0.8968947844437745,False,False
13440,2023,136,1.0,218.0735294117647,15.75,4.0,Margarita,Bolívar,3374.0,0.46680497925311204,False,False
13440,2024,160,1.0,214.9875,331.75,4.0,Margarita,Bolívar,3437.0,9.65231306371836,False,False
13442,2022,602,2.0,203.78571428571428,2965.25,4.0,María La Baja,Bolívar,12308.0,24.092053948651284,True,False
13442,2023,623,1.0,205.52487961476726,2310.0,4.0,María La Baja,Bolívar,12466.0,18.5304026953313,False,False
13442,2024,637,1.0,200.61852433281004,1509.75,4.0,María La Baja,Bolívar,12636.0,11.948005698005698,False,False
13458,2022,56,1.0,208.44642857142858,1855.5,4.0,Montecristo,Bolívar,5355.0,34.64985994397759,False,False
13458,2023,72,1.0,211.34722222222223,1511.25,4.0,Montecristo,Bolívar,5384.0,28.069279346210998,False,False
13458,2024,91,1.0,209.72527472527472,444.0,4.0,Montecristo,Bolívar,5417.0,8.196418681927266,False,False
13468,2022,652,1.0,219.3435582822086,2021.5,4.0,Mompós,Bolívar,12521.0,16.144876607299736,False,False
13468,2023,625,1.0,221.3008,3634.25,4.0,Mompós,Bolívar,12745.0,28.515103962338173,False,False
13468,2024,560,1.0,224.43571428571428,2953.75,4.0,Mompós,Bolívar,12979.0,22.75791663456353,False,False
13473,2022,233,1.0,206.42489270386267,1111.25,4.0,Morales,Bolívar,8220.0,13.518856447688565,False,False
13473,2023,202,1.0,212.37623762376236,618.5,4.0,Morales,Bolívar,8398.0,7.3648487735175046,False,False
13473,2024,215,1.0,209.5906976744186,286.75,4.0,Morales,Bolívar,8590.0,3.338183934807916,False,False
13490,2022,43,1.0,225.7906976744186,199.0,4.0,Norosí,Bolívar,3774.0,5.2729199788023315,False,False
13490,2023,42,1.0,231.3095238095238,154.0,4.0,Norosí,Bolívar,3947.0,3.9016974917658978,False,False
13490,2024,47,1.0,211.46808510638297,127.75,4.0,Norosí,Bolívar,4121.0,3.0999757340451346,False,False
13549,2022,317,1.0,203.46687697160883,24.25,4.0,Pinillos,Bolívar,6960.0,0.3484195402298851,False,False
13549,2023,343,1.0,198.83673469387756,18.75,4.0,Pinillos,Bolívar,7054.0,0.265806634533598,False,False
13549,2024,298,1.0,198.35570469798657,52.0,4.0,Pinillos,Bolívar,7137.0,0.7285974499089253,False,False
13580,2022,67,1.0,188.46268656716418,66.75,4.0,Regidor,Bolívar,2467.0,2.705715443858938,False,False
13580,2023,14,1.0,193.07142857142858,85.0,4.0,Regidor,Bolívar,2533.0,3.3557046979865772,False,False
13580,2024,54,1.0,204.74074074074073,123.75,4.0,Regidor,Bolívar,2605.0,4.750479846449136,False,False
13600,2022,84,1.0,208.33333333333334,1123.75,4.0,Río Viejo,Bolívar,3897.0,28.836284321272775,False,False
13600,2023,48,1.0,221.3125,676.0,4.0,Río Viejo,Bolívar,3991.0,16.938110749185668,False,False
13600,2024,88,1.0,210.625,240.25,4.0,Río Viejo,Bolívar,4090.0,5.874083129584353,False,False
13620,2022,84,1.0,201.46428571428572,502.0,4.0,San Cristóbal,Bolívar,2790.0,17.99283154121864,False,False
13620,2023,94,1.0,208.2127659574468,302.0,4.0,San Cristóbal,Bolívar,2877.0,10.497045533541884,False,False
13620,2024,94,1.0,198.45744680851064,117.5,4.0,San Cristóbal,Bolívar,2973.0,3.9522367978472923,False,False
13647,2022,207,1.0,199.14492753623188,980.5,4.0,San Estanislao,Bolívar,6168.0,15.896562905317769,False,False
13647,2023,279,1.0,202.87455197132616,648.25,4.0,San Estanislao,Bolívar,6336.0,10.231218434343434,False,False
13647,2024,214,1.0,206.97663551401868,268.5,4.0,San Estanislao,Bolívar,6513.0,4.122524182404422,False,False
13650,2022,126,1.0,209.34920634920636,106.75,4.0,San Fernando,Bolívar,3791.0,2.8158797151147454,False,False
13650,2023,105,1.0,206.23809523809524,100.5,4.0,San Fernando,Bolívar,3812.0,2.6364113326337884,False,False
13650,2024,105,1.0,216.8095238095238,189.5,4.0,San Fernando,Bolívar,3831.0,4.946489167319238,False,False
13654,2022,291,1.0,238.64948453608247,2320.5,4.0,San Jacinto,Bolívar,7218.0,32.148794679966755,False,False
13654,2023,354,1.0,243.7090395480226,1566.5,4.0,San Jacinto,Bolívar,7394.0,21.186096835271844,False,False
13654,2024,318,1.0,239.40251572327045,712.25,4.0,San Jacinto,Bolívar,7589.0,9.385294505204902,False,False
13655,2022,108,1.0,207.80555555555554,8.5,4.0,San Jacinto del Cauca,Bolívar,3165.0,0.268562401263823,False,False
13655,2023,103,1.0,208.05825242718447,6.75,4.0,San Jacinto del Cauca,Bolívar,3216.0,0.20988805970149255,False,False
13655,2024,103,1.0,209.59223300970874,6.0,4.0,San Jacinto del Cauca,Bolívar,3280.0,0.1829268292682927,False,False
13657,2022,469,1.0,227.68443496801706,1032.25,4.0,San Juan Nepomuceno,Bolívar,11054.0,9.338248597792655,False,False
13657,2023,436,1.0,234.74770642201835,804.75,4.0,San Juan Nepomuceno,Bolívar,11339.0,7.0971867007672635,False,False
13657,2024,515,1.0,228.13203883495146,190.0,4.0,San Juan Nepomuceno,Bolívar,11648.0,1.6311813186813189,False,False
13667,2022,225,1.0,211.67111111111112,827.0,4.0,San Martín de Loba,Bolívar,3975.0,20.80503144654088,False,False
13667,2023,225,1.0,212.22222222222223,536.0,4.0,San Martín de Loba,Bolívar,4019.0,13.336650908186115,False,False
13667,2024,263,1.0,211.10266159695817,315.25,4.0,San Martín de Loba,Bolívar,4063.0,7.759045040610387,False,False
13670,2022,286,1.0,224.06993006993008,4096.25,4.0,San Pablo,Bolívar,8361.0,48.99234541322809,False,False
13670,2023,335,1.0,224.52238805970148,3200.75,4.0,San Pablo,Bolívar,8487.0,37.71356191822788,False,False
13670,2024,363,1.0,229.7548209366391,1562.25,4.0,San Pablo,Bolívar,8625.0,18.11304347826087,False,False
13673,2022,163,2.0,214.73006134969324,12.25,4.0,Santa Catalina,Bolívar,3929.0,0.3117841689997455,True,False
13673,2023,206,1.0,217.2864077669903,19.0,4.0,Santa Catalina,Bolívar,3997.0,0.475356517388041,False,False
13673,2024,196,2.0,223.76530612244898,4.0,4.0,Santa Catalina,Bolívar,4066.0,0.0983767830791933,True,False
13683,2022,180,1.0,207.82222222222222,306.25,4.0,Santa Rosa,Bolívar,6450.0,4.748062015503876,False,False
13683,2023,223,1.0,215.9865470852018,311.5,4.0,Santa Rosa,Bolívar,6551.0,4.7549992367577465,False,False
13683,2024,213,1.0,217.88732394366198,258.75,4.0,Santa Rosa,Bolívar,6648.0,3.892148014440433,False,False
13688,2022,379,1.0,255.4485488126649,4990.25,4.0,Santa Rosa del Sur,Bolívar,11864.0,42.06212070128119,False,False
13688,2023,412,1.0,256.1504854368932,3400.75,4.0,Santa Rosa del Sur,Bolívar,11981.0,28.384525498706285,False,False
13688,2024,454,1.0,252.23127753303964,1619.75,4.0,Santa Rosa del Sur,Bolívar,12090.0,13.397435897435898,False,False
13744,2022,146,1.0,233.35616438356163,1369.75,4.0,Simití,Bolívar,5385.0,25.4363974001857,False,False
13744,2023,161,1.0,239.93167701863354,1200.5,4.0,Simití,Bolívar,5428.0,22.11680176860722,False,False
13744,2024,174,1.0,246.16666666666666,525.5,4.0,Simití,Bolívar,5474.0,9.599926927292657,False,False
13760,2022,115,1.0,205.6,702.5,4.0,Soplaviento,Bolívar,4000.0,17.5625,False,False
13760,2023,116,1.0,215.58620689655172,461.25,4.0,Soplaviento,Bolívar,4139.0,11.143996134331964,False,False
13760,2024,108,1.0,207.60185185185185,488.25,4.0,Soplaviento,Bolívar,4291.0,11.37846655791191,False,False
13780,2022,182,1.0,208.48901098901098,446.5,4.0,Talaigua Nuevo,Bolívar,3777.0,11.821551495896214,False,False
13780,2023,202,1.0,209.70792079207922,248.25,4.0,Talaigua Nuevo,Bolívar,3871.0,6.413071557737019,False,False
13780,2024,203,1.0,207.7783251231527,325.25,4.0,Talaigua Nuevo,Bolívar,3973.0,8.186508935313364,False,False
13810,2022,170,1.0,207.96470588235294,571.75,4.0,Tiquisio,Bolívar,4553.0,12.557654293872172,False,False
13810,2023,214,1.0,204.2570093457944,372.25,4.0,Tiquisio,Bolívar,4587.0,8.115325921081316,False,False
13810,2024,227,1.0,209.66519823788545,106.0,4.0,Tiquisio,Bolívar,4624.0,2.292387543252595,False,False
13836,2022,1244,1.0,252.19694533762058,16583.25,4.0,Turbaco,Bolívar,33510.0,49.487466427931956,False,False
13836,2023,1220,1.0,261.0606557377049,18056.0,4.0,Turbaco,Bolívar,34579.0,52.216663292749935,False,False
13836,2024,1399,2.0,255.74124374553253,20118.5,4.0,Turbaco,Bolívar,35678.0,56.38909131677785,True,False
13836,2025,25,1.0,214.96,23267.25,4.0,Turbaco,Bolívar,36749.0,63.31396772701298,False,False
13838,2022,176,1.0,212.76704545454547,632.5,4.0,Turbaná,Bolívar,4570.0,13.840262582056893,False,False
13838,2023,254,1.0,211.14173228346456,745.0,4.0,Turbaná,Bolívar,4655.0,16.004296455424274,False,False
13838,2024,231,1.0,218.4978354978355,1048.5,4.0,Turbaná,Bolívar,4754.0,22.055111485065208,False,False
13873,2022,295,1.0,208.6677966101695,1544.0,4.0,Villanueva,Bolívar,7832.0,19.71399387129724,False,False
13873,2023,301,1.0,209.73089700996678,1151.75,4.0,Villanueva,Bolívar,8103.0,14.21387140565223,False,False
13873,2024,250,1.0,213.568,426.0,4.0,Villanueva,Bolívar,8397.0,5.073240443015362,False,False
13894,2022,183,2.0,206.9071038251366,1124.0,4.0,Zambrano,Bolívar,3457.0,32.51374023719988,True,False
13894,2023,155,2.0,209.41290322580645,687.5,4.0,Zambrano,Bolívar,3529.0,19.48143950127515,True,False
13894,2024,131,1.0,221.01526717557252,249.0,4.0,Zambrano,Bolívar,3607.0,6.903243692819518,False,False
15001,2022,2677,2.0,285.49084796413894,47343.0,4.0,Tunja,Boyacá,61858.0,76.53496718290278,True,False
15001,2023,2883,2.0,285.1099549080819,44866.0,4.0,Tunja,Boyacá,63047.0,71.16278332038003,True,False
15001,2024,2806,2.0,284.9458303635068,49738.5,4.0,Tunja,Boyacá,64322.0,77.32735300519262,True,False
15001,2025,78,1.0,264.02564102564105,53392.25,4.0,Tunja,Boyacá,65599.0,81.39186572966052,False,False
15022,2023,15,1.0,256.1333333333333,1.0,1.0,Almeida,Boyacá,833.0,0.12004801920768307,False,False
15022,2024,11,1.0,248.45454545454547,77.75,4.0,Almeida,Boyacá,831.0,9.356197352587245,False,False
15047,2022,137,1.0,242.21167883211677,468.75,4.0,Aquitania,Boyacá,5279.0,8.879522636863042,False,False
15047,2023,175,1.0,248.66857142857143,739.5,4.0,Aquitania,Boyacá,5307.0,13.934426229508196,False,False
15047,2024,162,1.0,252.7283950617284,773.25,4.0,Aquitania,Boyacá,5343.0,14.472206625491296,False,False
15051,2022,65,1.0,252.96923076923076,309.75,4.0,Arcabuco,Boyacá,2123.0,14.590202543570419,False,False
15051,2023,66,1.0,267.1666666666667,260.0,4.0,Arcabuco,Boyacá,2159.0,12.042612320518758,False,False
15051,2024,70,1.0,255.92857142857142,386.75,4.0,Arcabuco,Boyacá,2208.0,17.515851449275363,False,False
15087,2022,95,1.0,252.09473684210528,630.25,4.0,Belén,Boyacá,2615.0,24.101338432122372,False,False
15087,2023,116,1.0,264.25,682.5,4.0,Belén,Boyacá,2637.0,25.881683731513082,False,False
15087,2024,112,1.0,267.5267857142857,551.25,4.0,Belén,Boyacá,2666.0,20.677044261065266,False,False
15090,2022,24,1.0,275.4583333333333,62.75,4.0,Berbeo,Boyacá,661.0,9.493192133131618,False,False
15090,2023,22,1.0,262.40909090909093,34.5,4.0,Berbeo,Boyacá,663.0,5.203619909502263,False,False
15090,2024,19,1.0,276.57894736842104,32.25,4.0,Berbeo,Boyacá,678.0,4.756637168141593,False,False
15092,2022,16,1.0,267.375,19.5,4.0,Betéitiva,Boyacá,767.0,2.5423728813559325,False,False
15092,2023,20,1.0,264.35,21.0,4.0,Betéitiva,Boyacá,765.0,2.7450980392156863,False,False
15092,2024,9,1.0,272.3333333333333,19.75,4.0,Betéitiva,Boyacá,758.0,2.6055408970976255,False,False
15097,2022,55,1.0,259.3818181818182,26.0,4.0,Boavita,Boyacá,1941.0,1.3395157135497167,False,False
15097,2023,57,1.0,271.82456140350877,86.25,4.0,Boavita,Boyacá,1968.0,4.382621951219512,False,False
15097,2024,69,1.0,272.4347826086956,101.25,4.0,Boavita,Boyacá,1977.0,5.1213960546282244,False,False
15104,2022,54,1.0,249.05555555555554,72.75,4.0,Boyacá,Boyacá,1838.0,3.9581066376496192,False,False
15104,2023,53,1.0,265.35849056603774,95.5,4.0,Boyacá,Boyacá,1857.0,5.142703284868066,False,False
15104,2024,76,1.0,263.0657894736842,120.5,4.0,Boyacá,Boyacá,1894.0,6.362196409714889,False,False
15106,2022,15,1.0,265.46666666666664,3.0,4.0,Briceño,Boyacá,790.0,0.37974683544303794,False,False
15106,2023,22,1.0,238.6818181818182,2.0,4.0,Briceño,Boyacá,805.0,0.2484472049689441,False,False
15106,2024,33,1.0,263.54545454545456,36.5,4.0,Briceño,Boyacá,810.0,4.506172839506172,False,False
15109,2022,69,1.0,262.15942028985506,63.75,4.0,Buenavista,Boyacá,1691.0,3.7699586043761086,False,False
15109,2023,64,1.0,250.375,75.25,4.0,Buenavista,Boyacá,1704.0,4.416079812206573,False,False
15109,2024,62,1.0,257.2903225806452,74.0,4.0,Buenavista,Boyacá,1721.0,4.299825682742592,False,False
15114,2022,7,1.0,254.28571428571428,41.0,4.0,Busbanzá,Boyacá,451.0,9.090909090909092,False,False
15114,2023,6,1.0,254.16666666666666,43.5,4.0,Busbanzá,Boyacá,463.0,9.395248380129589,False,False
15114,2024,10,1.0,244.0,47.5,4.0,Busbanzá,Boyacá,482.0,9.854771784232366,False,False
15131,2022,39,1.0,248.97435897435898,4.5,4.0,Caldas,Boyacá,1024.0,0.439453125,False,False
15131,2023,45,1.0,251.48888888888888,2.5,4.0,Caldas,Boyacá,1021.0,0.2448579823702253,False,False
15131,2024,33,1.0,246.36363636363637,2.0,4.0,Caldas,Boyacá,1014.0,0.19723865877712032,False,False
15135,2022,29,1.0,250.3448275862069,156.75,4.0,Campohermoso,Boyacá,1223.0,12.816843826655763,False,False
15135,2023,33,1.0,252.0,260.3333333333333,3.0,Campohermoso,Boyacá,1231.0,21.148118061196858,False,False
15135,2024,24,1.0,265.125,103.0,2.0,Campohermoso,Boyacá,1247.0,8.2598235765838,False,False
15162,2022,39,1.0,270.1794871794872,190.0,4.0,Cerinza,Boyacá,1245.0,15.261044176706829,False,False
15162,2023,56,1.0,280.44642857142856,212.0,4.0,Cerinza,Boyacá,1247.0,17.000801924619086,False,False
15162,2024,45,1.0,279.77777777777777,318.0,4.0,Cerinza,Boyacá,1246.0,25.52166934189406,False,False
15172,2022,33,1.0,254.06060606060606,12.75,4.0,Chinavita,Boyacá,1281.0,0.9953161592505856,False,False
15172,2023,22,1.0,257.6363636363636,7.0,4.0,Chinavita,Boyacá,1278.0,0.5477308294209703,False,False
15172,2024,26,1.0,252.96153846153845,24.5,4.0,Chinavita,Boyacá,1278.0,1.9170579029733958,False,False
15176,2022,880,2.0,265.27272727272725,5202.75,4.0,Chiquinquirá,Boyacá,18331.0,28.382248649828163,True,False
15176,2023,959,1.0,268.9322210636079,5665.25,4.0,Chiquinquirá,Boyacá,18534.0,30.56679615841157,False,False
15176,2024,904,1.0,268.71349557522126,6893.5,4.0,Chiquinquirá,Boyacá,18761.0,36.74377698416929,False,False
15180,2022,29,1.0,250.55172413793105,65.5,4.0,Chiscas,Boyacá,1520.0,4.309210526315789,False,False
15180,2023,63,2.0,225.85714285714286,42.25,4.0,Chiscas,Boyacá,1532.0,2.7578328981723237,True,False
15180,2024,41,1.0,246.82926829268294,36.75,4.0,Chiscas,Boyacá,1550.0,2.3709677419354835,False,False
15183,2022,121,1.0,231.32231404958677,32.0,4.0,Chita,Boyacá,2878.0,1.111883252258513,False,False
15183,2023,113,1.0,232.27433628318585,67.5,4.0,Chita,Boyacá,2903.0,2.325180847399242,False,False
15183,2024,98,1.0,231.55102040816325,68.0,4.0,Chita,Boyacá,2942.0,2.311352821210061,False,False
15185,2022,61,1.0,240.40983606557376,10.5,4.0,Chitaraque,Boyacá,2121.0,0.49504950495049505,False,False
15185,2023,69,1.0,241.2608695652174,5.25,4.0,Chitaraque,Boyacá,2142.0,0.24509803921568626,False,False
15185,2024,48,1.0,232.8125,28.0,4.0,Chitaraque,Boyacá,2160.0,1.2962962962962963,False,False
15187,2022,22,1.0,247.54545454545453,106.75,4.0,Chivatá,Boyacá,872.0,12.24197247706422,False,False
15187,2023,25,1.0,265.12,143.5,4.0,Chivatá,Boyacá,884.0,16.233031674208146,False,False
15187,2024,26,1.0,271.0769230769231,188.0,4.0,Chivatá,Boyacá,890.0,21.123595505617978,False,False
15189,2022,48,1.0,263.5833333333333,180.75,4.0,Ciénega,Boyacá,1584.0,11.410984848484848,False,False
15189,2023,58,1.0,284.37931034482756,193.25,4.0,Ciénega,Boyacá,1590.0,12.154088050314465,False,False
15189,2024,50,1.0,272.22,285.25,4.0,Ciénega,Boyacá,1592.0,17.917713567839197,False,False
15204,2022,102,1.0,266.97058823529414,479.5,4.0,Cómbita,Boyacá,3183.0,15.06440464970154,False,False
15204,2023,131,1.0,275.8625954198473,504.5,4.0,Cómbita,Boyacá,3227.0,15.633715525255656,False,False
15204,2024,112,1.0,279.5625,607.5,4.0,Cómbita,Boyacá,3277.0,18.53829722306988,False,False
15212,2022,27,1.0,246.25925925925927,1.0,4.0,Coper,Boyacá,1446.0,0.06915629322268327,False,False
15212,2023,26,1.0,250.92307692307693,1.0,4.0,Coper,Boyacá,1446.0,0.06915629322268327,False,False
15212,2024,23,1.0,245.3913043478261,1.0,1.0,Coper,Boyacá,1451.0,0.06891798759476223,False,False
15215,2022,24,1.0,269.625,101.25,4.0,Corrales,Boyacá,834.0,12.140287769784171,False,False
15215,2023,28,1.0,276.25,123.75,4.0,Corrales,Boyacá,842.0,14.697149643705462,False,False
15215,2024,24,1.0,283.2916666666667,122.5,4.0,Corrales,Boyacá,854.0,14.344262295081966,False,False
15218,2022,28,1.0,252.92857142857142,56.25,4.0,Covarachía,Boyacá,1006.0,5.5914512922465205,False,False
15218,2023,25,1.0,250.0,45.5,4.0,Covarachía,Boyacá,1015.0,4.482758620689655,False,False
15218,2024,34,1.0,235.05882352941177,48.5,4.0,Covarachía,Boyacá,1028.0,4.717898832684825,False,False
15223,2022,49,1.0,247.57142857142858,155.0,4.0,Cubará,Boyacá,3523.0,4.399659381209196,False,False
15223,2023,58,1.0,258.7758620689655,102.5,4.0,Cubará,Boyacá,3666.0,2.795962902345881,False,False
15223,2024,46,1.0,261.39130434782606,235.25,4.0,Cubará,Boyacá,3807.0,6.179406356711321,False,False
15224,2022,64,1.0,251.4375,79.0,4.0,Cucaita,Boyacá,1171.0,6.746370623398805,False,False
15224,2023,64,1.0,242.1875,159.75,4.0,Cucaita,Boyacá,1181.0,13.526672311600338,False,False
15224,2024,48,1.0,251.4375,194.0,4.0,Cucaita,Boyacá,1194.0,16.24790619765494,False,False
15226,2022,19,1.0,256.4736842105263,54.5,4.0,Cuítiva,Boyacá,694.0,7.853025936599424,False,False
15226,2023,24,1.0,274.4583333333333,58.0,4.0,Cuítiva,Boyacá,700.0,8.285714285714285,False,False
15226,2024,29,1.0,257.1034482758621,93.0,4.0,Cuítiva,Boyacá,706.0,13.172804532577903,False,False
15232,2022,40,1.0,228.5,19.75,4.0,Chíquiza,Boyacá,1516.0,1.3027704485488127,False,False
15232,2023,41,1.0,252.21951219512195,20.75,4.0,Chíquiza,Boyacá,1539.0,1.3482781026640676,False,False
15232,2024,52,1.0,264.1730769230769,30.0,4.0,Chíquiza,Boyacá,1559.0,1.9243104554201411,False,False
15236,2022,25,1.0,241.92,1.3333333333333333,3.0,Chivor,Boyacá,978.0,0.13633265167007497,False,False
15236,2024,22,1.0,253.6818181818182,101.66666666666667,3.0,Chivor,Boyacá,1014.0,10.02629848783695,False,False
15238,2022,1912,2.0,280.12133891213387,26286.75,4.0,Duitama,Boyacá,43925.0,59.84462151394422,True,False
15238,2023,2096,2.0,281.19847328244276,27410.25,4.0,Duitama,Boyacá,44824.0,61.15083437444226,True,False
15238,2024,2025,2.0,284.0167901234568,27306.5,4.0,Duitama,Boyacá,45803.0,59.61727397768705,True,False
15238,2025,47,1.0,243.27659574468086,29118.75,4.0,Duitama,Boyacá,46777.0,62.250144301686724,False,False
15244,2022,48,1.0,255.95833333333334,42.5,4.0,El Cocuy,Boyacá,1455.0,2.9209621993127146,False,False
15244,2023,51,1.0,272.2549019607843,90.25,4.0,El Cocuy,Boyacá,1470.0,6.139455782312925,False,False
15244,2024,49,1.0,277.0816326530612,117.5,4.0,El Cocuy,Boyacá,1485.0,7.912457912457913,False,False
15248,2022,29,1.0,263.3103448275862,1.0,1.0,El Espino,Boyacá,1144.0,0.08741258741258741,False,False
15248,2024,38,1.0,251.97368421052633,101.33333333333333,3.0,El Espino,Boyacá,1167.0,8.6832333618966,False,False
15272,2022,67,1.0,261.5970149253731,437.25,4.0,Firavitoba,Boyacá,2367.0,18.472750316856782,False,False
15272,2023,74,1.0,258.7162162162162,470.5,4.0,Firavitoba,Boyacá,2410.0,19.522821576763487,False,False
15272,2024,81,1.0,262.14814814814815,916.5,4.0,Firavitoba,Boyacá,2451.0,37.39290085679314,False,False
15276,2022,32,1.0,263.1875,129.75,4.0,Floresta,Boyacá,1186.0,10.940134907251265,False,False
15276,2023,41,1.0,261.6585365853659,165.0,4.0,Floresta,Boyacá,1199.0,13.761467889908257,False,False
15276,2024,42,1.0,266.14285714285717,182.75,4.0,Floresta,Boyacá,1207.0,15.140845070422534,False,False
15293,2022,45,1.0,224.13333333333333,164.0,4.0,Gachantivá,Boyacá,1021.0,16.06268364348678,False,False
15293,2023,41,1.0,256.390243902439,152.75,4.0,Gachantivá,Boyacá,1018.0,15.004911591355599,False,False
15293,2024,39,1.0,247.23076923076923,208.75,4.0,Gachantivá,Boyacá,1028.0,20.306420233463037,False,False
15296,2022,46,1.0,242.2173913043478,74.0,4.0,Gámeza,Boyacá,1608.0,4.601990049751244,False,False
15296,2023,69,1.0,247.33333333333334,110.0,4.0,Gámeza,Boyacá,1608.0,6.8407960199004965,False,False
15296,2024,64,1.0,239.078125,176.75,4.0,Gámeza,Boyacá,1612.0,10.964640198511166,False,False
15299,2022,181,1.0,264.78453038674036,576.0,4.0,Garagoa,Boyacá,7134.0,8.074011774600505,False,False
15299,2023,207,1.0,273.2608695652174,1611.5,4.0,Garagoa,Boyacá,7261.0,22.19391268420328,False,False
15299,2024,232,1.0,274.3965517241379,1618.25,4.0,Garagoa,Boyacá,7397.0,21.87711234284169,False,False
15317,2024,9,1.0,296.6666666666667,11.333333333333334,3.0,Guacamayas,Boyacá,712.0,1.5917602996254683,False,False
15322,2022,109,1.0,254.80733944954127,91.25,4.0,Guateque,Boyacá,4286.0,2.1290247316845545,False,False
15322,2023,160,1.0,263.29375,1548.75,4.0,Guateque,Boyacá,4355.0,35.562571756601606,False,False
15322,2024,123,1.0,266.7235772357724,1484.5,4.0,Guateque,Boyacá,4417.0,33.60878424269866,False,False
15325,2023,44,1.0,248.45454545454547,22.0,4.0,Guayatá,Boyacá,1468.0,1.4986376021798364,False,False
15325,2024,30,1.0,270.53333333333336,18.75,4.0,Guayatá,Boyacá,1473.0,1.2729124236252547,False,False
15332,2022,51,1.0,246.6078431372549,3.25,4.0,Güicán de La Sierra,Boyacá,1630.0,0.19938650306748468,False,False
15332,2023,65,1.0,253.92307692307693,12.5,4.0,Güicán de La Sierra,Boyacá,1640.0,0.7621951219512195,False,False
15332,2024,38,1.0,258.05263157894734,33.25,4.0,Güicán de La Sierra,Boyacá,1667.0,1.9946010797840432,False,False
15362,2022,32,1.0,277.25,254.5,4.0,Iza,Boyacá,731.0,34.81532147742818,False,False
15362,2023,7,1.0,290.42857142857144,207.75,4.0,Iza,Boyacá,739.0,28.11231393775372,False,False
15362,2024,13,1.0,270.9230769230769,346.25,4.0,Iza,Boyacá,735.0,47.10884353741497,False,False
15367,2022,76,1.0,258.2894736842105,182.75,4.0,Jenesano,Boyacá,2560.0,7.138671874999999,False,False
15367,2023,96,1.0,270.3020833333333,270.5,4.0,Jenesano,Boyacá,2580.0,10.484496124031008,False,False
15367,2024,95,1.0,261.41052631578947,597.25,4.0,Jenesano,Boyacá,2617.0,22.821933511654567,False,False
15368,2022,46,1.0,257.1304347826087,35.25,4.0,Jericó,Boyacá,1456.0,2.4210164835164836,False,False
15368,2023,44,1.0,227.5681818181818,39.0,4.0,Jericó,Boyacá,1468.0,2.656675749318801,False,False
15368,2024,48,1.0,229.83333333333334,50.5,4.0,Jericó,Boyacá,1485.0,3.4006734006734005,False,False
15377,2022,23,1.0,252.69565217391303,1.3333333333333333,3.0,Labranzagrande,Boyacá,1361.0,0.09796718099436688,False,False
15377,2023,28,1.0,231.96428571428572,19.0,4.0,Labranzagrande,Boyacá,1385.0,1.371841155234657,False,False
15377,2024,33,1.0,255.0909090909091,4.75,4.0,Labranzagrande,Boyacá,1404.0,0.3383190883190883,False,False
15380,2024,31,1.0,251.1290322580645,20.5,4.0,La Capilla,Boyacá,1053.0,1.94681861348528,False,False
15401,2022,8,1.0,238.0,1.0,4.0,La Victoria,Boyacá,479.0,0.20876826722338201,False,False
15401,2023,17,1.0,258.88235294117646,1.0,4.0,La Victoria,Boyacá,479.0,0.20876826722338201,False,False
15401,2024,13,1.0,238.53846153846155,1.0,4.0,La Victoria,Boyacá,483.0,0.2070393374741201,False,False
15403,2022,26,1.0,264.88461538461536,4.25,4.0,La Uvita,Boyacá,1161.0,0.3660637381567614,False,False
15403,2023,30,1.0,250.03333333333333,5.0,4.0,La Uvita,Boyacá,1151.0,0.4344048653344918,False,False
15403,2024,20,1.0,260.2,20.5,4.0,La Uvita,Boyacá,1153.0,1.7779705117085862,False,False
15407,2022,193,1.0,272.0103626943005,3131.0,4.0,Villa de Leyva,Boyacá,6247.0,50.120057627661275,False,False
15407,2023,208,2.0,284.21153846153845,3509.25,4.0,Villa de Leyva,Boyacá,6462.0,54.30594243268339,True,False
15407,2024,196,1.0,283.91326530612247,4260.75,4.0,Villa de Leyva,Boyacá,6692.0,63.6693066347878,False,False
15425,2022,38,1.0,247.8421052631579,259.25,4.0,Macanal,Boyacá,2065.0,12.5544794188862,False,False
15425,2023,40,1.0,252.875,243.75,4.0,Macanal,Boyacá,2095.0,11.634844868735083,False,False
15425,2024,55,1.0,262.2,275.5,4.0,Macanal,Boyacá,2141.0,12.867818776272768,False,False
15442,2022,60,1.0,244.35,4.0,4.0,Maripí,Boyacá,2005.0,0.199501246882793,False,False
15442,2023,67,1.0,239.50746268656715,4.5,4.0,Maripí,Boyacá,2032.0,0.22145669291338582,False,False
15442,2024,39,1.0,238.02564102564102,85.75,4.0,Maripí,Boyacá,2057.0,4.168692270296549,False,False
15455,2022,82,1.0,272.7682926829268,905.5,4.0,Miraflores,Boyacá,3525.0,25.687943262411352,False,False
15455,2023,95,1.0,276.3263157894737,918.25,4.0,Miraflores,Boyacá,3562.0,25.779056709713643,False,False
15455,2024,120,1.0,263.64166666666665,800.25,4.0,Miraflores,Boyacá,3594.0,22.26627712854758,False,False
15464,2022,41,1.0,240.3658536585366,46.75,4.0,Mongua,Boyacá,1552.0,3.0122422680412373,False,False
15464,2023,46,1.0,236.67391304347825,53.25,4.0,Mongua,Boyacá,1553.0,3.428847392144237,False,False
15464,2024,55,1.0,240.29090909090908,128.25,4.0,Mongua,Boyacá,1556.0,8.242287917737789,False,False
15466,2022,46,1.0,232.84782608695653,291.0,4.0,Monguí,Boyacá,1533.0,18.98238747553816,False,False
15466,2023,63,1.0,251.3015873015873,355.75,4.0,Monguí,Boyacá,1545.0,23.025889967637543,False,False
15466,2024,56,1.0,262.94642857142856,299.75,4.0,Monguí,Boyacá,1565.0,19.15335463258786,False,False
15469,2022,254,1.0,257.8503937007874,1421.5,4.0,Moniquirá,Boyacá,8436.0,16.850403034613564,False,False
15469,2023,221,1.0,252.93665158371041,605.25,4.0,Moniquirá,Boyacá,8555.0,7.074810052600817,False,False
15469,2024,281,1.0,265.7722419928826,1208.0,4.0,Moniquirá,Boyacá,8692.0,13.897837091578463,False,False
15476,2022,40,1.0,242.9,217.25,4.0,Motavita,Boyacá,1504.0,14.444813829787234,False,False
15476,2023,59,1.0,251.40677966101694,272.25,4.0,Motavita,Boyacá,1501.0,18.13790806129247,False,False
15476,2024,59,1.0,240.23728813559322,293.25,4.0,Motavita,Boyacá,1496.0,19.602272727272727,False,False
15480,2022,93,1.0,245.3548387096774,154.75,4.0,Muzo,Boyacá,2885.0,5.363951473136916,False,False
15480,2023,93,1.0,246.95698924731184,338.0,4.0,Muzo,Boyacá,2878.0,11.744266851980543,False,False
15480,2024,103,1.0,250.84466019417476,425.0,4.0,Muzo,Boyacá,2876.0,14.777468706536856,False,False
15491,2022,176,1.0,283.03409090909093,1239.75,4.0,Nobsa,Boyacá,5433.0,22.81888459414688,False,False
15491,2023,151,1.0,294.72847682119203,1660.75,4.0,Nobsa,Boyacá,5513.0,30.124251768547072,False,False
15491,2024,198,1.0,290.57070707070704,2522.0,4.0,Nobsa,Boyacá,5607.0,44.97948992331015,False,False
15494,2022,53,1.0,245.9811320754717,75.75,4.0,Nuevo Colón,Boyacá,1750.0,4.328571428571429,False,False
15494,2023,71,1.0,252.05633802816902,72.75,4.0,Nuevo Colón,Boyacá,1764.0,4.124149659863945,False,False
15494,2024,76,1.0,251.81578947368422,52.25,4.0,Nuevo Colón,Boyacá,1782.0,2.9320987654320985,False,False
15500,2022,28,1.0,285.64285714285717,176.5,4.0,Oicatá,Boyacá,1001.0,17.632367632367632,False,False
15500,2023,38,1.0,274.92105263157896,185.75,4.0,Oicatá,Boyacá,1008.0,18.427579365079367,False,False
15500,2024,33,1.0,279.1212121212121,221.25,4.0,Oicatá,Boyacá,1026.0,21.564327485380115,False,False
15507,2022,104,1.0,234.6153846153846,381.0,4.0,Otanche,Boyacá,2891.0,13.178830854375647,False,False
15507,2023,86,1.0,240.54651162790697,459.75,4.0,Otanche,Boyacá,2909.0,15.804400137504295,False,False
15507,2024,90,1.0,241.36666666666667,312.5,4.0,Otanche,Boyacá,2943.0,10.618416581719334,False,False
15511,2022,18,1.0,247.33333333333334,4.5,4.0,Pachavita,Boyacá,977.0,0.46059365404298874,False,False
15511,2023,17,1.0,264.4117647058824,7.0,4.0,Pachavita,Boyacá,962.0,0.7276507276507277,False,False
15511,2024,21,1.0,243.38095238095238,36.0,4.0,Pachavita,Boyacá,960.0,3.75,False,False
15514,2022,31,1.0,264.0967741935484,10.75,4.0,Páez,Boyacá,1281.0,0.8391881342701015,False,False
15514,2023,43,1.0,267.4418604651163,4.25,4.0,Páez,Boyacá,1290.0,0.32945736434108525,False,False
15514,2024,39,1.0,276.38461538461536,38.25,4.0,Páez,Boyacá,1309.0,2.922077922077922,False,False
15516,2022,417,1.0,294.42446043165467,7405.75,4.0,Paipa,Boyacá,12201.0,60.69789361527743,False,False
15516,2023,488,1.0,294.45081967213116,7714.75,4.0,Paipa,Boyacá,12515.0,61.644027167399116,False,False
15516,2024,438,1.0,303.2579908675799,8088.0,4.0,Paipa,Boyacá,12857.0,62.907365637395976,False,False
15518,2022,20,1.0,259.65,66.75,4.0,Pajarito,Boyacá,839.0,7.955899880810488,False,False
15518,2023,17,1.0,264.1764705882353,49.75,4.0,Pajarito,Boyacá,833.0,5.9723889555822325,False,False
15518,2024,22,1.0,229.72727272727272,42.25,4.0,Pajarito,Boyacá,825.0,5.121212121212121,False,False
15531,2022,93,1.0,239.76344086021504,152.25,4.0,Pauna,Boyacá,2887.0,5.27364045722203,False,False
15531,2023,89,1.0,242.2921348314607,249.5,4.0,Pauna,Boyacá,2910.0,8.573883161512027,False,False
15531,2024,85,2.0,246.90588235294118,231.25,4.0,Pauna,Boyacá,2945.0,7.852292020373515,True,False
15533,2022,32,1.0,236.875,2.5,2.0,Paya,Boyacá,846.0,0.29550827423167847,False,False
15537,2022,44,1.0,257.04545454545456,156.25,4.0,Paz de Río,Boyacá,1572.0,9.939567430025445,False,False
15537,2023,40,1.0,251.2,288.75,4.0,Paz de Río,Boyacá,1596.0,18.092105263157894,False,False
15537,2024,48,1.0,261.5416666666667,311.25,4.0,Paz de Río,Boyacá,1603.0,19.416718652526512,False,False
15542,2022,55,1.0,248.29090909090908,167.25,4.0,Pesca,Boyacá,2341.0,7.144382742417771,False,False
15542,2023,69,1.0,254.94202898550725,200.25,4.0,Pesca,Boyacá,2362.0,8.477984758679085,False,False
15542,2024,70,1.0,264.14285714285717,310.25,4.0,Pesca,Boyacá,2394.0,12.959482038429407,False,False
15550,2022,10,1.0,256.5,2.25,4.0,Pisba,Boyacá,667.0,0.3373313343328336,False,False
15550,2023,21,1.0,241.57142857142858,2.0,4.0,Pisba,Boyacá,683.0,0.29282576866764276,False,False
15550,2024,13,1.0,244.23076923076923,2.75,4.0,Pisba,Boyacá,702.0,0.39173789173789175,False,False
15572,2022,591,1.0,239.38747884940778,3803.25,4.0,Puerto Boyacá,Boyacá,16192.0,23.488451086956523,False,False
15572,2023,651,1.0,245.0522273425499,2960.5,4.0,Puerto Boyacá,Boyacá,16339.0,18.119223942713752,False,False
15572,2024,619,1.0,249.02907915993538,2094.5,4.0,Puerto Boyacá,Boyacá,16509.0,12.687019201647587,False,False
15580,2022,66,1.0,240.1060606060606,5.5,4.0,Quípama,Boyacá,2070.0,0.26570048309178745,False,False
15580,2023,63,1.0,247.44444444444446,3.25,4.0,Quípama,Boyacá,2087.0,0.15572592237661714,False,False
15580,2024,58,1.0,245.44827586206895,1.25,4.0,Quípama,Boyacá,2119.0,0.05899008966493629,False,False
15599,2022,129,1.0,251.28682170542635,703.75,4.0,Ramiriquí,Boyacá,3157.0,22.291732657586316,False,False
15599,2023,154,1.0,262.96753246753246,851.75,4.0,Ramiriquí,Boyacá,3192.0,26.68389724310777,False,False
15599,2024,151,1.0,262.6026490066225,1140.25,4.0,Ramiriquí,Boyacá,3230.0,35.30185758513932,False,False
15600,2022,57,1.0,248.3859649122807,166.5,4.0,Ráquira,Boyacá,2835.0,5.873015873015873,False,False
15600,2023,57,1.0,263.17543859649123,22.75,4.0,Ráquira,Boyacá,2865.0,0.794066317626527,False,False
15600,2024,79,1.0,263.32911392405066,89.25,4.0,Ráquira,Boyacá,2895.0,3.0829015544041454,False,False
15621,2022,23,1.0,270.69565217391306,2.5,2.0,Rondón,Boyacá,1002.0,0.249500998003992,False,False
15621,2023,28,1.0,277.39285714285717,6.25,4.0,Rondón,Boyacá,1018.0,0.6139489194499017,False,False
15621,2024,29,1.0,285.2758620689655,8.5,4.0,Rondón,Boyacá,1024.0,0.830078125,False,False
15632,2022,155,1.0,247.6,11.75,4.0,Saboyá,Boyacá,4440.0,0.2646396396396396,False,False
15632,2023,174,1.0,249.56896551724137,6.5,4.0,Saboyá,Boyacá,4511.0,0.1440922190201729,False,False
15632,2024,168,1.0,252.73809523809524,5.0,4.0,Saboyá,Boyacá,4597.0,0.10876658690450293,False,False
15638,2022,55,1.0,242.47272727272727,165.25,4.0,Sáchica,Boyacá,1955.0,8.452685421994884,False,False
15638,2023,61,1.0,247.81967213114754,243.75,4.0,Sáchica,Boyacá,2001.0,12.181409295352324,False,False
15638,2024,58,1.0,255.89655172413794,526.75,4.0,Sáchica,Boyacá,2060.0,25.570388349514563,False,False
15646,2022,239,1.0,265.4686192468619,801.25,4.0,Samacá,Boyacá,5583.0,14.351603080780942,False,False
15646,2023,233,1.0,273.3690987124464,580.0,4.0,Samacá,Boyacá,5668.0,10.23288637967537,False,False
15646,2024,239,1.0,282.0543933054393,800.5,4.0,Samacá,Boyacá,5760.0,13.897569444444443,False,False
15660,2022,14,1.0,286.14285714285717,59.5,4.0,San Eduardo,Boyacá,723.0,8.229598893499308,False,False
15660,2023,27,1.0,253.55555555555554,75.5,4.0,San Eduardo,Boyacá,724.0,10.42817679558011,False,False
15660,2024,19,1.0,267.1578947368421,53.5,4.0,San Eduardo,Boyacá,726.0,7.369146005509641,False,False
15664,2022,43,1.0,258.83720930232556,106.25,4.0,San José de Pare,Boyacá,1818.0,5.844334433443344,False,False
15664,2023,42,1.0,248.61904761904762,112.0,4.0,San José de Pare,Boyacá,1813.0,6.177606177606178,False,False
15664,2024,27,1.0,249.62962962962962,126.25,4.0,San José de Pare,Boyacá,1828.0,6.906455142231947,False,False
15667,2022,45,1.0,257.55555555555554,3.25,4.0,San Luis de Gaceno,Boyacá,2144.0,0.1515858208955224,False,False
15667,2023,66,1.0,255.93939393939394,4.25,4.0,San Luis de Gaceno,Boyacá,2145.0,0.19813519813519814,False,False
15667,2024,61,1.0,249.52459016393442,3.0,4.0,San Luis de Gaceno,Boyacá,2142.0,0.1400560224089636,False,False
15673,2022,31,1.0,262.4193548387097,30.25,4.0,San Mateo,Boyacá,1248.0,2.4238782051282053,False,False
15673,2023,42,1.0,260.9047619047619,131.75,4.0,San Mateo,Boyacá,1264.0,10.423259493670885,False,False
15673,2024,31,1.0,276.4193548387097,51.25,4.0,San Mateo,Boyacá,1275.0,4.019607843137255,False,False
15676,2022,50,1.0,241.8,100.0,4.0,San Miguel de Sema,Boyacá,1080.0,9.25925925925926,False,False
15676,2023,64,1.0,254.171875,99.25,4.0,San Miguel de Sema,Boyacá,1090.0,9.105504587155963,False,False
15676,2024,54,1.0,249.57407407407408,106.5,4.0,San Miguel de Sema,Boyacá,1104.0,9.646739130434783,False,False
15681,2022,71,1.0,234.30985915492957,24.0,4.0,San Pablo de Borbur,Boyacá,2432.0,0.9868421052631579,False,False
15681,2023,94,1.0,233.24468085106383,32.0,4.0,San Pablo de Borbur,Boyacá,2448.0,1.3071895424836601,False,False
15681,2024,72,1.0,243.61111111111111,201.75,4.0,San Pablo de Borbur,Boyacá,2484.0,8.121980676328503,False,False
15686,2022,72,1.0,243.45833333333334,138.0,4.0,Santana,Boyacá,2806.0,4.918032786885246,False,False
15686,2023,101,1.0,237.58415841584159,91.25,4.0,Santana,Boyacá,2832.0,3.2221045197740112,False,False
15686,2024,70,1.0,240.32857142857142,263.0,4.0,Santana,Boyacá,2859.0,9.19902063658622,False,False
15690,2022,17,1.0,266.47058823529414,79.75,4.0,Santa María,Boyacá,1395.0,5.716845878136201,False,False
15690,2023,35,1.0,259.6857142857143,61.75,4.0,Santa María,Boyacá,1412.0,4.373229461756374,False,False
15690,2024,34,1.0,273.7647058823529,69.0,4.0,Santa María,Boyacá,1430.0,4.825174825174825,False,False
15693,2022,100,1.0,277.37,355.5,4.0,Santa Rosa de Viterbo,Boyacá,4915.0,7.23296032553408,False,False
15693,2023,134,1.0,281.82835820895525,406.75,4.0,Santa Rosa de Viterbo,Boyacá,4961.0,8.198951824228986,False,False
15693,2024,129,1.0,287.73643410852713,430.75,4.0,Santa Rosa de Viterbo,Boyacá,5023.0,8.575552458690026,False,False
15696,2022,23,1.0,241.65217391304347,46.0,4.0,Santa Sofía,Boyacá,1174.0,3.9182282793867125,False,False
15696,2023,33,1.0,244.57575757575756,70.75,4.0,Santa Sofía,Boyacá,1185.0,5.970464135021096,False,False
15696,2024,22,1.0,267.6363636363636,93.25,4.0,Santa Sofía,Boyacá,1208.0,7.719370860927152,False,False
15720,2022,27,1.0,238.77777777777777,3.75,4.0,Sativanorte,Boyacá,864.0,0.4340277777777778,False,False
15720,2023,20,1.0,248.55,2.75,4.0,Sativanorte,Boyacá,858.0,0.3205128205128205,False,False
15720,2024,20,1.0,236.05,21.5,4.0,Sativanorte,Boyacá,854.0,2.5175644028103044,False,False
15723,2022,18,1.0,254.22222222222223,13.75,4.0,Sativasur,Boyacá,399.0,3.4461152882205512,False,False
15723,2023,14,1.0,250.07142857142858,16.75,4.0,Sativasur,Boyacá,392.0,4.2729591836734695,False,False
15723,2024,26,1.0,250.69230769230768,17.5,4.0,Sativasur,Boyacá,401.0,4.364089775561098,False,False
15740,2022,95,1.0,245.85263157894738,154.25,4.0,Siachoque,Boyacá,2059.0,7.491500728508985,False,False
15740,2023,108,1.0,240.5648148148148,180.75,4.0,Siachoque,Boyacá,2087.0,8.660757067561093,False,False
15740,2024,124,1.0,250.54032258064515,313.75,4.0,Siachoque,Boyacá,2112.0,14.855587121212121,False,False
15753,2022,108,1.0,266.3425925925926,242.75,4.0,Soatá,Boyacá,3593.0,6.756192596715836,False,False
15753,2023,125,1.0,267.848,323.0,4.0,Soatá,Boyacá,3626.0,8.90788747931605,False,False
15753,2024,108,1.0,276.1574074074074,495.5,4.0,Soatá,Boyacá,3669.0,13.505042245843555,False,False
15755,2022,69,1.0,259.17391304347825,68.0,4.0,Socotá,Boyacá,2597.0,2.6184058529072005,False,False
15755,2023,96,1.0,251.67708333333334,70.25,4.0,Socotá,Boyacá,2612.0,2.689509954058193,False,False
15755,2024,89,1.0,252.30337078651687,130.25,4.0,Socotá,Boyacá,2650.0,4.915094339622642,False,False
15757,2022,90,1.0,254.25555555555556,409.0,4.0,Socha,Boyacá,2917.0,14.021254713747,False,False
15757,2023,118,1.0,253.16949152542372,497.25,4.0,Socha,Boyacá,2959.0,16.80466373774924,False,False
15757,2024,142,1.0,254.3661971830986,574.25,4.0,Socha,Boyacá,3016.0,19.040119363395224,False,False
15759,2022,2142,2.0,279.07142857142856,27753.75,4.0,Sogamoso,Boyacá,47019.0,59.02667006954635,True,False
15759,2023,2102,2.0,281.5014272121789,28654.0,4.0,Sogamoso,Boyacá,47812.0,59.930561365347614,True,False
15759,2024,2075,2.0,281.8192771084337,28726.75,4.0,Sogamoso,Boyacá,48677.0,59.015037902911025,True,False
15759,2025,20,1.0,239.45,31704.75,4.0,Sogamoso,Boyacá,49536.0,64.00345203488372,False,False
15761,2022,43,1.0,249.93023255813952,1.0,1.0,Somondoco,Boyacá,1324.0,0.0755287009063444,False,False
15761,2023,46,1.0,243.82608695652175,59.75,4.0,Somondoco,Boyacá,1340.0,4.458955223880597,False,False
15761,2024,30,1.0,246.5,57.75,4.0,Somondoco,Boyacá,1350.0,4.277777777777778,False,False
15762,2022,46,1.0,252.2391304347826,56.0,4.0,Sora,Boyacá,1163.0,4.815133276010318,False,False
15762,2023,44,1.0,268.95454545454544,79.0,4.0,Sora,Boyacá,1176.0,6.717687074829932,False,False
15762,2024,34,1.0,255.85294117647058,91.75,4.0,Sora,Boyacá,1185.0,7.742616033755274,False,False
15763,2022,70,1.0,252.6,449.25,4.0,Sotaquirá,Boyacá,2718.0,16.52869757174393,False,False
15763,2023,91,1.0,251.56043956043956,402.75,4.0,Sotaquirá,Boyacá,2726.0,14.77439471753485,False,False
15763,2024,68,1.0,271.63235294117646,422.25,4.0,Sotaquirá,Boyacá,2752.0,15.343386627906977,False,False
15764,2022,137,1.0,275.82481751824815,173.5,4.0,Soracá,Boyacá,1812.0,9.57505518763797,False,False
15764,2023,175,1.0,279.81714285714287,177.0,4.0,Soracá,Boyacá,1829.0,9.67741935483871,False,False
15764,2024,164,1.0,283.9512195121951,315.5,4.0,Soracá,Boyacá,1858.0,16.980624327233585,False,False
15774,2022,23,1.0,238.7826086956522,1.0,1.0,Susacón,Boyacá,1113.0,0.08984725965858043,False,False
15774,2023,23,1.0,267.0,1.0,4.0,Susacón,Boyacá,1125.0,0.08888888888888889,False,False
15774,2024,24,1.0,241.41666666666666,56.25,4.0,Susacón,Boyacá,1147.0,4.90409764603313,False,False
15776,2022,53,1.0,251.69811320754718,177.25,4.0,Sutamarchán,Boyacá,2155.0,8.225058004640372,False,False
15776,2023,57,1.0,238.87719298245614,138.75,4.0,Sutamarchán,Boyacá,2181.0,6.361760660247592,False,False
15776,2024,55,1.0,253.76363636363635,120.5,4.0,Sutamarchán,Boyacá,2210.0,5.452488687782806,False,False
15778,2022,36,1.0,247.02777777777777,2.0,4.0,Sutatenza,Boyacá,1632.0,0.12254901960784313,False,False
15778,2023,29,1.0,259.8965517241379,57.75,4.0,Sutatenza,Boyacá,1635.0,3.5321100917431196,False,False
15778,2024,27,1.0,249.92592592592592,80.75,4.0,Sutatenza,Boyacá,1659.0,4.867389993972273,False,False
15790,2022,66,1.0,252.57575757575756,50.25,4.0,Tasco,Boyacá,2220.0,2.2635135135135136,False,False
15790,2023,84,1.0,259.0595238095238,122.5,4.0,Tasco,Boyacá,2234.0,5.483437779767233,False,False
15790,2024,69,1.0,267.42028985507244,159.75,4.0,Tasco,Boyacá,2260.0,7.068584070796461,False,False
15798,2024,32,1.0,278.59375,240.75,4.0,Tenza,Boyacá,1518.0,15.859683794466402,False,False
15804,2022,100,1.0,247.49,188.0,4.0,Tibaná,Boyacá,3293.0,5.709079866383237,False,False
15804,2023,91,1.0,264.3296703296703,220.0,4.0,Tibaná,Boyacá,3320.0,6.626506024096386,False,False
15804,2024,87,1.0,266.0574712643678,336.25,4.0,Tibaná,Boyacá,3352.0,10.031324582338902,False,False
15806,2022,98,1.0,273.96938775510205,1318.75,4.0,Tibasosa,Boyacá,4521.0,29.169431541694312,False,False
15806,2023,167,1.0,267.29940119760477,1656.0,4.0,Tibasosa,Boyacá,4582.0,36.14142295940637,False,False
15806,2024,115,1.0,271.9217391304348,2167.5,4.0,Tibasosa,Boyacá,4647.0,46.642995480955456,False,False
15808,2022,39,1.0,266.46153846153845,38.25,4.0,Tinjacá,Boyacá,1321.0,2.89553368660106,False,False
15808,2023,23,1.0,254.7826086956522,25.25,4.0,Tinjacá,Boyacá,1346.0,1.87592867756315,False,False
15808,2024,37,1.0,278.2162162162162,62.5,4.0,Tinjacá,Boyacá,1372.0,4.555393586005831,False,False
15810,2022,28,1.0,256.17857142857144,1.0,4.0,Tipacoque,Boyacá,1235.0,0.08097165991902834,False,False
15810,2023,37,1.0,257.5405405405405,1.0,4.0,Tipacoque,Boyacá,1229.0,0.08136696501220504,False,False
15810,2024,32,1.0,280.25,62.25,4.0,Tipacoque,Boyacá,1238.0,5.02827140549273,False,False
15814,2022,123,1.0,249.260162601626,609.0,4.0,Toca,Boyacá,2873.0,21.197354681517577,False,False
15814,2023,110,1.0,254.5,512.25,4.0,Toca,Boyacá,2905.0,17.633390705679865,False,False
15814,2024,126,1.0,254.984126984127,593.75,4.0,Toca,Boyacá,2937.0,20.21620701395982,False,False
15816,2022,41,1.0,246.8048780487805,110.5,4.0,Togüí,Boyacá,1488.0,7.426075268817205,False,False
15816,2023,53,1.0,254.9433962264151,43.0,4.0,Togüí,Boyacá,1509.0,2.8495692511597084,False,False
15816,2024,55,1.0,247.05454545454546,83.5,4.0,Togüí,Boyacá,1524.0,5.4790026246719155,False,False
15820,2022,27,1.0,256.5925925925926,49.75,4.0,Tópaga,Boyacá,1264.0,3.9359177215189876,False,False
15820,2023,24,1.0,259.875,57.75,4.0,Tópaga,Boyacá,1277.0,4.522317932654659,False,False
15820,2024,37,1.0,270.0810810810811,123.0,4.0,Tópaga,Boyacá,1289.0,9.542280837858804,False,False
15822,2022,57,1.0,252.03508771929825,39.75,4.0,Tota,Boyacá,1678.0,2.368891537544696,False,False
15822,2023,58,1.0,250.77586206896552,38.75,4.0,Tota,Boyacá,1693.0,2.28883638511518,False,False
15822,2024,48,1.0,244.9375,83.75,4.0,Tota,Boyacá,1707.0,4.9062683069712945,False,False
15835,2022,127,1.0,264.79527559055117,126.75,4.0,Turmequé,Boyacá,2105.0,6.0213776722090255,False,False
15835,2023,123,1.0,264.650406504065,183.0,4.0,Turmequé,Boyacá,2096.0,8.73091603053435,False,False
15835,2024,126,1.0,275.3492063492063,139.5,4.0,Turmequé,Boyacá,2092.0,6.668260038240918,False,False
15837,2022,122,1.0,268.89344262295083,382.25,4.0,Tuta,Boyacá,2715.0,14.079189686924492,False,False
15837,2023,135,1.0,269.1925925925926,503.75,4.0,Tuta,Boyacá,2734.0,18.42538405267008,False,False
15837,2024,125,1.0,277.944,697.0,4.0,Tuta,Boyacá,2750.0,25.345454545454544,False,False
15839,2022,23,1.0,231.8695652173913,25.75,4.0,Tutazá,Boyacá,691.0,3.7264833574529663,False,False
15839,2023,32,1.0,243.5,26.0,4.0,Tutazá,Boyacá,698.0,3.7249283667621778,False,False
15839,2024,16,1.0,254.5,29.25,4.0,Tutazá,Boyacá,698.0,4.19054441260745,False,False
15842,2022,69,1.0,249.5072463768116,164.25,4.0,Úmbita,Boyacá,2783.0,5.901904419690981,False,False
15842,2023,71,1.0,259.5211267605634,165.5,4.0,Úmbita,Boyacá,2814.0,5.881307746979389,False,False
15842,2024,97,1.0,255.41237113402062,177.25,4.0,Úmbita,Boyacá,2842.0,6.236805066854328,False,False
15861,2022,184,1.0,254.39673913043478,307.5,4.0,Ventaquemada,Boyacá,5367.0,5.729457797652319,False,False
15861,2023,219,1.0,253.51141552511416,327.75,4.0,Ventaquemada,Boyacá,5470.0,5.991773308957953,False,False
15861,2024,196,1.0,259.0,203.0,4.0,Ventaquemada,Boyacá,5581.0,3.6373409783192976,False,False
15879,2022,29,1.0,240.17241379310346,5.5,4.0,Viracachá,Boyacá,1080.0,0.5092592592592593,False,False
15879,2023,20,1.0,254.8,64.0,4.0,Viracachá,Boyacá,1088.0,5.88235294117647,False,False
15879,2024,25,1.0,259.32,77.0,4.0,Viracachá,Boyacá,1108.0,6.949458483754513,False,False
15897,2022,63,1.0,254.57142857142858,124.5,4.0,Zetaquira,Boyacá,1788.0,6.9630872483221475,False,False
15897,2023,73,1.0,248.17808219178082,127.0,4.0,Zetaquira,Boyacá,1807.0,7.028223574986164,False,False
15897,2024,61,1.0,236.14754098360655,117.75,4.0,Zetaquira,Boyacá,1825.0,6.452054794520548,False,False
17001,2022,4268,2.0,267.45196813495784,93571.75,4.0,Manizales,Caldas,158413.0,59.06822672381686,True,False
17001,2023,4336,2.0,268.7172509225092,94436.25,4.0,Manizales,Caldas,160885.0,58.6979830313578,True,False
17001,2024,4122,2.0,268.05507035419697,97172.0,4.0,Manizales,Caldas,163883.0,59.29352037734237,True,False
17001,2025,115,1.0,292.76521739130436,103073.5,4.0,Manizales,Caldas,166737.0,61.818012798598986,False,False
17013,2022,247,1.0,262.3481781376518,1322.0,4.0,Aguadas,Caldas,7818.0,16.90969557431568,False,False
17013,2023,251,1.0,257.0996015936255,1504.5,4.0,Aguadas,Caldas,7814.0,19.253903250575892,False,False
17013,2024,245,1.0,247.04897959183674,1463.5,4.0,Aguadas,Caldas,7820.0,18.714833759590793,False,False
17042,2022,318,1.0,244.9433962264151,3331.75,4.0,Anserma,Caldas,12933.0,25.76161756746308,False,False
17042,2023,326,1.0,250.18098159509202,3460.0,4.0,Anserma,Caldas,13014.0,26.586752727831563,False,False
17042,2024,322,1.0,249.18944099378882,3328.0,4.0,Anserma,Caldas,13137.0,25.333028849813505,False,False
17050,2022,179,1.0,234.59217877094972,342.0,4.0,Aranzazu,Caldas,3755.0,9.107856191744341,False,False
17050,2023,171,1.0,235.30409356725147,459.25,4.0,Aranzazu,Caldas,3773.0,12.17201166180758,False,False
17050,2024,157,1.0,233.54140127388536,906.0,4.0,Aranzazu,Caldas,3813.0,23.760818253343825,False,False
17088,2022,99,1.0,234.5252525252525,346.25,4.0,Belalcázar,Caldas,3506.0,9.875926982316031,False,False
17088,2023,94,1.0,246.3404255319149,439.25,4.0,Belalcázar,Caldas,3500.0,12.55,False,False
17088,2024,80,1.0,252.7625,797.0,4.0,Belalcázar,Caldas,3509.0,22.713023653462525,False,False
17174,2022,499,1.0,252.02004008016033,8649.5,4.0,Chinchiná,Caldas,16983.0,50.930342106812695,False,False
17174,2023,513,1.0,258.85380116959067,7632.75,4.0,Chinchiná,Caldas,17013.0,44.864221477693526,False,False
17174,2024,484,1.0,258.8223140495868,7276.5,4.0,Chinchiná,Caldas,17098.0,42.55760907708504,False,False
17174,2025,6,1.0,203.5,7986.25,4.0,Chinchiná,Caldas,17153.0,46.558910977671545,False,False
17272,2022,77,1.0,257.9220779220779,137.25,4.0,Filadelfia,Caldas,4083.0,3.3614988978692137,False,False
17272,2023,80,1.0,235.6125,251.0,4.0,Filadelfia,Caldas,4065.0,6.174661746617467,False,False
17272,2024,54,1.0,254.2962962962963,817.25,4.0,Filadelfia,Caldas,4051.0,20.17403110343125,False,False
17380,2022,744,2.0,246.29032258064515,11604.25,4.0,La Dorada,Caldas,23869.0,48.61640621726926,True,False
17380,2023,720,2.0,247.49444444444444,14982.75,4.0,La Dorada,Caldas,23940.0,62.58458646616541,True,False
17380,2024,746,2.0,242.77882037533513,17202.25,4.0,La Dorada,Caldas,24095.0,71.39344262295081,True,False
17388,2022,58,1.0,243.72413793103448,141.25,4.0,La Merced,Caldas,2179.0,6.4823313446535105,False,False
17388,2023,69,1.0,230.71014492753622,264.0,4.0,La Merced,Caldas,2165.0,12.193995381062356,False,False
17388,2024,59,1.0,236.79661016949152,303.5,4.0,La Merced,Caldas,2162.0,14.037927844588344,False,False
17433,2022,180,1.0,231.80555555555554,1446.5,4.0,Manzanares,Caldas,6573.0,22.006694051422485,False,False
17433,2023,179,1.0,247.66480446927375,1335.25,4.0,Manzanares,Caldas,6601.0,20.22799575821845,False,False
17433,2024,188,1.0,256.74468085106383,1236.0,4.0,Manzanares,Caldas,6657.0,18.56692203695358,False,False
17442,2022,79,1.0,216.68354430379748,535.75,4.0,Marmato,Caldas,3025.0,17.710743801652892,False,False
17442,2023,79,1.0,227.8227848101266,513.5,4.0,Marmato,Caldas,3045.0,16.863711001642038,False,False
17442,2024,58,1.0,228.67241379310346,574.75,4.0,Marmato,Caldas,3073.0,18.703221607549626,False,False
17444,2022,171,1.0,242.55555555555554,733.0,4.0,Marquetalia,Caldas,4964.0,14.766317485898469,False,False
17444,2023,197,1.0,244.03553299492387,869.5,4.0,Marquetalia,Caldas,4988.0,17.431836407377705,False,False
17444,2024,198,1.0,250.16161616161617,885.25,4.0,Marquetalia,Caldas,5028.0,17.60640413683373,False,False
17446,2022,23,1.0,225.30434782608697,37.0,4.0,Marulanda,Caldas,980.0,3.7755102040816326,False,False
17446,2023,20,1.0,228.65,33.5,4.0,Marulanda,Caldas,983.0,3.4079348931841302,False,False
17446,2024,25,1.0,223.88,41.0,4.0,Marulanda,Caldas,993.0,4.128902316213495,False,False
17486,2022,212,1.0,246.89622641509433,1637.75,4.0,Neira,Caldas,6876.0,23.81835369400814,False,False
17486,2023,217,1.0,244.13824884792626,1387.0,4.0,Neira,Caldas,6909.0,20.075264148212476,False,False
17486,2024,240,1.0,253.16666666666666,1363.25,4.0,Neira,Caldas,6965.0,19.57286432160804,False,False
17495,2022,97,1.0,222.8659793814433,740.5,4.0,Norcasia,Caldas,2069.0,35.79023682938618,False,False
17495,2023,95,1.0,231.8842105263158,651.25,4.0,Norcasia,Caldas,2085.0,31.235011990407674,False,False
17495,2024,95,1.0,226.55789473684212,553.0,4.0,Norcasia,Caldas,2104.0,26.283269961977183,False,False
17513,2022,142,1.0,241.69718309859155,1077.25,4.0,Pácora,Caldas,5611.0,19.19889502762431,False,False
17513,2023,174,1.0,238.79885057471265,1063.5,4.0,Pácora,Caldas,5637.0,18.86641830761043,False,False
17513,2024,134,1.0,244.30597014925374,1042.25,4.0,Pácora,Caldas,5681.0,18.34624185882767,False,False
17524,2022,178,1.0,237.26404494382024,1094.25,4.0,Palestina,Caldas,5441.0,20.111192795442015,False,False
17524,2023,146,1.0,244.93150684931507,1093.5,4.0,Palestina,Caldas,5469.0,19.994514536478334,False,False
17524,2024,147,1.0,240.68707482993196,1599.5,4.0,Palestina,Caldas,5501.0,29.07653153972005,False,False
17541,2022,269,2.0,241.5724907063197,1344.0,4.0,Pensilvania,Caldas,7279.0,18.464074735540596,True,False
17541,2023,247,2.0,244.46963562753035,1434.25,4.0,Pensilvania,Caldas,7320.0,19.593579234972676,True,False
17541,2024,226,1.0,247.76106194690266,1412.75,4.0,Pensilvania,Caldas,7365.0,19.18194161575017,False,False
17614,2022,551,2.0,240.00907441016335,4129.5,4.0,Riosucio,Caldas,15879.0,26.00604572076327,True,False
17614,2023,584,1.0,247.28424657534248,3940.0,4.0,Riosucio,Caldas,15957.0,24.691358024691358,False,False
17614,2024,665,2.0,246.27518796992481,4218.5,4.0,Riosucio,Caldas,16104.0,26.19535519125683,True,False
17614,2025,2,1.0,230.0,4774.25,4.0,Riosucio,Caldas,16225.0,29.425269645608626,False,False
17616,2022,138,1.0,239.1231884057971,515.25,4.0,Risaralda,Caldas,3838.0,13.424960917144347,False,False
17616,2023,116,1.0,236.06034482758622,494.25,4.0,Risaralda,Caldas,3860.0,12.804404145077719,False,False
17616,2024,95,1.0,244.8736842105263,575.5,4.0,Risaralda,Caldas,3887.0,14.805762799073834,False,False
17653,2022,173,1.0,247.13294797687863,1187.25,4.0,Salamina,Caldas,6962.0,17.053289284688308,False,False
17653,2023,147,1.0,247.16326530612244,1190.5,4.0,Salamina,Caldas,6961.0,17.102427812095964,False,False
17653,2024,139,1.0,243.0,1283.0,4.0,Salamina,Caldas,6992.0,18.34954233409611,False,False
17662,2022,236,1.0,245.864406779661,960.5,4.0,Samaná,Caldas,7815.0,12.290467050543825,False,False
17662,2023,227,1.0,244.6079295154185,1069.25,4.0,Samaná,Caldas,7844.0,13.6314380418154,False,False
17662,2024,210,1.0,244.0142857142857,1127.5,4.0,Samaná,Caldas,7910.0,14.254108723135273,False,False
17665,2022,62,1.0,218.24193548387098,138.75,4.0,San José,Caldas,1717.0,8.080955154338962,False,False
17665,2023,67,1.0,238.01492537313433,291.75,4.0,San José,Caldas,1723.0,16.932675565873474,False,False
17665,2024,58,1.0,239.6206896551724,470.5,4.0,San José,Caldas,1736.0,27.102534562211982,False,False
17777,2022,379,1.0,224.43799472295515,2476.25,4.0,Supía,Caldas,9784.0,25.30917825020442,False,False
17777,2023,353,1.0,229.95750708215297,2727.0,4.0,Supía,Caldas,9934.0,27.451177773303804,False,False
17777,2024,375,1.0,229.35733333333334,2559.25,4.0,Supía,Caldas,10117.0,25.296530592072745,False,False
17867,2022,127,1.0,225.4251968503937,1053.5,4.0,Victoria,Caldas,3709.0,28.403882448099218,False,False
17867,2023,120,2.0,222.24166666666667,1131.0,4.0,Victoria,Caldas,3743.0,30.216403954047554,True,False
17867,2024,114,1.0,232.7982456140351,950.5,4.0,Victoria,Caldas,3805.0,24.980289093298293,False,False
17873,2022,737,2.0,267.246947082768,13390.5,4.0,Villamaría,Caldas,23112.0,57.93743509865005,True,False
17873,2023,656,2.0,266.6783536585366,13478.0,4.0,Villamaría,Caldas,23594.0,57.12469271848774,True,False
17873,2024,694,2.0,266.23919308357347,13459.0,4.0,Villamaría,Caldas,24145.0,55.74238972872231,True,False
17873,2025,75,1.0,331.26666666666665,14351.5,4.0,Villamaría,Caldas,24671.0,58.171537432613185,False,False
17877,2022,141,1.0,246.85106382978722,2286.25,4.0,Viterbo,Caldas,4242.0,53.8955681282414,False,False
17877,2023,128,2.0,244.4140625,2434.75,4.0,Viterbo,Caldas,4255.0,57.22091656874265,True,False
17877,2024,135,1.0,242.28148148148148,2611.5,4.0,Viterbo,Caldas,4274.0,61.10201216658867,False,False
18001,2022,2028,2.0,252.1163708086785,23405.25,4.0,Florencia,Caquetá,58770.0,39.825165900969886,True,False
18001,2023,2046,2.0,256.28299120234607,22610.25,4.0,Florencia,Caquetá,60273.0,37.51306555173958,True,False
18001,2024,2060,2.0,256.5121359223301,21625.25,4.0,Florencia,Caquetá,61784.0,35.00137576071475,True,False
18001,2025,137,1.0,222.04379562043795,24968.5,4.0,Florencia,Caquetá,63238.0,39.48338024605459,False,False
18029,2022,52,1.0,233.96153846153845,11.0,4.0,Albania,Caquetá,1670.0,0.6586826347305389,False,False
18029,2023,47,1.0,234.74468085106383,9.75,4.0,Albania,Caquetá,1692.0,0.576241134751773,False,False
18029,2024,40,1.0,242.025,7.0,4.0,Albania,Caquetá,1722.0,0.40650406504065045,False,False
18094,2022,93,1.0,230.32258064516128,55.75,4.0,Belén de Los Andaquíes,Caquetá,3953.0,1.410321274981027,False,False
18094,2023,136,1.0,226.58823529411765,248.25,4.0,Belén de Los Andaquíes,Caquetá,4008.0,6.193862275449102,False,False
18094,2024,122,1.0,225.65573770491804,95.75,4.0,Belén de Los Andaquíes,Caquetá,4070.0,2.3525798525798525,False,False
18150,2022,234,1.0,226.64529914529913,375.0,4.0,Cartagena del Chairá,Caquetá,9221.0,4.066804034269602,False,False
18150,2023,252,1.0,232.6547619047619,366.25,4.0,Cartagena del Chairá,Caquetá,9409.0,3.892549686470401,False,False
18150,2024,302,1.0,227.1887417218543,337.0,4.0,Cartagena del Chairá,Caquetá,9600.0,3.5104166666666665,False,False
18205,2022,91,1.0,216.9120879120879,286.25,4.0,Curillo,Caquetá,2520.0,11.359126984126984,False,False
18205,2023,110,1.0,225.4909090909091,107.25,4.0,Curillo,Caquetá,2565.0,4.181286549707602,False,False
18205,2024,95,1.0,221.76842105263157,506.5,4.0,Curillo,Caquetá,2601.0,19.473279507881582,False,False
18247,2022,251,1.0,243.54980079681275,912.25,4.0,El Doncello,Caquetá,6810.0,13.395741556534507,False,False
18247,2023,264,1.0,246.6818181818182,973.25,4.0,El Doncello,Caquetá,6910.0,14.08465991316932,False,False
18247,2024,227,1.0,253.6784140969163,702.25,4.0,El Doncello,Caquetá,7015.0,10.010691375623663,False,False
18256,2022,131,2.0,251.54198473282443,968.25,4.0,El Paujíl,Caquetá,8540.0,11.337822014051522,True,False
18256,2023,122,2.0,252.2377049180328,886.0,4.0,El Paujíl,Caquetá,8697.0,10.187420949752788,True,False
18256,2024,97,1.0,261.7319587628866,453.5,4.0,El Paujíl,Caquetá,8845.0,5.127190503109101,False,False
18410,2022,101,1.0,233.83168316831683,345.25,4.0,La Montañita,Caquetá,4694.0,7.355134213890073,False,False
18410,2023,120,1.0,233.425,301.75,4.0,La Montañita,Caquetá,4786.0,6.30484747179273,False,False
18410,2024,84,1.0,238.23809523809524,290.25,4.0,La Montañita,Caquetá,4879.0,5.948964951834392,False,False
18460,2022,83,1.0,210.06024096385542,358.75,4.0,Milán,Caquetá,2896.0,12.387776243093922,False,False
18460,2023,56,1.0,223.58928571428572,227.75,4.0,Milán,Caquetá,2956.0,7.704668470906631,False,False
18460,2024,49,1.0,214.75510204081633,113.0,4.0,Milán,Caquetá,3011.0,3.7529060112919295,False,False
18479,2022,34,1.0,213.91176470588235,64.5,4.0,Morelia,Caquetá,1398.0,4.6137339055794,False,False
18479,2023,17,1.0,241.64705882352942,65.0,4.0,Morelia,Caquetá,1417.0,4.587155963302752,False,False
18479,2024,18,1.0,246.83333333333334,16.5,4.0,Morelia,Caquetá,1443.0,1.1434511434511436,False,False
18592,2022,192,2.0,227.52083333333334,409.25,4.0,Puerto Rico,Caquetá,8499.0,4.815272384986469,True,False
18592,2023,222,1.0,233.07657657657657,339.75,4.0,Puerto Rico,Caquetá,8635.0,3.934568616097279,False,False
18592,2024,215,1.0,240.2046511627907,346.75,4.0,Puerto Rico,Caquetá,8779.0,3.949766488210502,False,False
18610,2022,164,1.0,224.6890243902439,23.25,4.0,San José del Fragua,Caquetá,4469.0,0.5202506153501902,False,False
18610,2023,174,1.0,233.49425287356323,8.5,4.0,San José del Fragua,Caquetá,4543.0,0.18710103455866167,False,False
18610,2024,165,1.0,235.61212121212122,6.5,4.0,San José del Fragua,Caquetá,4614.0,0.14087559601213698,False,False
18753,2022,484,1.0,230.94214876033058,3615.75,4.0,San Vicente del Caguán,Caquetá,14736.0,24.536848534201955,False,False
18753,2023,559,1.0,232.32915921288014,3711.0,4.0,San Vicente del Caguán,Caquetá,14946.0,24.829385788839822,False,False
18753,2024,571,1.0,230.95096322241682,2095.25,4.0,San Vicente del Caguán,Caquetá,15156.0,13.82455793085247,False,False
18756,2022,45,1.0,203.6,106.0,4.0,Solano,Caquetá,3019.0,3.5110963895329577,False,False
18756,2023,45,1.0,217.24444444444444,76.25,4.0,Solano,Caquetá,3049.0,2.5008199409642504,False,False
18756,2024,62,1.0,218.30645161290323,38.5,4.0,Solano,Caquetá,3085.0,1.2479740680713127,False,False
18785,2022,47,1.0,226.9787234042553,204.0,4.0,Solita,Caquetá,2019.0,10.104011887072808,False,False
18785,2023,56,1.0,216.83928571428572,101.5,4.0,Solita,Caquetá,2050.0,4.951219512195122,False,False
18785,2024,60,1.0,225.08333333333334,77.75,4.0,Solita,Caquetá,2086.0,3.727229146692234,False,False
18860,2022,49,2.0,237.3673469387755,147.5,4.0,Valparaíso,Caquetá,2178.0,6.7722681359045,True,False
18860,2023,58,1.0,233.8448275862069,154.25,4.0,Valparaíso,Caquetá,2221.0,6.945069788383611,False,False
18860,2024,49,1.0,229.26530612244898,76.25,4.0,Valparaíso,Caquetá,2257.0,3.3783783783783785,False,False
19001,2022,4058,2.0,266.1389847215377,62797.0,4.0,Popayán,Cauca,121345.0,51.75079319296222,True,False
19001,2023,4253,2.0,268.24970608981897,65441.5,4.0,Popayán,Cauca,123600.0,52.94619741100324,True,False
19001,2024,4574,2.0,267.5236117184084,64937.5,4.0,Popayán,Cauca,126106.0,51.49437774570599,True,False
19001,2025,775,1.0,296.13935483870966,73106.5,4.0,Popayán,Cauca,128512.0,56.88690550298805,False,False
19022,2022,147,1.0,220.39455782312925,1.5,4.0,Almaguer,Cauca,7511.0,0.01997070962588204,False,False
19022,2023,158,1.0,218.08227848101265,1.5,4.0,Almaguer,Cauca,7555.0,0.019854401058901388,False,False
19022,2024,259,1.0,202.71814671814673,12.75,4.0,Almaguer,Cauca,7623.0,0.16725698543880363,False,False
19050,2022,166,1.0,231.9156626506024,235.75,4.0,Argelia,Cauca,10031.0,2.3502143355597647,False,False
19050,2023,195,2.0,232.5897435897436,223.0,4.0,Argelia,Cauca,10121.0,2.203339590949511,True,False
19050,2024,184,2.0,248.75,214.25,4.0,Argelia,Cauca,10241.0,2.0920808514793476,True,False
19075,2022,140,1.0,231.57142857142858,14.5,4.0,Balboa,Cauca,8608.0,0.16844795539033458,False,False
19075,2023,163,1.0,250.69938650306747,55.5,4.0,Balboa,Cauca,8757.0,0.6337786913326482,False,False
19075,2024,157,1.0,241.6751592356688,32.0,4.0,Balboa,Cauca,8907.0,0.3592679914673852,False,False
19100,2022,402,1.0,227.36567164179104,111.33333333333333,3.0,Bolívar,Cauca,14478.0,0.7689828245153566,False,False
19100,2023,415,1.0,228.344578313253,306.5,4.0,Bolívar,Cauca,14583.0,2.1017623259960225,False,False
19100,2024,369,1.0,234.54471544715446,328.0,4.0,Bolívar,Cauca,14702.0,2.230988981091008,False,False
19110,2022,260,1.0,203.55769230769232,44.75,4.0,Buenos Aires,Cauca,11923.0,0.3753250020967877,False,False
19110,2023,264,1.0,202.1060606060606,53.0,4.0,Buenos Aires,Cauca,12082.0,0.4386690945207747,False,False
19110,2024,261,1.0,206.95785440613028,78.25,4.0,Buenos Aires,Cauca,12276.0,0.6374226132290648,False,False
19130,2022,386,1.0,226.51295336787564,78.25,4.0,Cajibío,Cauca,14917.0,0.5245692833679695,False,False
19130,2023,378,1.0,233.89153439153438,164.0,4.0,Cajibío,Cauca,15249.0,1.0754803593678273,False,False
19130,2024,309,1.0,237.11003236245955,67.75,4.0,Cajibío,Cauca,15603.0,0.4342113696084086,False,False
19137,2022,448,1.0,207.45089285714286,182.0,4.0,Caldono,Cauca,12703.0,1.43273242541132,False,False
19137,2023,451,1.0,215.20177383592016,172.0,4.0,Caldono,Cauca,12986.0,1.3245033112582782,False,False
19137,2024,388,1.0,216.5077319587629,350.0,4.0,Caldono,Cauca,13302.0,2.631183280709668,False,False
19142,2022,394,1.0,215.55329949238578,121.25,4.0,Caloto,Cauca,10948.0,1.107508220679576,False,False
19142,2023,412,1.0,221.99271844660194,539.25,4.0,Caloto,Cauca,11072.0,4.870393786127168,False,False
19142,2024,403,1.0,218.6302729528536,316.25,4.0,Caloto,Cauca,11216.0,2.819632667617689,False,False
19212,2022,265,2.0,226.70943396226414,195.0,4.0,Corinto,Cauca,9520.0,2.0483193277310923,True,False
19212,2023,293,1.0,229.5938566552901,485.25,4.0,Corinto,Cauca,9672.0,5.017059553349876,False,False
19212,2024,292,1.0,232.75342465753425,1035.5,4.0,Corinto,Cauca,9851.0,10.511623185463405,False,False
19256,2022,445,2.0,229.59775280898876,527.0,4.0,El Tambo,Cauca,20379.0,2.585995387408607,True,False
19256,2023,483,2.0,230.45962732919256,524.75,4.0,El Tambo,Cauca,20768.0,2.5267238058551618,True,False
19256,2024,522,2.0,236.26436781609195,729.0,4.0,El Tambo,Cauca,21170.0,3.4435521965044873,True,False
19256,2025,15,1.0,198.2,1111.75,4.0,El Tambo,Cauca,21563.0,5.15582247368177,False,False
19290,2022,62,1.0,234.3548387096774,727.0,4.0,Florencia,Cauca,1927.0,37.72703684483653,False,False
19290,2023,46,1.0,236.7826086956522,697.75,4.0,Florencia,Cauca,1938.0,36.003611971104235,False,False
19290,2024,58,1.0,244.86206896551724,765.75,4.0,Florencia,Cauca,1963.0,39.00916963830871,False,False
19300,2022,184,2.0,199.91847826086956,11.25,4.0,Guachené,Cauca,7274.0,0.1546604344239758,True,False
19300,2023,196,2.0,209.58163265306123,536.25,4.0,Guachené,Cauca,7350.0,7.295918367346939,True,False
19300,2024,194,2.0,203.18556701030928,673.0,4.0,Guachené,Cauca,7450.0,9.033557046979865,True,False
19300,2025,3,1.0,207.0,1349.75,4.0,Guachené,Cauca,7541.0,17.898819785174382,False,False
19318,2022,325,1.0,193.97846153846154,262.25,4.0,Guapi,Cauca,8033.0,3.2646582845761234,False,False
19318,2023,299,1.0,197.85284280936455,194.0,4.0,Guapi,Cauca,8166.0,2.375704139113397,False,False
19318,2024,302,1.0,188.66225165562915,194.5,4.0,Guapi,Cauca,8320.0,2.3377403846153846,False,False
19355,2022,313,1.0,233.96805111821087,12.0,4.0,Inzá,Cauca,10138.0,0.11836654172420596,False,False
19355,2023,326,1.0,243.41104294478527,43.0,4.0,Inzá,Cauca,10218.0,0.4208259933450773,False,False
19355,2024,345,1.0,236.75652173913045,24.75,4.0,Inzá,Cauca,10305.0,0.24017467248908297,False,False
19364,2022,189,1.0,208.9047619047619,289.25,4.0,Jambaló,Cauca,5890.0,4.910865874363328,False,False
19364,2023,210,1.0,216.06190476190477,400.25,4.0,Jambaló,Cauca,5994.0,6.67751084417751,False,False
19364,2024,221,1.0,207.05429864253395,314.25,4.0,Jambaló,Cauca,6111.0,5.142366224840451,False,False
19392,2022,85,1.0,249.89411764705883,38.75,4.0,La Sierra,Cauca,4197.0,0.9232785322849655,False,False
19392,2023,103,1.0,246.36893203883494,85.5,4.0,La Sierra,Cauca,4263.0,2.0056298381421533,False,False
19392,2024,101,1.0,249.7128712871287,124.75,4.0,La Sierra,Cauca,4343.0,2.872438406631361,False,False
19397,2022,146,1.0,224.37671232876713,4.25,4.0,La Vega,Cauca,9433.0,0.04505459556874801,False,False
19397,2023,142,1.0,222.2887323943662,3.25,4.0,La Vega,Cauca,9497.0,0.03422133305254291,False,False
19397,2024,146,1.0,231.1986301369863,92.25,4.0,La Vega,Cauca,9572.0,0.9637484329293773,False,False
19418,2022,115,1.0,179.3217391304348,114.5,4.0,López de Micay,Cauca,4986.0,2.2964300040112313,False,False
19418,2023,119,1.0,187.0,91.0,4.0,López de Micay,Cauca,5031.0,1.8087855297157622,False,False
19418,2024,155,1.0,187.40645161290323,51.75,4.0,López de Micay,Cauca,5093.0,1.016100530139407,False,False
19450,2022,166,1.0,221.45180722891567,147.5,4.0,Mercaderes,Cauca,9982.0,1.477659787617712,False,False
19450,2023,134,1.0,232.88805970149255,294.75,4.0,Mercaderes,Cauca,10275.0,2.8686131386861313,False,False
19450,2024,162,1.0,234.50617283950618,231.75,4.0,Mercaderes,Cauca,10581.0,2.1902466685568474,False,False
19455,2022,460,1.0,236.9891304347826,1209.5,4.0,Miranda,Cauca,11765.0,10.280492987675308,False,False
19455,2023,381,1.0,245.48031496062993,2115.75,4.0,Miranda,Cauca,11904.0,17.7734375,False,False
19455,2024,412,1.0,246.34708737864077,1701.75,4.0,Miranda,Cauca,12056.0,14.115378234903783,False,False
19473,2022,286,1.0,217.9965034965035,36.75,4.0,Morales,Cauca,17952.0,0.20471256684491979,False,False
19473,2023,301,1.0,228.25249169435216,50.5,4.0,Morales,Cauca,18443.0,0.2738166241934609,False,False
19473,2024,362,1.0,229.71546961325967,83.5,4.0,Morales,Cauca,18968.0,0.44021509911429774,False,False
19513,2022,129,1.0,205.05426356589146,9.5,4.0,Padilla,Cauca,3848.0,0.2468814968814969,False,False
19513,2023,98,1.0,206.6326530612245,10.5,4.0,Padilla,Cauca,3912.0,0.2684049079754601,False,False
19513,2024,95,1.0,199.09473684210528,74.33333333333333,3.0,Padilla,Cauca,3977.0,1.8690805464755675,False,False
19517,2022,294,1.0,211.22448979591837,417.0,4.0,Páez,Cauca,15697.0,2.656558578072243,False,False
19517,2023,377,1.0,217.82493368700264,724.5,4.0,Páez,Cauca,16143.0,4.488013380412563,False,False
19517,2024,323,1.0,216.05263157894737,395.5,4.0,Páez,Cauca,16600.0,2.3825301204819276,False,False
19532,2022,372,2.0,222.30645161290323,390.25,4.0,Patía,Cauca,15593.0,2.5027255819919194,True,False
19532,2023,376,2.0,229.5159574468085,507.75,4.0,Patía,Cauca,15835.0,3.2065045784654247,True,False
19532,2024,341,2.0,232.02932551319648,407.25,4.0,Patía,Cauca,16122.0,2.526051358392259,True,False
19532,2025,15,1.0,272.2,959.25,4.0,Patía,Cauca,16381.0,5.855869605030218,False,False
19533,2022,47,1.0,226.85106382978722,17.0,4.0,Piamonte,Cauca,3606.0,0.4714364947310039,False,False
19533,2023,32,1.0,243.96875,5.75,4.0,Piamonte,Cauca,3692.0,0.1557421451787649,False,False
19533,2024,62,1.0,241.58064516129033,3.0,4.0,Piamonte,Cauca,3774.0,0.0794912559618442,False,False
19548,2022,435,1.0,238.09885057471266,1110.5,4.0,Piendamó - Tunía,Cauca,15539.0,7.146534526031275,False,False
19548,2023,518,1.0,238.21814671814673,1556.5,4.0,Piendamó - Tunía,Cauca,15742.0,9.887561936221573,False,False
19548,2024,448,2.0,238.56026785714286,543.75,4.0,Piendamó - Tunía,Cauca,15964.0,3.4061012277624654,True,False
19548,2025,12,1.0,226.16666666666666,2025.5,4.0,Piendamó - Tunía,Cauca,16178.0,12.52008900976635,False,False
19573,2022,511,2.0,215.39921722113502,3656.25,4.0,Puerto Tejada,Cauca,14175.0,25.793650793650798,True,False
19573,2023,515,2.0,219.6601941747573,4170.0,4.0,Puerto Tejada,Cauca,14330.0,29.09979064898814,True,False
19573,2024,537,2.0,220.58472998137802,4195.75,4.0,Puerto Tejada,Cauca,14518.0,28.9003306240529,True,False
19573,2025,66,1.0,256.3636363636364,5702.75,4.0,Puerto Tejada,Cauca,14693.0,38.81269992513442,False,False
19585,2022,118,1.0,231.77118644067798,1.75,4.0,Puracé,Cauca,6233.0,0.028076367720198944,False,False
19585,2023,123,1.0,234.84552845528455,9.0,1.0,Puracé,Cauca,6315.0,0.14251781472684086,False,False
19622,2022,96,1.0,239.23958333333334,17.75,4.0,Rosas,Cauca,4456.0,0.39833931777378817,False,False
19622,2023,106,1.0,238.6509433962264,64.0,1.0,Rosas,Cauca,4523.0,1.414990050851205,False,False
19622,2024,115,1.0,239.36521739130436,388.75,4.0,Rosas,Cauca,4608.0,8.436414930555555,False,False
19693,2022,87,1.0,224.01149425287358,3.0,3.0,San Sebastián,Cauca,4377.0,0.06854009595613435,False,False
19693,2023,101,1.0,224.69306930693068,1.0,1.0,San Sebastián,Cauca,4412.0,0.022665457842248413,False,False
19693,2024,82,1.0,229.9268292682927,1.0,3.0,San Sebastián,Cauca,4439.0,0.022527596305474205,False,False
19698,2022,1229,2.0,240.61920260374288,11165.5,4.0,Santander de Quilichao,Cauca,39963.0,27.93959412456522,True,False
19698,2023,1389,2.0,241.6969042476602,10158.5,4.0,Santander de Quilichao,Cauca,41063.0,24.738815965711225,True,False
19698,2024,1525,2.0,236.25180327868853,11005.5,4.0,Santander de Quilichao,Cauca,42260.0,26.04235683861808,True,False
19698,2025,65,1.0,201.23076923076923,11770.25,4.0,Santander de Quilichao,Cauca,43438.0,27.096666513191213,False,False
19701,2022,43,1.0,237.11627906976744,31.0,4.0,Santa Rosa,Cauca,1758.0,1.763367463026166,False,False
19701,2023,44,1.0,228.04545454545453,20.75,4.0,Santa Rosa,Cauca,1774.0,1.1696730552423902,False,False
19701,2024,60,1.0,229.0,12.75,4.0,Santa Rosa,Cauca,1782.0,0.7154882154882155,False,False
19743,2022,381,1.0,220.79527559055117,4.25,4.0,Silvia,Cauca,12968.0,0.03277297964219618,False,False
19743,2023,377,1.0,219.0557029177719,190.0,4.0,Silvia,Cauca,13192.0,1.4402668283808369,False,False
19743,2024,375,1.0,219.13866666666667,28.0,4.0,Silvia,Cauca,13432.0,0.2084574151280524,False,False
19760,2022,107,1.0,224.47663551401868,3.5,4.0,Sotará Paispamba,Cauca,5579.0,0.06273525721455457,False,False
19760,2023,86,1.0,232.34883720930233,5.0,4.0,Sotará Paispamba,Cauca,5674.0,0.08812125484666902,False,False
19760,2024,88,1.0,231.1590909090909,5.25,4.0,Sotará Paispamba,Cauca,5768.0,0.09101941747572816,False,False
19780,2022,197,1.0,205.38578680203045,29.25,4.0,Suárez,Cauca,14485.0,0.2019330341732827,False,False
19780,2023,264,1.0,211.3181818181818,40.75,4.0,Suárez,Cauca,14915.0,0.2732148843446195,False,False
19780,2024,183,1.0,210.20218579234972,658.5,4.0,Suárez,Cauca,15375.0,4.282926829268293,False,False
19785,2023,68,1.0,230.19117647058823,4.25,4.0,Sucre,Cauca,4429.0,0.0959584556333258,False,False
19785,2024,42,1.0,230.76190476190476,1.0,3.0,Sucre,Cauca,4477.0,0.02233638597274961,False,False
19807,2022,376,1.0,246.90691489361703,474.25,4.0,Timbío,Cauca,13322.0,3.559900915778411,False,False
19807,2023,335,1.0,257.56119402985075,1080.5,4.0,Timbío,Cauca,13612.0,7.937848956802821,False,False
19807,2024,344,1.0,252.71802325581396,400.0,4.0,Timbío,Cauca,13913.0,2.875008984403076,False,False
19809,2022,195,1.0,181.26666666666668,75.5,4.0,Timbiquí,Cauca,7921.0,0.9531624794849135,False,False
19809,2023,199,1.0,185.23115577889448,101.5,4.0,Timbiquí,Cauca,8131.0,1.248308941089657,False,False
19809,2024,189,1.0,181.96825396825398,417.75,4.0,Timbiquí,Cauca,8340.0,5.008992805755395,False,False
19821,2022,390,1.0,202.55384615384617,34.0,4.0,Toribío,Cauca,13281.0,0.2560048189142384,False,False
19821,2023,372,1.0,211.36290322580646,73.0,4.0,Toribío,Cauca,13595.0,0.5369621184258919,False,False
19821,2024,367,2.0,207.40871934604905,369.5,4.0,Toribío,Cauca,13940.0,2.6506456241033,True,False
19821,2025,7,1.0,213.0,706.5,4.0,Toribío,Cauca,14285.0,4.945747287364368,False,False
19824,2022,199,1.0,217.04522613065328,3.0,4.0,Totoró,Cauca,8837.0,0.03394817245671608,False,False
19824,2023,175,1.0,219.59428571428572,44.75,4.0,Totoró,Cauca,9023.0,0.4959547822232074,False,False
19824,2024,199,1.0,220.20603015075378,49.75,4.0,Totoró,Cauca,9233.0,0.5388281165385032,False,False
19845,2022,148,1.0,216.15540540540542,89.0,4.0,Villa Rica,Cauca,7882.0,1.1291550367926924,False,False
19845,2023,173,1.0,215.10404624277456,194.75,4.0,Villa Rica,Cauca,8068.0,2.4138572136836887,False,False
19845,2024,193,1.0,215.13989637305698,271.75,4.0,Villa Rica,Cauca,8254.0,3.292343106372668,False,False
20001,2022,6198,2.0,255.8431752178122,81758.25,4.0,Valledupar,Cesar,157101.0,52.04183932629327,True,False
20001,2023,6264,2.0,259.72669220945085,81501.0,4.0,Valledupar,Cesar,162956.0,50.0141142394266,True,False
20001,2024,6524,2.0,261.59687308399754,82956.0,4.0,Valledupar,Cesar,169014.0,49.08232454116227,True,False
20001,2025,323,1.0,230.5108359133127,94435.75,4.0,Valledupar,Cesar,175067.0,53.94263339178714,False,False
20011,2022,1498,2.0,234.80440587449934,9029.25,4.0,Aguachica,Cesar,39657.0,22.76836371888948,True,False
20011,2023,1539,2.0,236.9545159194282,9373.0,4.0,Aguachica,Cesar,41019.0,22.85038640629952,True,False
20011,2024,1429,2.0,244.4737578726382,10095.0,4.0,Aguachica,Cesar,42404.0,23.806716347514385,True,False
20011,2025,90,1.0,208.01111111111112,11080.25,4.0,Aguachica,Cesar,43779.0,25.309509125379748,False,False
20013,2022,714,2.0,236.22268907563026,5036.0,4.0,Agustín Codazzi,Cesar,19159.0,26.28529672738661,True,False
20013,2023,704,2.0,231.95454545454547,4657.75,4.0,Agustín Codazzi,Cesar,19561.0,23.811410459587957,True,False
20013,2024,757,2.0,230.17965653896962,3384.0,4.0,Agustín Codazzi,Cesar,19971.0,16.94456962595764,True,False
20013,2025,5,1.0,204.2,2367.0,4.0,Agustín Codazzi,Cesar,20355.0,11.628592483419308,False,False
20032,2022,211,1.0,221.55450236966826,34.0,4.0,Astrea,Cesar,6523.0,0.5212325617047371,False,False
20032,2023,278,1.0,226.25179856115108,73.5,4.0,Astrea,Cesar,6639.0,1.107094441934026,False,False
20032,2024,258,1.0,223.35271317829458,68.5,4.0,Astrea,Cesar,6750.0,1.0148148148148148,False,False
20045,2022,189,1.0,232.17460317460316,506.0,4.0,Becerril,Cesar,6628.0,7.634278817139409,False,False
20045,2023,211,1.0,230.9431279620853,747.75,4.0,Becerril,Cesar,6878.0,10.871619656877,False,False
20045,2024,222,1.0,229.28378378378378,551.0,4.0,Becerril,Cesar,7142.0,7.714925791094932,False,False
20060,2022,539,1.0,219.61410018552877,3592.25,4.0,Bosconia,Cesar,12255.0,29.312525499796,False,False
20060,2023,564,1.0,223.4840425531915,3523.25,4.0,Bosconia,Cesar,12654.0,27.84297455350087,False,False
20060,2024,450,1.0,239.4688888888889,3076.5,4.0,Bosconia,Cesar,13059.0,23.55846542614289,False,False
20175,2022,451,2.0,216.19290465631929,7.75,4.0,Chimichagua,Cesar,10743.0,0.07213999813832263,True,False
20175,2023,523,1.0,220.7246653919694,179.25,4.0,Chimichagua,Cesar,10935.0,1.6392318244170097,False,False
20175,2024,442,1.0,221.6131221719457,147.5,4.0,Chimichagua,Cesar,11129.0,1.3253661604816245,False,False
20178,2022,271,1.0,220.01476014760146,748.5,4.0,Chiriguaná,Cesar,8669.0,8.63421386549775,False,False
20178,2023,361,2.0,222.60664819944597,972.5,4.0,Chiriguaná,Cesar,8920.0,10.902466367713004,True,False
20178,2024,379,2.0,220.44591029023746,677.75,4.0,Chiriguaná,Cesar,9176.0,7.3861159546643425,True,False
20228,2022,455,1.0,239.45274725274726,1204.5,4.0,Curumaní,Cesar,12559.0,9.590731746158134,False,False
20228,2023,453,1.0,236.5121412803532,1140.5,4.0,Curumaní,Cesar,12967.0,8.795403717128094,False,False
20228,2024,504,1.0,236.52777777777777,1008.25,4.0,Curumaní,Cesar,13383.0,7.533811551968917,False,False
20238,2022,348,1.0,238.25,489.5,4.0,El Copey,Cesar,8883.0,5.510525723291681,False,False
20238,2023,384,1.0,242.89583333333334,1057.0,4.0,El Copey,Cesar,9118.0,11.592454485632814,False,False
20238,2024,347,1.0,241.5158501440922,1816.25,4.0,El Copey,Cesar,9359.0,19.406453680948818,False,False
20238,2025,1,1.0,204.0,2188.75,4.0,El Copey,Cesar,9593.0,22.81611591785677,False,False
20250,2022,423,1.0,222.24586288416074,638.75,4.0,El Paso,Cesar,11946.0,5.346978067972543,False,False
20250,2023,547,1.0,230.47349177330895,482.75,4.0,El Paso,Cesar,12341.0,3.911757556113767,False,False
20250,2024,495,1.0,229.34949494949495,868.0,4.0,El Paso,Cesar,12739.0,6.813721642201115,False,False
20295,2022,108,1.0,216.71296296296296,189.5,4.0,Gamarra,Cesar,5536.0,3.4230491329479773,False,False
20295,2023,144,1.0,223.5625,61.0,4.0,Gamarra,Cesar,5610.0,1.0873440285204992,False,False
20295,2024,114,1.0,226.19298245614036,399.25,4.0,Gamarra,Cesar,5677.0,7.032763783688568,False,False
20310,2022,40,1.0,262.45,7.25,4.0,González,Cesar,1457.0,0.49759780370624573,False,False
20310,2023,55,1.0,254.36363636363637,3.75,4.0,González,Cesar,1491.0,0.2515090543259557,False,False
20310,2024,41,1.0,258.5609756097561,14.5,4.0,González,Cesar,1523.0,0.9520682862770847,False,False
20383,2022,167,1.0,223.4191616766467,342.75,4.0,La Gloria,Cesar,5762.0,5.948455397431447,False,False
20383,2023,176,1.0,235.64204545454547,776.75,4.0,La Gloria,Cesar,5892.0,13.183129667345552,False,False
20383,2024,188,1.0,233.15425531914894,817.0,4.0,La Gloria,Cesar,6032.0,13.544429708222811,False,False
20400,2022,505,1.0,233.15841584158414,3442.5,4.0,La Jagua de Ibirico,Cesar,18451.0,18.657525337380086,False,False
20400,2023,609,1.0,235.04761904761904,4067.25,4.0,La Jagua de Ibirico,Cesar,19132.0,21.258885636629728,False,False
20400,2024,608,1.0,239.21875,3903.75,4.0,La Jagua de Ibirico,Cesar,19810.0,19.70595658758203,False,False
20443,2022,147,1.0,238.24489795918367,255.25,4.0,Manaure Balcón del Cesar,Cesar,3272.0,7.801039119804401,False,False
20443,2023,177,1.0,241.909604519774,359.75,4.0,Manaure Balcón del Cesar,Cesar,3356.0,10.719606674612635,False,False
20443,2024,189,1.0,240.31746031746033,307.75,4.0,Manaure Balcón del Cesar,Cesar,3453.0,8.91253982044599,False,False
20517,2022,176,1.0,229.85227272727272,514.25,4.0,Pailitas,Cesar,6087.0,8.44833251191063,False,False
20517,2023,210,2.0,229.57142857142858,505.75,4.0,Pailitas,Cesar,6234.0,8.112768687840873,True,False
20517,2024,182,1.0,233.24725274725276,522.25,4.0,Pailitas,Cesar,6378.0,8.188303543430543,False,False
20550,2022,274,1.0,226.37956204379563,334.5,4.0,Pelaya,Cesar,7037.0,4.753446070768794,False,False
20550,2023,334,1.0,228.062874251497,427.0,4.0,Pelaya,Cesar,7238.0,5.899419729206963,False,False
20550,2024,323,1.0,226.969040247678,486.5,4.0,Pelaya,Cesar,7442.0,6.537221177102929,False,False
20570,2022,158,1.0,231.77215189873417,247.25,4.0,Pueblo Bello,Cesar,7394.0,3.3439275087909115,False,False
20570,2023,188,1.0,237.2872340425532,325.75,4.0,Pueblo Bello,Cesar,7674.0,4.244852749543915,False,False
20570,2024,176,1.0,243.9715909090909,277.5,4.0,Pueblo Bello,Cesar,7958.0,3.487057049509927,False,False
20614,2022,150,1.0,243.18,14.5,4.0,Río de Oro,Cesar,5999.0,0.24170695115852642,False,False
20614,2023,157,1.0,252.56050955414014,24.25,4.0,Río de Oro,Cesar,6162.0,0.3935410580980201,False,False
20614,2024,150,1.0,260.72,92.5,4.0,Río de Oro,Cesar,6327.0,1.461988304093567,False,False
20621,2022,304,1.0,230.33223684210526,1210.0,4.0,La Paz,Cesar,9092.0,13.308402991641003,False,False
20621,2023,279,1.0,239.71326164874552,1101.75,4.0,La Paz,Cesar,9371.0,11.757016326966173,False,False
20621,2024,301,1.0,237.0564784053156,1911.75,4.0,La Paz,Cesar,9649.0,19.812933982796142,False,False
20710,2022,225,1.0,249.36,3503.75,4.0,San Alberto,Cesar,9586.0,36.550698935948255,False,False
20710,2023,235,1.0,264.79574468085104,1710.5,4.0,San Alberto,Cesar,9891.0,17.2934991406329,False,False
20710,2024,247,1.0,266.85425101214577,2113.75,4.0,San Alberto,Cesar,10215.0,20.69260890846794,False,False
20750,2022,196,2.0,229.73979591836735,511.5,4.0,San Diego,Cesar,6438.0,7.945013979496738,True,False
20750,2023,215,2.0,235.97674418604652,724.25,4.0,San Diego,Cesar,6674.0,10.851813005693737,True,False
20750,2024,196,2.0,243.68367346938774,697.5,4.0,San Diego,Cesar,6918.0,10.082393755420641,True,False
20750,2025,30,1.0,196.43333333333334,874.25,4.0,San Diego,Cesar,7160.0,12.210195530726258,False,False
20770,2022,218,1.0,246.40825688073394,515.25,4.0,San Martín,Cesar,9767.0,5.275417221255247,False,False
20770,2023,310,1.0,244.36774193548388,1351.75,4.0,San Martín,Cesar,10163.0,13.300698612614386,False,False
20770,2024,248,1.0,248.35887096774192,1546.5,4.0,San Martín,Cesar,10565.0,14.637955513487933,False,False
20787,2022,186,1.0,213.8548387096774,11.0,4.0,Tamalameque,Cesar,4912.0,0.2239413680781759,False,False
20787,2023,229,1.0,220.3013100436681,167.25,4.0,Tamalameque,Cesar,5000.0,3.345,False,False
20787,2024,207,1.0,220.42512077294685,275.5,4.0,Tamalameque,Cesar,5086.0,5.416830515139599,False,False
23001,2022,6189,2.0,256.5008886734529,62105.25,4.0,Montería,Córdoba,162190.0,38.29166409766324,True,False
23001,2023,6538,2.0,261.8543897216274,62835.75,4.0,Montería,Córdoba,167052.0,37.614485309963364,True,False
23001,2024,6143,2.0,269.3915025231971,63816.75,4.0,Montería,Córdoba,171938.0,37.11614070188091,True,False
23001,2025,115,1.0,269.44347826086954,69505.25,4.0,Montería,Córdoba,176790.0,39.31514791560608,False,False
23068,2022,494,1.0,216.7327935222672,4684.75,4.0,Ayapel,Córdoba,15061.0,31.105172299316113,False,False
23068,2023,456,1.0,221.5,2673.75,4.0,Ayapel,Córdoba,15306.0,17.468639749117994,False,False
23068,2024,573,2.0,223.80279232111693,779.5,4.0,Ayapel,Córdoba,15545.0,5.014474107430042,True,False
23079,2022,288,2.0,215.68055555555554,781.75,4.0,Buenavista,Córdoba,6582.0,11.87708903068976,True,False
23079,2023,306,2.0,222.68627450980392,597.0,4.0,Buenavista,Córdoba,6681.0,8.935788055680288,True,False
23079,2024,323,2.0,222.73993808049536,409.75,4.0,Buenavista,Córdoba,6781.0,6.042619082731161,True,False
23079,2025,18,1.0,212.61111111111111,921.0,4.0,Buenavista,Córdoba,6876.0,13.394415357766142,False,False
23090,2022,206,1.0,221.2766990291262,91.0,4.0,Canalete,Córdoba,4282.0,2.125175151798225,False,False
23090,2023,243,1.0,219.54732510288065,159.5,4.0,Canalete,Córdoba,4356.0,3.6616161616161618,False,False
23090,2024,177,1.0,232.5084745762712,61.25,4.0,Canalete,Córdoba,4438.0,1.3801261829652995,False,False
23162,2022,1444,2.0,244.34072022160666,7234.75,4.0,Cereté,Córdoba,36631.0,19.75034806584587,True,False
23162,2023,1380,1.0,250.83333333333334,7111.5,4.0,Cereté,Córdoba,37616.0,18.905518928115693,False,False
23162,2024,1373,2.0,254.92571012381646,7394.25,4.0,Cereté,Córdoba,38601.0,19.15559182404601,True,False
23168,2022,204,1.0,221.7941176470588,207.0,4.0,Chimá,Córdoba,5876.0,3.5228046289993196,False,False
23168,2023,199,1.0,230.95477386934672,231.0,4.0,Chimá,Córdoba,6012.0,3.842315369261477,False,False
23168,2024,150,1.0,227.61333333333334,358.5,4.0,Chimá,Córdoba,6144.0,5.8349609375,False,False
23182,2022,553,2.0,249.47377938517178,4309.75,4.0,Chinú,Córdoba,14385.0,29.960027806743135,True,False
23182,2023,660,2.0,248.8090909090909,3127.75,4.0,Chinú,Córdoba,14658.0,21.33817710465275,True,False
23182,2024,618,2.0,254.59223300970874,2189.5,4.0,Chinú,Córdoba,14932.0,14.663139566032681,True,False
23182,2025,3,1.0,210.66666666666666,2249.0,4.0,Chinú,Córdoba,15194.0,14.801895485059893,False,False
23189,2022,774,1.0,232.27260981912144,1692.5,4.0,Ciénaga de Oro,Córdoba,16893.0,10.018942757355118,False,False
23189,2023,739,1.0,236.71177266576456,1445.0,4.0,Ciénaga de Oro,Córdoba,17164.0,8.41878350034957,False,False
23189,2024,710,1.0,242.9943661971831,1378.75,4.0,Ciénaga de Oro,Córdoba,17429.0,7.91066613116071,False,False
23300,2022,187,1.0,221.66310160427807,180.0,4.0,Cotorra,Córdoba,6668.0,2.699460107978404,False,False
23300,2023,177,1.0,225.63841807909606,270.5,4.0,Cotorra,Córdoba,6844.0,3.9523670368205726,False,False
23300,2024,171,1.0,230.1169590643275,386.5,4.0,Cotorra,Córdoba,7012.0,5.511979463776384,False,False
23350,2022,149,1.0,236.8255033557047,2147.75,4.0,La Apartada,Córdoba,4574.0,46.955618714473104,False,False
23350,2023,168,1.0,238.61309523809524,1280.75,4.0,La Apartada,Córdoba,4671.0,27.419182187968318,False,False
23350,2024,191,1.0,236.79057591623035,494.5,4.0,La Apartada,Córdoba,4774.0,10.358190196899875,False,False
23417,2022,1605,1.0,233.71526479750779,4306.5,4.0,Lorica,Córdoba,37543.0,11.47084676237914,False,False
23417,2023,1689,1.0,237.87862640615748,3357.5,4.0,Lorica,Córdoba,38064.0,8.82067044976881,False,False
23417,2024,1591,1.0,243.14896291640477,2185.25,4.0,Lorica,Córdoba,38585.0,5.663470260463911,False,False
23419,2022,205,1.0,215.14634146341464,138.5,4.0,Los Córdobas,Córdoba,6177.0,2.2421887647725436,False,False
23419,2023,213,1.0,220.51643192488262,124.0,4.0,Los Córdobas,Córdoba,6244.0,1.9859064702114029,False,False
23419,2024,185,1.0,225.14054054054054,100.75,4.0,Los Córdobas,Córdoba,6303.0,1.5984451848326193,False,False
23464,2022,270,1.0,229.5185185185185,844.5,4.0,Momil,Córdoba,6856.0,12.317677946324388,False,False
23464,2023,222,1.0,227.2882882882883,554.0,4.0,Momil,Córdoba,7018.0,7.893986890852095,False,False
23464,2024,192,1.0,237.0,140.75,4.0,Momil,Córdoba,7181.0,1.960033421529035,False,False
23466,2022,1146,2.0,243.38394415357766,3055.25,4.0,Montelíbano,Córdoba,27453.0,11.129020507776929,True,False
23466,2023,1154,2.0,247.9844020797227,2903.25,4.0,Montelíbano,Córdoba,27939.0,10.391388381831849,True,False
23466,2024,1141,2.0,250.40490797546013,1752.75,4.0,Montelíbano,Córdoba,28420.0,6.167311752287122,True,False
23466,2025,31,1.0,211.0,3597.25,4.0,Montelíbano,Córdoba,28876.0,12.457577226762709,False,False
23500,2022,375,1.0,227.29866666666666,621.75,4.0,Moñitos,Córdoba,9645.0,6.446345256609643,False,False
23500,2023,341,1.0,225.8357771260997,400.0,4.0,Moñitos,Córdoba,9844.0,4.063388866314506,False,False
23500,2024,327,1.0,231.37003058103974,21.25,4.0,Moñitos,Córdoba,10039.0,0.21167446956868213,False,False
23555,2022,998,1.0,230.24749498997997,3224.5,4.0,Planeta Rica,Córdoba,18419.0,17.50637928226288,False,False
23555,2023,983,1.0,235.66022380467956,4406.75,4.0,Planeta Rica,Córdoba,18644.0,23.636290495601802,False,False
23555,2024,944,1.0,233.11864406779662,4642.25,4.0,Planeta Rica,Córdoba,18867.0,24.605130651401918,False,False
23570,2022,405,1.0,231.48888888888888,2391.0,4.0,Pueblo Nuevo,Córdoba,11459.0,20.865695086831312,False,False
23570,2023,437,1.0,230.27231121281466,1559.0,4.0,Pueblo Nuevo,Córdoba,11650.0,13.381974248927039,False,False
23570,2024,372,1.0,237.64247311827958,597.25,4.0,Pueblo Nuevo,Córdoba,11838.0,5.045193444838655,False,False
23574,2022,297,1.0,221.68350168350167,213.5,4.0,Puerto Escondido,Córdoba,6759.0,3.158751294570203,False,False
23574,2023,338,1.0,222.0473372781065,102.25,4.0,Puerto Escondido,Córdoba,6857.0,1.49117689951874,False,False
23574,2024,259,1.0,222.05791505791507,14.0,4.0,Puerto Escondido,Córdoba,6940.0,0.20172910662824206,False,False
23580,2022,545,1.0,223.42935779816514,451.75,4.0,Puerto Libertador,Córdoba,14320.0,3.1546787709497206,False,False
23580,2023,531,1.0,223.25800376647834,681.75,4.0,Puerto Libertador,Córdoba,14616.0,4.664408866995074,False,False
23580,2024,485,1.0,226.36494845360824,401.5,4.0,Puerto Libertador,Córdoba,14914.0,2.6921013812525145,False,False
23586,2022,249,1.0,220.13253012048193,450.0,4.0,Purísima de La Concepción,Córdoba,5455.0,8.249312557286894,False,False
23586,2023,216,1.0,222.9537037037037,277.0,4.0,Purísima de La Concepción,Córdoba,5573.0,4.9703929660864885,False,False
23586,2024,214,1.0,224.32242990654206,219.5,4.0,Purísima de La Concepción,Córdoba,5699.0,3.851552904018249,False,False
23660,2022,1371,1.0,250.1969365426696,5041.75,4.0,Sahagún,Córdoba,35263.0,14.297564018943367,False,False
23660,2023,1327,1.0,256.3624717407686,4126.5,4.0,Sahagún,Córdoba,36058.0,11.444062344001331,False,False
23660,2024,1445,1.0,257.8449826989619,4055.0,4.0,Sahagún,Córdoba,36847.0,11.004966483024397,False,False
23670,2022,754,1.0,210.4655172413793,622.75,4.0,San Andrés de Sotavento,Córdoba,13997.0,4.449167678788312,False,False
23670,2023,717,1.0,217.884239888424,586.75,4.0,San Andrés de Sotavento,Córdoba,14243.0,4.119567506845468,False,False
23670,2024,616,1.0,219.81006493506493,798.25,4.0,San Andrés de Sotavento,Córdoba,14492.0,5.508211426994204,False,False
23672,2022,363,1.0,217.9504132231405,3150.0,4.0,San Antero,Córdoba,11614.0,27.1224384363699,False,False
23672,2023,336,1.0,223.77083333333334,2297.5,4.0,San Antero,Córdoba,11927.0,19.26301668483273,False,False
23672,2024,302,1.0,226.32450331125827,1204.25,4.0,San Antero,Córdoba,12249.0,9.831414809372193,False,False
23675,2022,468,1.0,229.24358974358975,244.75,4.0,San Bernardo del Viento,Córdoba,12233.0,2.0007357148696148,False,False
23675,2023,489,1.0,230.74846625766872,176.5,4.0,San Bernardo del Viento,Córdoba,12494.0,1.412678085481031,False,False
23675,2024,474,2.0,232.63713080168776,85.0,4.0,San Bernardo del Viento,Córdoba,12768.0,0.6657268170426065,True,False
23678,2022,317,1.0,217.0410094637224,141.25,4.0,San Carlos,Córdoba,8674.0,1.6284297901775422,False,False
23678,2023,310,1.0,220.0741935483871,65.0,4.0,San Carlos,Córdoba,8819.0,0.7370450164417734,False,False
23678,2024,309,1.0,223.0809061488673,70.0,4.0,San Carlos,Córdoba,8968.0,0.7805530776092774,False,False
23682,2022,112,1.0,204.72321428571428,636.5,4.0,San José de Uré,Córdoba,4414.0,14.420027186225646,False,False
23682,2023,101,1.0,213.84158415841586,451.5,4.0,San José de Uré,Córdoba,4544.0,9.93617957746479,False,False
23682,2024,131,1.0,217.5114503816794,188.5,4.0,San José de Uré,Córdoba,4667.0,4.03899721448468,False,False
23686,2022,551,2.0,234.0852994555354,938.5,4.0,San Pelayo,Córdoba,19993.0,4.694142950032512,True,False
23686,2023,516,1.0,238.98643410852713,656.5,4.0,San Pelayo,Córdoba,20477.0,3.2060360404356105,False,False
23686,2024,493,1.0,247.9655172413793,731.5,4.0,San Pelayo,Córdoba,20953.0,3.4911468524793583,False,False
23807,2022,1191,1.0,233.4349286314022,8001.75,4.0,Tierralta,Córdoba,25739.0,31.08803760829869,False,False
23807,2023,1278,1.0,230.67605633802816,6021.75,4.0,Tierralta,Córdoba,26282.0,22.912069096720188,False,False
23807,2024,1290,2.0,236.5937984496124,3771.75,4.0,Tierralta,Córdoba,26812.0,14.067395196180815,True,False
23807,2025,13,1.0,216.15384615384616,3927.0,4.0,Tierralta,Córdoba,27327.0,14.370402898232518,False,False
23815,2022,532,1.0,213.77067669172934,684.5,4.0,Tuchín,Córdoba,15826.0,4.325161127258941,False,False
23815,2023,581,1.0,212.76764199655767,419.5,4.0,Tuchín,Córdoba,16260.0,2.579950799507995,False,False
23815,2024,506,1.0,226.4584980237154,153.5,4.0,Tuchín,Córdoba,16694.0,0.9194920330657721,False,False
23855,2022,536,1.0,218.37686567164178,2419.0,4.0,Valencia,Córdoba,12071.0,20.039764725374866,False,False
23855,2023,537,1.0,225.81005586592178,1870.5,4.0,Valencia,Córdoba,12199.0,15.333224034756949,False,False
23855,2024,499,1.0,226.5370741482966,1171.25,4.0,Valencia,Córdoba,12326.0,9.502271620963816,False,False
25001,2022,105,1.0,248.72380952380954,102.25,4.0,Agua de Dios,Cundinamarca,4632.0,2.207469775474957,False,False
25001,2023,107,1.0,249.7196261682243,59.25,4.0,Agua de Dios,Cundinamarca,4677.0,1.2668377164849263,False,False
25001,2024,113,1.0,245.34513274336283,776.0,4.0,Agua de Dios,Cundinamarca,4727.0,16.41633171144489,False,False
25019,2022,42,1.0,257.4761904761905,313.25,4.0,Albán,Cundinamarca,2410.0,12.997925311203321,False,False
25019,2023,47,1.0,247.89361702127658,416.25,4.0,Albán,Cundinamarca,2463.0,16.90012180267966,False,False
25019,2024,63,1.0,246.4920634920635,827.25,4.0,Albán,Cundinamarca,2501.0,33.07676929228309,False,False
25035,2022,141,1.0,253.1418439716312,1520.0,4.0,Anapoima,Cundinamarca,6066.0,25.057698648203097,False,False
25035,2023,186,1.0,247.8978494623656,2480.75,4.0,Anapoima,Cundinamarca,6246.0,39.71741914825488,False,False
25035,2024,170,1.0,259.77647058823527,2557.75,4.0,Anapoima,Cundinamarca,6447.0,39.673491546455715,False,False
25040,2022,166,1.0,265.4879518072289,940.75,4.0,Anolaima,Cundinamarca,5883.0,15.99099099099099,False,False
25040,2023,143,1.0,261.25174825174827,1754.75,4.0,Anolaima,Cundinamarca,5968.0,29.40264745308311,False,False
25040,2024,171,1.0,264.6432748538012,1956.75,4.0,Anolaima,Cundinamarca,6066.0,32.25766567754698,False,False
25053,2022,115,1.0,259.09565217391304,567.5,4.0,Arbeláez,Cundinamarca,3813.0,14.883293994230264,False,False
25053,2023,127,1.0,260.23622047244095,348.0,4.0,Arbeláez,Cundinamarca,3829.0,9.088534865500131,False,False
25053,2024,122,1.0,251.86065573770492,307.75,4.0,Arbeláez,Cundinamarca,3847.0,7.999740057187418,False,False
25086,2022,19,1.0,236.68421052631578,40.75,4.0,Beltrán,Cundinamarca,703.0,5.796586059743954,False,False
25086,2023,20,1.0,229.1,69.5,4.0,Beltrán,Cundinamarca,706.0,9.844192634560907,False,False
25086,2024,19,1.0,221.89473684210526,58.75,4.0,Beltrán,Cundinamarca,718.0,8.182451253481894,False,False
25095,2022,24,1.0,263.25,3.0,4.0,Bituima,Cundinamarca,1034.0,0.2901353965183753,False,False
25095,2023,31,1.0,258.3225806451613,2.0,4.0,Bituima,Cundinamarca,1031.0,0.19398642095053348,False,False
25095,2024,32,1.0,252.40625,1.0,4.0,Bituima,Cundinamarca,1048.0,0.09541984732824427,False,False
25099,2022,121,1.0,246.55371900826447,457.5,4.0,Bojacá,Cundinamarca,3355.0,13.636363636363635,False,False
25099,2023,128,1.0,252.1015625,328.5,4.0,Bojacá,Cundinamarca,3429.0,9.580052493438322,False,False
25099,2024,136,1.0,259.61764705882354,1274.0,4.0,Bojacá,Cundinamarca,3497.0,36.43122676579926,False,False
25120,2022,55,1.0,232.98181818181817,35.25,4.0,Cabrera,Cundinamarca,1588.0,2.2197732997481108,False,False
25120,2023,58,1.0,232.79310344827587,28.0,4.0,Cabrera,Cundinamarca,1615.0,1.7337461300309598,False,False
25120,2024,61,1.0,235.49180327868854,23.25,4.0,Cabrera,Cundinamarca,1631.0,1.4255058246474555,False,False
25123,2022,76,1.0,238.47368421052633,225.0,4.0,Cachipay,Cundinamarca,4034.0,5.577590480912246,False,False
25123,2023,101,1.0,238.72277227722773,702.75,4.0,Cachipay,Cundinamarca,4082.0,17.215825575698187,False,False
25123,2024,103,1.0,241.6504854368932,958.25,4.0,Cachipay,Cundinamarca,4138.0,23.15732237796037,False,False
25126,2022,1061,2.0,280.9114043355325,27373.25,4.0,Cajicá,Cundinamarca,36519.0,74.95618719022974,True,False
25126,2023,1139,2.0,284.02194907813873,28769.0,4.0,Cajicá,Cundinamarca,38238.0,75.2366755583451,True,False
25126,2024,1177,2.0,285.2395921835174,32385.5,4.0,Cajicá,Cundinamarca,40032.0,80.8990307753797,True,False
25126,2025,162,1.0,329.41975308641975,33512.25,4.0,Cajicá,Cundinamarca,41808.0,80.15750574052812,False,False
25148,2022,133,1.0,246.0300751879699,833.0,4.0,Caparrapí,Cundinamarca,4882.0,17.062679229823843,False,False
25148,2023,127,1.0,242.68503937007873,859.25,4.0,Caparrapí,Cundinamarca,4834.0,17.775134464211835,False,False
25148,2024,127,1.0,246.6771653543307,1390.25,4.0,Caparrapí,Cundinamarca,4792.0,29.011894824707845,False,False
25151,2022,206,1.0,252.5728155339806,1777.0,4.0,Cáqueza,Cundinamarca,6494.0,27.363720357252845,False,False
25151,2023,200,1.0,256.29,2230.25,4.0,Cáqueza,Cundinamarca,6601.0,33.78654749280412,False,False
25151,2024,223,1.0,262.32286995515693,2402.25,4.0,Cáqueza,Cundinamarca,6725.0,35.721189591078065,False,False
25154,2022,85,1.0,239.56470588235294,102.25,4.0,Carmen de Carupa,Cundinamarca,2611.0,3.916124090386825,False,False
25154,2023,83,1.0,250.0120481927711,155.25,4.0,Carmen de Carupa,Cundinamarca,2642.0,5.876230128690386,False,False
25154,2024,94,1.0,256.1808510638298,172.0,4.0,Carmen de Carupa,Cundinamarca,2673.0,6.434717545828657,False,False
25168,2022,19,1.0,259.7368421052632,7.5,4.0,Chaguaní,Cundinamarca,1754.0,0.42759407069555305,False,False
25168,2023,33,1.0,257.8181818181818,3.0,4.0,Chaguaní,Cundinamarca,1772.0,0.16930022573363432,False,False
25168,2024,47,1.0,235.5744680851064,52.75,4.0,Chaguaní,Cundinamarca,1801.0,2.9289283731260407,False,False
25175,2022,2148,2.0,281.0498137802607,39193.0,4.0,Chía,Cundinamarca,55176.0,71.03269537480064,True,False
25175,2023,2313,2.0,284.7985300475573,43548.75,4.0,Chía,Cundinamarca,57171.0,76.17279739728184,True,False
25175,2024,2418,2.0,284.50827129859385,46486.75,4.0,Chía,Cundinamarca,59262.0,78.44276264722757,True,False
25175,2025,385,1.0,292.2779220779221,46913.5,4.0,Chía,Cundinamarca,61365.0,76.4499307422798,False,False
25178,2022,85,1.0,269.0352941176471,216.75,4.0,Chipaque,Cundinamarca,3323.0,6.5227204333433635,False,False
25178,2023,84,1.0,279.67857142857144,527.5,4.0,Chipaque,Cundinamarca,3373.0,15.638897124221762,False,False
25178,2024,94,1.0,276.0851063829787,435.0,4.0,Chipaque,Cundinamarca,3439.0,12.649025879616168,False,False
25181,2022,155,1.0,266.2258064516129,694.25,4.0,Choachí,Cundinamarca,3933.0,17.651919654207983,False,False
25181,2023,162,1.0,263.8703703703704,336.0,4.0,Choachí,Cundinamarca,3982.0,8.437970868910096,False,False
25181,2024,153,1.0,266.60130718954247,348.25,4.0,Choachí,Cundinamarca,4036.0,8.628592666005947,False,False
25183,2022,244,1.0,261.92622950819674,1399.0,4.0,Chocontá,Cundinamarca,6687.0,20.92119036937341,False,False
25183,2023,253,1.0,263.1185770750988,1784.0,4.0,Chocontá,Cundinamarca,6796.0,26.250735726898178,False,False
25183,2024,274,1.0,267.3905109489051,2702.0,4.0,Chocontá,Cundinamarca,6909.0,39.10840932117528,False,False
25200,2022,309,1.0,264.53721682847896,2064.5,4.0,Cogua,Cundinamarca,7635.0,27.039947609692206,False,False
25200,2023,362,1.0,268.3370165745856,1989.0,4.0,Cogua,Cundinamarca,7842.0,25.363427697016068,False,False
25200,2024,322,1.0,261.2919254658385,1982.25,4.0,Cogua,Cundinamarca,8062.0,24.587571322252543,False,False
25214,2022,1018,2.0,306.2662082514735,8500.5,4.0,Cota,Cundinamarca,13564.0,62.66956649955765,True,False
25214,2023,964,2.0,305.12759336099583,9051.0,4.0,Cota,Cundinamarca,14137.0,64.02348447336776,True,False
25214,2024,948,2.0,307.8565400843882,10275.5,4.0,Cota,Cundinamarca,14732.0,69.74952484387728,True,False
25214,2025,140,1.0,333.8071428571429,9101.5,4.0,Cota,Cundinamarca,15321.0,59.40539129299655,False,False
25224,2022,84,1.0,249.5,58.75,4.0,Cucunubá,Cundinamarca,2442.0,2.405814905814906,False,False
25224,2023,95,1.0,250.53684210526316,327.25,4.0,Cucunubá,Cundinamarca,2497.0,13.105726872246695,False,False
25224,2024,116,1.0,247.20689655172413,843.0,4.0,Cucunubá,Cundinamarca,2549.0,33.07179285994508,False,False
25245,2022,261,1.0,245.27586206896552,923.25,4.0,El Colegio,Cundinamarca,10749.0,8.589171085682388,False,False
25245,2023,291,1.0,249.9553264604811,2172.75,4.0,El Colegio,Cundinamarca,10998.0,19.75586470267321,False,False
25245,2024,328,1.0,254.40548780487805,2599.75,4.0,El Colegio,Cundinamarca,11273.0,23.061740441763508,False,False
25258,2022,38,1.0,258.55263157894734,102.5,4.0,El Peñón,Cundinamarca,1988.0,5.155935613682092,False,False
25258,2023,52,1.0,232.48076923076923,121.25,4.0,El Peñón,Cundinamarca,2007.0,6.041355256601894,False,False
25258,2024,62,1.0,246.61290322580646,165.25,4.0,El Peñón,Cundinamarca,2014.0,8.205064548162861,False,False
25260,2022,212,2.0,256.72641509433964,934.75,4.0,El Rosal,Cundinamarca,8661.0,10.792633645075627,True,False
25260,2023,266,2.0,261.3421052631579,2421.0,4.0,El Rosal,Cundinamarca,8974.0,26.977936260307555,True,False
25260,2024,259,2.0,261.6023166023166,3247.0,4.0,El Rosal,Cundinamarca,9293.0,34.94027762832239,True,False
25269,2022,1718,2.0,269.88766006984866,21770.75,4.0,Facatativá,Cundinamarca,51673.0,42.131770944206835,True,False
25269,2023,1837,2.0,272.5694066412629,22578.0,4.0,Facatativá,Cundinamarca,53326.0,42.33957169110752,True,False
25269,2024,1813,2.0,276.12796469939326,22615.75,4.0,Facatativá,Cundinamarca,55079.0,41.06056754843044,True,False
25269,2025,32,1.0,243.46875,27037.5,4.0,Facatativá,Cundinamarca,56845.0,47.563550004397925,False,False
25279,2022,118,1.0,256.76271186440675,88.0,4.0,Fómeque,Cundinamarca,4380.0,2.009132420091324,False,False
25279,2023,137,1.0,252.96350364963504,214.5,4.0,Fómeque,Cundinamarca,4432.0,4.839801444043322,False,False
25279,2024,156,1.0,253.94230769230768,474.0,4.0,Fómeque,Cundinamarca,4488.0,10.56149732620321,False,False
25281,2022,66,1.0,251.83333333333334,248.25,4.0,Fosca,Cundinamarca,1933.0,12.84273150543197,False,False
25281,2023,74,1.0,247.2972972972973,283.5,4.0,Fosca,Cundinamarca,1937.0,14.636035105833765,False,False
25281,2024,115,1.0,239.55652173913043,201.25,4.0,Fosca,Cundinamarca,1947.0,10.336414997431946,False,False
25286,2022,1433,2.0,266.8129797627355,22461.0,4.0,Funza,Cundinamarca,37039.0,60.64148600124193,True,False
25286,2023,1512,2.0,268.53108465608466,22874.5,4.0,Funza,Cundinamarca,38655.0,59.17604449618419,True,False
25286,2024,1505,2.0,273.45382059800664,24673.0,4.0,Funza,Cundinamarca,40366.0,61.123222513996936,True,False
25286,2025,86,1.0,232.62790697674419,26825.0,4.0,Funza,Cundinamarca,42112.0,63.69918313069909,False,False
25288,2022,84,1.0,261.20238095238096,184.0,4.0,Fúquene,Cundinamarca,1539.0,11.955815464587394,False,False
25288,2023,96,1.0,266.125,247.5,4.0,Fúquene,Cundinamarca,1559.0,15.875561257216164,False,False
25288,2024,130,1.0,271.76153846153846,268.75,4.0,Fúquene,Cundinamarca,1571.0,17.106938255887968,False,False
25290,2022,1946,2.0,260.0390544707092,35237.5,4.0,Fusagasugá,Cundinamarca,55566.0,63.415577871360185,True,False
25290,2023,2015,2.0,260.41836228287843,35941.5,4.0,Fusagasugá,Cundinamarca,57191.0,62.84467835848297,True,False
25290,2024,2046,2.0,260.2952101661779,35299.25,4.0,Fusagasugá,Cundinamarca,58940.0,59.89014251781472,True,False
25290,2025,72,1.0,230.125,37750.75,4.0,Fusagasugá,Cundinamarca,60705.0,62.18721686846224,False,False
25293,2022,43,1.0,240.32558139534885,74.75,4.0,Gachalá,Cundinamarca,1691.0,4.420461265523358,False,False
25293,2023,34,1.0,244.02941176470588,39.5,4.0,Gachalá,Cundinamarca,1704.0,2.318075117370892,False,False
25293,2024,48,1.0,254.04166666666666,28.0,4.0,Gachalá,Cundinamarca,1730.0,1.6184971098265895,False,False
25295,2022,133,1.0,261.1353383458647,2389.25,4.0,Gachancipá,Cundinamarca,6530.0,36.58882082695253,False,False
25295,2023,153,1.0,262.01960784313724,3752.5,4.0,Gachancipá,Cundinamarca,6786.0,55.29767167698202,False,False
25295,2024,192,1.0,272.8333333333333,5309.25,4.0,Gachancipá,Cundinamarca,7050.0,75.30851063829788,False,False
25297,2022,86,1.0,267.6860465116279,354.25,4.0,Gachetá,Cundinamarca,3178.0,11.146947765890497,False,False
25297,2023,107,1.0,261.6355140186916,725.5,4.0,Gachetá,Cundinamarca,3211.0,22.594207412021177,False,False
25297,2024,114,1.0,264.1929824561403,672.25,4.0,Gachetá,Cundinamarca,3255.0,20.65284178187404,False,False
25299,2022,45,1.0,247.55555555555554,257.75,4.0,Gama,Cundinamarca,1188.0,21.696127946127948,False,False
25299,2023,40,1.0,247.475,284.0,3.0,Gama,Cundinamarca,1206.0,23.548922056384743,False,False
25299,2024,40,1.0,254.3,290.75,4.0,Gama,Cundinamarca,1218.0,23.87110016420361,False,False
25307,2022,1326,2.0,249.42156862745097,22257.0,4.0,Girardot,Cundinamarca,39715.0,56.041797809391916,True,False
25307,2023,1428,2.0,251.7310924369748,21863.0,4.0,Girardot,Cundinamarca,40223.0,54.35447380851751,True,False
25307,2024,1274,2.0,254.24175824175825,24347.25,4.0,Girardot,Cundinamarca,40780.0,59.70389897008337,True,False
25307,2025,25,1.0,267.32,25719.0,4.0,Girardot,Cundinamarca,41311.0,62.2570259737116,False,False
25312,2022,72,1.0,237.11111111111111,293.0,4.0,Granada,Cundinamarca,2429.0,12.06257719226019,False,False
25312,2023,107,1.0,243.48598130841123,279.5,4.0,Granada,Cundinamarca,2479.0,11.27470754336426,False,False
25312,2024,82,1.0,249.02439024390245,341.5,4.0,Granada,Cundinamarca,2520.0,13.5515873015873,False,False
25317,2022,144,1.0,244.79861111111111,703.75,4.0,Guachetá,Cundinamarca,4961.0,14.185648054827658,False,False
25317,2023,130,1.0,243.16923076923078,634.75,4.0,Guachetá,Cundinamarca,5077.0,12.50246208390782,False,False
25317,2024,151,1.0,249.74172185430464,739.5,4.0,Guachetá,Cundinamarca,5197.0,14.229363094092745,False,False
25320,2022,299,1.0,248.09698996655518,1829.75,4.0,Guaduas,Cundinamarca,10666.0,17.15497843615226,False,False
25320,2023,365,1.0,255.013698630137,2283.25,4.0,Guaduas,Cundinamarca,10767.0,21.205999814247235,False,False
25320,2024,359,2.0,248.84958217270196,2746.0,4.0,Guaduas,Cundinamarca,10887.0,25.222742720676035,True,False
25320,2025,5,1.0,225.0,5203.5,4.0,Guaduas,Cundinamarca,10996.0,47.321753364859944,False,False
25322,2022,187,1.0,261.01604278074865,1298.25,4.0,Guasca,Cundinamarca,5567.0,23.320459852703433,False,False
25322,2023,234,1.0,253.83333333333334,1378.5,4.0,Guasca,Cundinamarca,5731.0,24.05339382306753,False,False
25322,2024,194,1.0,264.1340206185567,1647.25,4.0,Guasca,Cundinamarca,5901.0,27.914760210133878,False,False
25324,2022,22,1.0,215.27272727272728,18.0,4.0,Guataquí,Cundinamarca,1776.0,1.0135135135135136,False,False
25324,2023,31,1.0,229.6451612903226,33.0,4.0,Guataquí,Cundinamarca,1806.0,1.8272425249169437,False,False
25324,2024,24,1.0,245.95833333333334,106.0,4.0,Guataquí,Cundinamarca,1828.0,5.798687089715536,False,False
25326,2022,52,1.0,258.4423076923077,238.25,4.0,Guatavita,Cundinamarca,2140.0,11.133177570093459,False,False
25326,2023,74,1.0,263.2432432432432,231.75,4.0,Guatavita,Cundinamarca,2155.0,10.754060324825986,False,False
25326,2024,77,1.0,272.038961038961,338.25,4.0,Guatavita,Cundinamarca,2172.0,15.573204419889503,False,False
25328,2022,40,1.0,241.2,89.5,4.0,Guayabal de Síquima,Cundinamarca,1902.0,4.705573080967403,False,False
25328,2023,53,1.0,242.58490566037736,229.75,4.0,Guayabal de Síquima,Cundinamarca,1962.0,11.709989806320081,False,False
25328,2024,51,1.0,262.03921568627453,229.0,4.0,Guayabal de Síquima,Cundinamarca,2019.0,11.342248637939575,False,False
25335,2022,70,1.0,249.05714285714285,265.75,4.0,Guayabetal,Cundinamarca,2372.0,11.20362563237774,False,False
25335,2023,46,1.0,248.2826086956522,339.25,4.0,Guayabetal,Cundinamarca,2431.0,13.955162484574249,False,False
25335,2024,57,1.0,252.1578947368421,265.75,4.0,Guayabetal,Cundinamarca,2500.0,10.63,False,False
25339,2022,32,1.0,218.71875,1.0,4.0,Gutiérrez,Cundinamarca,1298.0,0.07704160246533129,False,False
25339,2023,49,1.0,230.75510204081633,2.5,4.0,Gutiérrez,Cundinamarca,1314.0,0.1902587519025875,False,False
25339,2024,34,1.0,235.2941176470588,1.75,4.0,Gutiérrez,Cundinamarca,1336.0,0.1309880239520958,False,False
25368,2022,21,1.0,220.71428571428572,29.5,4.0,Jerusalén,Cundinamarca,1101.0,2.679382379654859,False,False
25368,2023,26,1.0,231.30769230769232,51.75,4.0,Jerusalén,Cundinamarca,1100.0,4.704545454545454,False,False
25368,2024,31,1.0,250.09677419354838,57.0,4.0,Jerusalén,Cundinamarca,1097.0,5.195989061075661,False,False
25372,2022,70,1.0,237.78571428571428,90.75,4.0,Junín,Cundinamarca,1967.0,4.613624809354347,False,False
25372,2023,63,1.0,252.06349206349208,47.25,4.0,Junín,Cundinamarca,1939.0,2.436823104693141,False,False
25372,2024,56,1.0,238.19642857142858,6.0,4.0,Junín,Cundinamarca,1912.0,0.3138075313807531,False,False
25377,2022,543,2.0,297.8453038674033,7256.75,4.0,La Calera,Cundinamarca,13474.0,53.857429122754944,True,False
25377,2023,628,2.0,298.8009554140127,7252.25,4.0,La Calera,Cundinamarca,13943.0,52.013555188983716,True,False
25377,2024,596,2.0,300.03187919463085,7983.75,4.0,La Calera,Cundinamarca,14437.0,55.30061647156611,True,False
25377,2025,158,1.0,329.5,8230.75,4.0,La Calera,Cundinamarca,14935.0,55.11047874121192,False,False
25386,2022,348,2.0,265.3534482758621,3331.25,4.0,La Mesa,Cundinamarca,13949.0,23.881640260950608,True,False
25386,2023,385,2.0,271.85194805194806,4519.75,4.0,La Mesa,Cundinamarca,14320.0,31.5625,True,False
25386,2024,400,2.0,267.835,4321.0,4.0,La Mesa,Cundinamarca,14715.0,29.364593951749917,True,False
25386,2025,19,1.0,233.6315789473684,5023.25,4.0,La Mesa,Cundinamarca,15105.0,33.255544521681564,False,False
25394,2022,111,1.0,238.72072072072072,306.25,4.0,La Palma,Cundinamarca,3950.0,7.753164556962025,False,False
25394,2023,118,1.0,237.58474576271186,372.75,4.0,La Palma,Cundinamarca,3986.0,9.351480180632214,False,False
25394,2024,123,1.0,232.2439024390244,488.5,4.0,La Palma,Cundinamarca,4031.0,12.118580997271149,False,False
25398,2022,56,1.0,234.14285714285714,10.75,4.0,La Peña,Cundinamarca,2391.0,0.44960267670430787,False,False
25398,2023,60,1.0,250.55,9.25,4.0,La Peña,Cundinamarca,2412.0,0.38349917081260365,False,False
25398,2024,66,1.0,245.3939393939394,9.25,4.0,La Peña,Cundinamarca,2446.0,0.3781684382665576,False,False
25402,2022,176,1.0,261.48295454545456,1794.5,4.0,La Vega,Cundinamarca,6474.0,27.718566573988262,False,False
25402,2023,211,1.0,249.0616113744076,1878.25,4.0,La Vega,Cundinamarca,6633.0,28.316749585406303,False,False
25402,2024,229,1.0,248.0349344978166,2108.75,4.0,La Vega,Cundinamarca,6794.0,31.03841624963203,False,False
25407,2022,75,1.0,260.25333333333333,163.0,4.0,Lenguazaque,Cundinamarca,3258.0,5.003069367710252,False,False
25407,2023,130,1.0,256.4846153846154,232.5,4.0,Lenguazaque,Cundinamarca,3307.0,7.03054127608104,False,False
25407,2024,142,1.0,252.19718309859155,273.25,4.0,Lenguazaque,Cundinamarca,3371.0,8.105903292791456,False,False
25426,2022,71,1.0,260.07042253521126,64.0,4.0,Machetá,Cundinamarca,2382.0,2.686817800167926,False,False
25426,2023,71,1.0,268.46478873239437,341.5,4.0,Machetá,Cundinamarca,2407.0,14.18778562525966,False,False
25426,2024,70,1.0,259.72857142857146,160.5,4.0,Machetá,Cundinamarca,2440.0,6.577868852459017,False,False
25430,2022,1274,1.0,268.2103610675039,38584.25,4.0,Madrid,Cundinamarca,43205.0,89.30505728503645,False,False
25430,2023,1533,1.0,270.5316373124592,37526.5,4.0,Madrid,Cundinamarca,44975.0,83.43857698721511,False,False
25430,2024,1512,2.0,274.28108465608466,42113.0,4.0,Madrid,Cundinamarca,46804.0,89.9773523630459,True,False
25430,2025,24,1.0,233.125,46100.75,4.0,Madrid,Cundinamarca,48607.0,94.8438496512848,False,False
25436,2022,46,1.0,247.93478260869566,90.5,4.0,Manta,Cundinamarca,1499.0,6.037358238825884,False,False
25436,2023,45,1.0,246.55555555555554,925.0,4.0,Manta,Cundinamarca,1495.0,61.87290969899666,False,False
25436,2024,29,1.0,254.75862068965517,699.0,4.0,Manta,Cundinamarca,1491.0,46.88128772635815,False,False
25438,2022,71,1.0,258.0,196.25,4.0,Medina,Cundinamarca,3224.0,6.087158808933003,False,False
25438,2023,99,2.0,250.58585858585857,322.75,4.0,Medina,Cundinamarca,3274.0,9.857971899816738,True,False
25438,2024,108,1.0,251.41666666666666,432.5,4.0,Medina,Cundinamarca,3315.0,13.046757164404225,False,False
25473,2022,1724,2.0,277.95011600928075,37924.75,4.0,Mosquera,Cundinamarca,52739.0,71.91025616716283,True,False
25473,2023,1791,1.0,276.88274706867674,38540.75,4.0,Mosquera,Cundinamarca,55415.0,69.54930975367681,False,False
25473,2024,1811,2.0,278.5207067918277,41340.75,4.0,Mosquera,Cundinamarca,58182.0,71.05419201814995,True,False
25473,2025,12,1.0,208.83333333333334,44821.5,4.0,Mosquera,Cundinamarca,60935.0,73.55624846147533,False,False
25483,2022,23,1.0,238.30434782608697,10.0,4.0,Nariño,Cundinamarca,1025.0,0.975609756097561,False,False
25483,2023,26,1.0,223.6153846153846,41.5,4.0,Nariño,Cundinamarca,1036.0,4.005791505791506,False,False
25483,2024,19,1.0,248.8421052631579,111.0,4.0,Nariño,Cundinamarca,1056.0,10.511363636363637,False,False
25486,2022,163,1.0,250.09815950920245,1441.0,4.0,Nemocón,Cundinamarca,4815.0,29.92731048805815,False,False
25486,2023,166,1.0,255.7289156626506,1666.75,4.0,Nemocón,Cundinamarca,4936.0,33.76722042139384,False,False
25486,2024,183,1.0,259.3169398907104,2468.25,4.0,Nemocón,Cundinamarca,5069.0,48.69303610179523,False,False
25488,2022,91,1.0,260.7802197802198,346.75,4.0,Nilo,Cundinamarca,3081.0,11.254462836741318,False,False
25488,2023,98,1.0,266.0612244897959,346.25,4.0,Nilo,Cundinamarca,3138.0,11.034098151688974,False,False
25488,2024,99,1.0,270.80808080808083,474.5,4.0,Nilo,Cundinamarca,3194.0,14.855979962429554,False,False
25489,2022,39,1.0,221.46153846153845,31.0,4.0,Nimaima,Cundinamarca,1608.0,1.9278606965174128,False,False
25489,2023,39,1.0,235.5897435897436,32.75,4.0,Nimaima,Cundinamarca,1627.0,2.0129071911493543,False,False
25489,2024,32,1.0,244.375,45.25,4.0,Nimaima,Cundinamarca,1649.0,2.7440873256519103,False,False
25491,2022,46,1.0,257.0869565217391,240.5,4.0,Nocaima,Cundinamarca,2298.0,10.46562228024369,False,False
25491,2023,59,1.0,262.728813559322,73.75,4.0,Nocaima,Cundinamarca,2294.0,3.2149084568439408,False,False
25491,2024,52,1.0,247.80769230769232,61.0,4.0,Nocaima,Cundinamarca,2280.0,2.675438596491228,False,False
25506,2022,63,1.0,250.23809523809524,2.25,4.0,Venecia,Cundinamarca,1667.0,0.1349730053989202,False,False
25506,2023,60,1.0,259.21666666666664,1.0,4.0,Venecia,Cundinamarca,1691.0,0.05913660555884093,False,False
25513,2022,316,2.0,251.53481012658227,3899.5,4.0,Pacho,Cundinamarca,9501.0,41.04304810019998,True,False
25513,2023,324,1.0,249.8148148148148,4147.5,4.0,Pacho,Cundinamarca,9586.0,43.26622157312748,False,False
25513,2024,323,1.0,254.39938080495355,4581.0,4.0,Pacho,Cundinamarca,9700.0,47.22680412371134,False,False
25518,2022,34,1.0,231.55882352941177,8.0,4.0,Paime,Cundinamarca,1491.0,0.5365526492287056,False,False
25518,2023,49,1.0,244.73469387755102,2.0,4.0,Paime,Cundinamarca,1485.0,0.13468013468013468,False,False
25518,2024,45,1.0,232.46666666666667,2.25,4.0,Paime,Cundinamarca,1475.0,0.15254237288135594,False,False
25524,2022,68,1.0,234.60294117647058,365.25,4.0,Pandi,Cundinamarca,1876.0,19.46961620469083,False,False
25524,2023,52,1.0,246.44230769230768,410.5,4.0,Pandi,Cundinamarca,1890.0,21.719576719576718,False,False
25524,2024,53,1.0,246.75471698113208,376.25,4.0,Pandi,Cundinamarca,1907.0,19.729942317776615,False,False
25530,2022,70,1.0,243.37142857142857,126.5,4.0,Paratebueno,Cundinamarca,2914.0,4.341111873713109,False,False
25530,2023,113,1.0,248.90265486725664,166.75,4.0,Paratebueno,Cundinamarca,2953.0,5.646799864544531,False,False
25530,2024,99,1.0,246.62626262626262,221.5,4.0,Paratebueno,Cundinamarca,3005.0,7.371048252911813,False,False
25535,2022,135,1.0,252.7037037037037,341.25,4.0,Pasca,Cundinamarca,3147.0,10.843660629170639,False,False
25535,2023,187,1.0,257.572192513369,188.0,4.0,Pasca,Cundinamarca,3177.0,5.917532263141329,False,False
25535,2024,167,1.0,257.0479041916168,370.75,4.0,Pasca,Cundinamarca,3226.0,11.492560446373218,False,False
25572,2022,174,1.0,255.94827586206895,637.75,4.0,Puerto Salgar,Cundinamarca,5296.0,12.042107250755286,False,False
25572,2023,196,1.0,260.8061224489796,2047.5,4.0,Puerto Salgar,Cundinamarca,5352.0,38.256726457399104,False,False
25572,2024,182,2.0,260.1208791208791,2305.75,4.0,Puerto Salgar,Cundinamarca,5423.0,42.517978978425226,True,False
25580,2022,29,1.0,223.75862068965517,20.25,4.0,Pulí,Cundinamarca,1424.0,1.4220505617977528,False,False
25580,2023,26,1.0,242.76923076923077,36.25,4.0,Pulí,Cundinamarca,1449.0,2.5017253278122844,False,False
25580,2024,34,2.0,234.05882352941177,54.0,4.0,Pulí,Cundinamarca,1487.0,3.63147276395427,True,False
25592,2022,49,1.0,260.0612244897959,106.25,4.0,Quebradanegra,Cundinamarca,1859.0,5.7154384077461,False,False
25592,2023,60,1.0,250.11666666666667,94.75,4.0,Quebradanegra,Cundinamarca,1886.0,5.0238600212089075,False,False
25592,2024,51,1.0,266.15686274509807,441.0,4.0,Quebradanegra,Cundinamarca,1912.0,23.064853556485357,False,False
25594,2022,116,1.0,245.00862068965517,134.25,4.0,Quetame,Cundinamarca,1791.0,7.4958123953098825,False,False
25594,2023,101,1.0,238.74257425742573,169.0,4.0,Quetame,Cundinamarca,1809.0,9.342177998894417,False,False
25594,2024,118,1.0,253.65254237288136,47.0,4.0,Quetame,Cundinamarca,1828.0,2.5711159737417946,False,False
25596,2022,67,1.0,236.98507462686567,19.25,4.0,Quipile,Cundinamarca,2427.0,0.7931602801812938,False,False
25596,2023,67,1.0,244.71641791044777,12.25,4.0,Quipile,Cundinamarca,2407.0,0.5089322808475281,False,False
25596,2024,57,1.0,246.26315789473685,44.25,4.0,Quipile,Cundinamarca,2391.0,1.8506900878293602,False,False
25599,2022,58,1.0,220.75862068965517,532.75,4.0,Apulo,Cundinamarca,3309.0,16.100030220610456,False,False
25599,2023,69,1.0,227.91304347826087,713.0,4.0,Apulo,Cundinamarca,3354.0,21.25819916517591,False,False
25599,2024,69,1.0,231.8695652173913,856.25,4.0,Apulo,Cundinamarca,3415.0,25.073206442166914,False,False
25612,2022,97,1.0,217.83505154639175,3844.25,4.0,Ricaurte,Cundinamarca,6416.0,59.91661471321695,False,False
25612,2023,95,1.0,228.78947368421052,4042.0,4.0,Ricaurte,Cundinamarca,6628.0,60.983705491852746,False,False
25612,2024,77,1.0,248.75324675324674,4102.0,4.0,Ricaurte,Cundinamarca,6845.0,59.92695398100803,False,False
25645,2022,116,1.0,269.2758620689655,344.25,4.0,San Antonio del Tequendama,Cundinamarca,4813.0,7.152503635985871,False,False
25645,2023,114,1.0,259.7543859649123,405.25,4.0,San Antonio del Tequendama,Cundinamarca,4875.0,8.312820512820512,False,False
25645,2024,118,1.0,264.41525423728814,609.5,4.0,San Antonio del Tequendama,Cundinamarca,4933.0,12.355564565173323,False,False
25649,2022,133,1.0,236.78947368421052,46.5,4.0,San Bernardo,Cundinamarca,3188.0,1.458594730238394,False,False
25649,2023,131,1.0,244.17557251908397,4.333333333333333,3.0,San Bernardo,Cundinamarca,3232.0,0.13407590759075907,False,False
25649,2024,106,1.0,251.97169811320754,18.25,4.0,San Bernardo,Cundinamarca,3274.0,0.5574221136224802,False,False
25653,2022,65,1.0,229.90769230769232,46.25,4.0,San Cayetano,Cundinamarca,1817.0,2.5454045129334064,False,False
25653,2023,73,1.0,226.97260273972603,49.75,4.0,San Cayetano,Cundinamarca,1824.0,2.7275219298245617,False,False
25653,2024,54,1.0,233.2037037037037,40.5,4.0,San Cayetano,Cundinamarca,1850.0,2.189189189189189,False,False
25658,2022,117,1.0,246.47863247863248,1323.5,4.0,San Francisco,Cundinamarca,4449.0,29.748258035513597,False,False
25658,2023,114,1.0,239.62280701754386,1284.5,4.0,San Francisco,Cundinamarca,4594.0,27.960383108402265,False,False
25658,2024,80,1.0,245.55,1230.25,4.0,San Francisco,Cundinamarca,4757.0,25.86188774437671,False,False
25662,2022,100,1.0,245.64,134.0,4.0,San Juan de Rioseco,Cundinamarca,3183.0,4.209864907320139,False,False
25662,2023,98,1.0,247.59183673469389,174.0,4.0,San Juan de Rioseco,Cundinamarca,3216.0,5.410447761194029,False,False
25662,2024,104,1.0,244.15384615384616,157.0,4.0,San Juan de Rioseco,Cundinamarca,3267.0,4.805632078359351,False,False
25718,2022,138,1.0,246.731884057971,1530.25,4.0,Sasaima,Cundinamarca,4306.0,35.53762192289828,False,False
25718,2023,155,1.0,243.61290322580646,1835.25,4.0,Sasaima,Cundinamarca,4364.0,42.05430797433547,False,False
25718,2024,191,1.0,246.3717277486911,1235.0,4.0,Sasaima,Cundinamarca,4451.0,27.746573803639627,False,False
25736,2022,136,1.0,261.3897058823529,1146.5,4.0,Sesquilé,Cundinamarca,3908.0,29.337256908904813,False,False
25736,2023,156,1.0,259.8205128205128,1602.75,4.0,Sesquilé,Cundinamarca,4003.0,40.03872095928054,False,False
25736,2024,211,1.0,256.98578199052133,1931.0,4.0,Sesquilé,Cundinamarca,4111.0,46.97153977134517,False,False
25740,2022,446,1.0,253.41928251121075,6027.0,4.0,Sibaté,Cundinamarca,13228.0,45.56244330208648,False,False
25740,2023,433,1.0,259.9376443418014,7656.25,4.0,Sibaté,Cundinamarca,13472.0,56.83083432304038,False,False
25740,2024,523,1.0,255.67495219885276,7932.25,4.0,Sibaté,Cundinamarca,13716.0,57.83209390492855,False,False
25743,2022,268,2.0,239.1044776119403,1978.5,4.0,Silvania,Cundinamarca,8217.0,24.07813070463673,True,False
25743,2023,262,1.0,238.8206106870229,1552.75,4.0,Silvania,Cundinamarca,8322.0,18.658375390531123,False,False
25743,2024,298,1.0,246.43624161073825,1712.75,4.0,Silvania,Cundinamarca,8438.0,20.29805641147191,False,False
25745,2022,169,1.0,263.1952662721894,1907.25,4.0,Simijaca,Cundinamarca,4803.0,39.70955652717052,False,False
25745,2023,194,1.0,263.74226804123714,2006.25,4.0,Simijaca,Cundinamarca,4910.0,40.86048879837067,False,False
25745,2024,188,1.0,260.47340425531917,2200.0,4.0,Simijaca,Cundinamarca,5029.0,43.746271624577446,False,False
25754,2022,8134,2.0,257.75165970002456,157746.25,4.0,Soacha,Cundinamarca,260968.0,60.446587321050856,True,False
25754,2023,8432,2.0,259.2743121442125,167459.75,4.0,Soacha,Cundinamarca,272760.0,61.394540988414725,True,False
25754,2024,8461,2.0,262.45254698026235,171828.75,4.0,Soacha,Cundinamarca,285124.0,60.2645690997601,True,False
25754,2025,100,1.0,232.47,186097.5,4.0,Soacha,Cundinamarca,297607.0,62.53129126667047,False,False
25758,2022,310,2.0,277.2258064516129,3918.75,4.0,Sopó,Cundinamarca,10111.0,38.757294036198196,True,False
25758,2023,362,2.0,279.6740331491713,4214.75,4.0,Sopó,Cundinamarca,10405.0,40.50696780394041,True,False
25758,2024,395,2.0,277.6860759493671,4605.5,4.0,Sopó,Cundinamarca,10717.0,42.973779975739475,True,False
25758,2025,28,1.0,353.2142857142857,4431.0,4.0,Sopó,Cundinamarca,11023.0,40.197768302639936,False,False
25769,2022,254,1.0,284.8976377952756,2039.5,4.0,Subachoque,Cundinamarca,5660.0,36.033568904593636,False,False
25769,2023,254,1.0,284.251968503937,1842.25,4.0,Subachoque,Cundinamarca,5814.0,31.686446508427935,False,False
25769,2024,276,1.0,280.4673913043478,1804.5,4.0,Subachoque,Cundinamarca,5976.0,30.195783132530117,False,False
25772,2022,183,1.0,246.85792349726776,1588.5,4.0,Suesca,Cundinamarca,7058.0,22.50637574383678,False,False
25772,2023,157,1.0,249.9235668789809,1689.25,4.0,Suesca,Cundinamarca,7240.0,23.332182320441987,False,False
25772,2024,158,1.0,247.72151898734177,2379.5,4.0,Suesca,Cundinamarca,7433.0,32.012646307009284,False,False
25777,2022,75,1.0,237.01333333333332,216.75,4.0,Supatá,Cundinamarca,2145.0,10.104895104895105,False,False
25777,2023,90,1.0,238.42222222222222,214.75,4.0,Supatá,Cundinamarca,2189.0,9.810415714938328,False,False
25777,2024,69,1.0,241.66666666666666,217.5,4.0,Supatá,Cundinamarca,2225.0,9.775280898876403,False,False
25779,2022,77,1.0,239.32467532467533,316.0,4.0,Susa,Cundinamarca,2159.0,14.636405743399722,False,False
25779,2023,70,1.0,226.24285714285713,223.0,4.0,Susa,Cundinamarca,2180.0,10.229357798165138,False,False
25779,2024,86,1.0,242.38372093023256,275.0,4.0,Susa,Cundinamarca,2204.0,12.47731397459165,False,False
25781,2022,70,1.0,257.1714285714286,153.0,4.0,Sutatausa,Cundinamarca,2056.0,7.441634241245136,False,False
25781,2023,61,1.0,268.8360655737705,348.75,4.0,Sutatausa,Cundinamarca,2118.0,16.46600566572238,False,False
25781,2024,64,1.0,255.25,897.5,4.0,Sutatausa,Cundinamarca,2176.0,41.24540441176471,False,False
25785,2022,311,2.0,270.42122186495175,5430.5,4.0,Tabio,Cundinamarca,7306.0,74.32931836846429,True,False
25785,2023,332,2.0,267.6656626506024,5258.75,4.0,Tabio,Cundinamarca,7416.0,70.91086839266451,True,False
25785,2024,362,2.0,267.9889502762431,5623.0,4.0,Tabio,Cundinamarca,7547.0,74.50642639459389,True,False
25785,2025,5,1.0,227.8,5372.0,4.0,Tabio,Cundinamarca,7676.0,69.9843668577384,False,False
25793,2022,129,1.0,251.5503875968992,149.5,4.0,Tausa,Cundinamarca,2637.0,5.6693211983314376,False,False
25793,2023,130,1.0,245.1769230769231,321.5,4.0,Tausa,Cundinamarca,2675.0,12.018691588785046,False,False
25793,2024,129,1.0,253.03875968992247,774.5,4.0,Tausa,Cundinamarca,2723.0,28.442893867058395,False,False
25797,2022,102,1.0,250.6764705882353,91.75,4.0,Tena,Cundinamarca,4136.0,2.218326885880077,False,False
25797,2023,73,1.0,267.2191780821918,142.5,4.0,Tena,Cundinamarca,4263.0,3.342716396903589,False,False
25797,2024,101,1.0,264.73267326732673,218.5,4.0,Tena,Cundinamarca,4396.0,4.970427661510464,False,False
25799,2022,451,2.0,288.13747228381374,3870.5,4.0,Tenjo,Cundinamarca,8509.0,45.48713127277001,True,False
25799,2023,536,2.0,281.964552238806,3785.0,4.0,Tenjo,Cundinamarca,8727.0,43.371147015010884,True,False
25799,2024,531,2.0,291.3521657250471,4196.25,4.0,Tenjo,Cundinamarca,8946.0,46.90643863179074,True,False
25799,2025,44,1.0,329.54545454545456,4179.75,4.0,Tenjo,Cundinamarca,9171.0,45.57572783774943,False,False
25805,2022,28,1.0,259.32142857142856,116.5,4.0,Tibacuy,Cundinamarca,1975.0,5.898734177215189,False,False
25805,2023,47,1.0,267.6170212765957,80.0,4.0,Tibacuy,Cundinamarca,1979.0,4.04244567963618,False,False
25805,2024,32,1.0,244.8125,59.25,4.0,Tibacuy,Cundinamarca,1981.0,2.990913679959616,False,False
25807,2022,27,1.0,236.33333333333334,1.0,2.0,Tibirita,Cundinamarca,1388.0,0.07204610951008646,False,False
25807,2023,44,1.0,244.88636363636363,58.25,4.0,Tibirita,Cundinamarca,1409.0,4.134137686302342,False,False
25807,2024,41,1.0,247.14634146341464,53.0,1.0,Tibirita,Cundinamarca,1433.0,3.6985345429169576,False,False
25815,2022,122,1.0,231.35245901639345,632.75,4.0,Tocaima,Cundinamarca,7451.0,8.49214870487183,False,False
25815,2023,151,1.0,231.35099337748343,796.5,4.0,Tocaima,Cundinamarca,7522.0,10.588939111938314,False,False
25815,2024,112,1.0,232.39285714285714,1512.0,4.0,Tocaima,Cundinamarca,7600.0,19.894736842105264,False,False
25817,2022,485,1.0,263.17938144329895,11407.25,4.0,Tocancipá,Cundinamarca,15443.0,73.86680049213236,False,False
25817,2023,594,2.0,264.2255892255892,14291.5,4.0,Tocancipá,Cundinamarca,16017.0,89.22707123681089,True,False
25817,2024,715,2.0,265.7048951048951,17304.5,4.0,Tocancipá,Cundinamarca,16611.0,104.1749443140088,True,True
25817,2025,5,1.0,241.4,19921.0,4.0,Tocancipá,Cundinamarca,17193.0,115.86692258477287,False,True
25823,2022,47,1.0,225.2340425531915,122.75,4.0,Topaipí,Cundinamarca,1719.0,7.140779522978476,False,False
25823,2023,45,1.0,228.84444444444443,115.0,4.0,Topaipí,Cundinamarca,1722.0,6.678281068524972,False,False
25823,2024,38,1.0,248.57894736842104,136.25,4.0,Topaipí,Cundinamarca,1719.0,7.926119837114602,False,False
25839,2022,100,1.0,240.78,74.25,4.0,Ubalá,Cundinamarca,2560.0,2.900390625,False,False
25839,2023,119,1.0,245.7310924369748,46.5,4.0,Ubalá,Cundinamarca,2578.0,1.803723816912335,False,False
25839,2024,117,1.0,245.88888888888889,4.5,4.0,Ubalá,Cundinamarca,2599.0,0.17314351673720663,False,False
25841,2022,88,1.0,243.92045454545453,89.75,4.0,Ubaque,Cundinamarca,2527.0,3.5516422635536204,False,False
25841,2023,84,1.0,257.64285714285717,139.0,4.0,Ubaque,Cundinamarca,2547.0,5.457400863761288,False,False
25841,2024,80,1.0,259.5625,116.25,4.0,Ubaque,Cundinamarca,2588.0,4.491885625965997,False,False
25843,2022,706,2.0,258.74504249291783,7525.75,4.0,Villa de San Diego de Ubaté,Cundinamarca,14416.0,52.20414816870145,True,False
25843,2023,765,2.0,258.74771241830064,8376.5,4.0,Villa de San Diego de Ubaté,Cundinamarca,14766.0,56.72829473113911,True,False
25843,2024,861,2.0,260.2485481997677,10104.5,4.0,Villa de San Diego de Ubaté,Cundinamarca,15151.0,66.69196752689591,True,False
25843,2025,20,1.0,224.75,9581.25,4.0,Villa de San Diego de Ubaté,Cundinamarca,15540.0,61.6554054054054,False,False
25845,2022,87,1.0,240.67816091954023,193.0,4.0,Une,Cundinamarca,2331.0,8.279708279708279,False,False
25845,2023,71,1.0,246.1549295774648,261.5,4.0,Une,Cundinamarca,2331.0,11.218361218361219,False,False
25845,2024,86,1.0,254.77906976744185,241.75,4.0,Une,Cundinamarca,2339.0,10.335613510047029,False,False
25851,2022,49,1.0,234.89795918367346,138.75,4.0,Útica,Cundinamarca,1809.0,7.669983416252073,False,False
25851,2023,38,1.0,220.8684210526316,164.75,4.0,Útica,Cundinamarca,1821.0,9.047226798462384,False,False
25851,2024,41,1.0,228.78048780487805,232.75,4.0,Útica,Cundinamarca,1849.0,12.587885343428882,False,False
25862,2022,47,1.0,253.59574468085106,30.0,4.0,Vergara,Cundinamarca,2613.0,1.1481056257175661,False,False
25862,2023,60,1.0,253.76666666666668,13.5,4.0,Vergara,Cundinamarca,2622.0,0.5148741418764302,False,False
25862,2024,78,1.0,248.34615384615384,9.25,4.0,Vergara,Cundinamarca,2633.0,0.3513102924420813,False,False
25867,2022,42,1.0,260.23809523809524,89.25,4.0,Vianí,Cundinamarca,1777.0,5.022509848058525,False,False
25867,2023,28,1.0,233.07142857142858,86.0,4.0,Vianí,Cundinamarca,1807.0,4.759269507470947,False,False
25867,2024,44,1.0,252.1818181818182,25.0,4.0,Vianí,Cundinamarca,1846.0,1.3542795232936078,False,False
25871,2022,22,1.0,264.8181818181818,56.5,4.0,Villagómez,Cundinamarca,634.0,8.911671924290221,False,False
25871,2023,27,1.0,254.07407407407408,96.0,4.0,Villagómez,Cundinamarca,629.0,15.262321144674084,False,False
25871,2024,26,2.0,227.65384615384616,105.75,4.0,Villagómez,Cundinamarca,628.0,16.839171974522294,True,False
25873,2022,298,1.0,262.7046979865772,702.5,4.0,Villapinzón,Cundinamarca,5379.0,13.060048336121955,False,False
25873,2023,264,1.0,261.53409090909093,863.5,4.0,Villapinzón,Cundinamarca,5464.0,15.803440702781845,False,False
25873,2024,358,1.0,259.768156424581,1083.5,4.0,Villapinzón,Cundinamarca,5560.0,19.487410071942445,False,False
25875,2022,306,2.0,248.16993464052288,4478.5,4.0,Villeta,Cundinamarca,10512.0,42.60369101978691,True,False
25875,2023,399,1.0,248.41854636591478,5714.5,4.0,Villeta,Cundinamarca,10718.0,53.316850158611686,False,False
25875,2024,359,1.0,251.9108635097493,5967.75,4.0,Villeta,Cundinamarca,10943.0,54.53486246915836,False,False
25878,2022,179,1.0,243.2290502793296,625.25,4.0,Viotá,Cundinamarca,5144.0,12.154937791601867,False,False
25878,2023,170,1.0,234.63529411764705,1004.5,4.0,Viotá,Cundinamarca,5181.0,19.3881490059834,False,False
25878,2024,171,1.0,250.49122807017545,1397.25,4.0,Viotá,Cundinamarca,5242.0,26.65490270888974,False,False
25885,2022,107,1.0,238.9158878504673,42.25,4.0,Yacopí,Cundinamarca,4348.0,0.9717111315547379,False,False
25885,2023,124,1.0,226.1048387096774,37.5,4.0,Yacopí,Cundinamarca,4312.0,0.8696660482374768,False,False
25885,2024,105,1.0,232.0095238095238,52.5,4.0,Yacopí,Cundinamarca,4272.0,1.228932584269663,False,False
25898,2022,69,1.0,244.55072463768116,20.25,4.0,Zipacón,Cundinamarca,1776.0,1.1402027027027026,False,False
25898,2023,58,1.0,234.68965517241378,251.75,4.0,Zipacón,Cundinamarca,1786.0,14.095744680851062,False,False
25898,2024,68,1.0,238.10294117647058,248.75,4.0,Zipacón,Cundinamarca,1797.0,13.842515303283252,False,False
25899,2022,1535,2.0,274.6475570032573,30613.5,4.0,Zipaquirá,Cundinamarca,49700.0,61.596579476861166,True,False
25899,2023,1568,2.0,275.953443877551,32960.75,4.0,Zipaquirá,Cundinamarca,51301.0,64.24972222763688,True,False
25899,2024,1612,2.0,282.2748138957816,37090.0,4.0,Zipaquirá,Cundinamarca,53011.0,69.96661070343892,True,False
25899,2025,70,1.0,242.5142857142857,40335.0,4.0,Zipaquirá,Cundinamarca,54717.0,73.71566423597785,False,False
27001,2022,1705,2.0,220.48973607038124,14848.0,4.0,Quibdó,Chocó,41394.0,35.869932840508284,True,False
27001,2023,1732,2.0,226.19919168591224,12826.75,4.0,Quibdó,Chocó,42272.0,30.343371498864496,True,False
27001,2024,1798,2.0,229.6496106785317,8012.25,4.0,Quibdó,Chocó,43208.0,18.54344102943899,True,False
27001,2025,21,1.0,189.1904761904762,5625.25,4.0,Quibdó,Chocó,44180.0,12.732571299230422,False,False
27006,2022,100,1.0,219.07,422.0,4.0,Acandí,Chocó,5069.0,8.325113434602486,False,False
27006,2023,114,1.0,210.28947368421052,392.75,4.0,Acandí,Chocó,5216.0,7.529716257668712,False,False
27006,2024,102,1.0,218.51960784313727,669.75,4.0,Acandí,Chocó,5377.0,12.45583038869258,False,False
27025,2022,116,1.0,176.32758620689654,22.25,4.0,Alto Baudó,Chocó,6473.0,0.3437355167619342,False,False
27025,2023,123,1.0,172.260162601626,29.0,4.0,Alto Baudó,Chocó,6589.0,0.4401274852026104,False,False
27025,2024,143,1.0,168.11888111888112,15.25,4.0,Alto Baudó,Chocó,6703.0,0.2275100701178577,False,False
27050,2022,74,1.0,196.98648648648648,6.75,4.0,Atrato,Chocó,2028.0,0.33284023668639057,False,False
27050,2023,59,1.0,208.84745762711864,3.75,4.0,Atrato,Chocó,2066.0,0.18151016456921587,False,False
27050,2024,78,1.0,196.84615384615384,10.75,4.0,Atrato,Chocó,2103.0,0.5111745126010462,False,False
27073,2022,96,1.0,182.97916666666666,31.25,4.0,Bagadó,Chocó,3369.0,0.9275749480558029,False,False
27073,2023,110,1.0,182.05454545454546,23.0,4.0,Bagadó,Chocó,3467.0,0.6633977502163254,False,False
27073,2024,135,1.0,181.16296296296295,41.0,4.0,Bagadó,Chocó,3569.0,1.1487811711964135,False,False
27075,2022,125,1.0,197.92,629.25,4.0,Bahía Solano,Chocó,2912.0,21.60885989010989,False,False
27075,2023,164,1.0,199.08536585365854,475.0,4.0,Bahía Solano,Chocó,2964.0,16.025641025641026,False,False
27075,2024,133,1.0,196.93984962406014,761.25,4.0,Bahía Solano,Chocó,3021.0,25.198609731876864,False,False
27077,2022,130,1.0,191.8,275.0,4.0,Bajo Baudó,Chocó,8191.0,3.3573434257111465,False,False
27077,2023,140,1.0,195.5857142857143,292.75,4.0,Bajo Baudó,Chocó,8407.0,3.4822171999524207,False,False
27077,2024,177,1.0,182.3050847457627,214.75,4.0,Bajo Baudó,Chocó,8610.0,2.494192799070848,False,False
27099,2022,120,1.0,170.33333333333334,149.75,4.0,Bojayá,Chocó,3291.0,4.5502886660589486,False,False
27099,2023,133,1.0,178.5187969924812,144.0,4.0,Bojayá,Chocó,3363.0,4.281891168599464,False,False
27099,2024,118,1.0,178.364406779661,125.75,4.0,Bojayá,Chocó,3430.0,3.6661807580174925,False,False
27135,2022,39,1.0,201.02564102564102,13.25,4.0,El Cantón del San Pablo,Chocó,2021.0,0.6556160316674914,False,False
27135,2023,60,1.0,210.85,164.0,4.0,El Cantón del San Pablo,Chocó,2059.0,7.96503156872268,False,False
27135,2024,53,1.0,217.0,150.25,4.0,El Cantón del San Pablo,Chocó,2102.0,7.147954329210276,False,False
27150,2022,71,1.0,197.77464788732394,146.25,4.0,Carmen del Darién,Chocó,6118.0,2.3904870872834256,False,False
27150,2023,103,1.0,185.15533980582524,112.25,4.0,Carmen del Darién,Chocó,6274.0,1.7891297417915206,False,False
27150,2024,87,1.0,190.0,97.75,4.0,Carmen del Darién,Chocó,6414.0,1.5240099781727472,False,False
27160,2022,53,1.0,202.0188679245283,265.0,4.0,Cértegui,Chocó,2131.0,12.435476302205538,False,False
27160,2023,76,1.0,201.8815789473684,245.0,4.0,Cértegui,Chocó,2173.0,11.274735388863323,False,False
27160,2024,56,1.0,214.875,325.75,4.0,Cértegui,Chocó,2223.0,14.6536212325686,False,False
27205,2022,204,1.0,207.12745098039215,927.0,4.0,Condoto,Chocó,4026.0,23.025335320417287,False,False
27205,2023,182,1.0,215.14835164835165,490.0,4.0,Condoto,Chocó,4062.0,12.0630231413097,False,False
27205,2024,188,1.0,210.4255319148936,497.25,4.0,Condoto,Chocó,4100.0,12.128048780487804,False,False
27245,2022,97,1.0,215.05154639175257,105.75,4.0,El Carmen de Atrato,Chocó,2622.0,4.033180778032037,False,False
27245,2023,110,2.0,231.06363636363636,87.5,4.0,El Carmen de Atrato,Chocó,2666.0,3.2820705176294074,True,False
27245,2024,97,1.0,237.29896907216494,161.75,4.0,El Carmen de Atrato,Chocó,2712.0,5.964233038348082,False,False
27250,2022,127,1.0,172.03149606299212,79.5,4.0,El Litoral del San Juan,Chocó,6202.0,1.2818445662689455,False,False
27250,2023,140,1.0,174.17142857142858,65.5,4.0,El Litoral del San Juan,Chocó,6452.0,1.0151890886546806,False,False
27250,2024,153,1.0,169.3921568627451,38.75,4.0,El Litoral del San Juan,Chocó,6693.0,0.5789630957717018,False,False
27361,2022,444,1.0,223.5,2788.25,4.0,Istmina,Chocó,10003.0,27.874137758672397,False,False
27361,2023,536,1.0,220.625,2377.0,4.0,Istmina,Chocó,10310.0,23.055286129970902,False,False
27361,2024,473,1.0,223.56236786469344,1613.75,4.0,Istmina,Chocó,10637.0,15.171100874306664,False,False
27372,2022,22,1.0,169.3181818181818,149.25,4.0,Juradó,Chocó,1957.0,7.626469085334696,False,False
27372,2023,50,1.0,176.64,107.75,4.0,Juradó,Chocó,2042.0,5.276689520078355,False,False
27372,2024,50,1.0,174.44,29.25,4.0,Juradó,Chocó,2121.0,1.379066478076379,False,False
27413,2022,68,1.0,183.73529411764707,6.5,4.0,Lloró,Chocó,2804.0,0.23181169757489303,False,False
27413,2023,87,1.0,188.13793103448276,5.25,4.0,Lloró,Chocó,2860.0,0.18356643356643357,False,False
27413,2024,139,1.0,173.568345323741,17.0,4.0,Lloró,Chocó,2907.0,0.5847953216374269,False,False
27425,2022,10,1.0,181.0,24.5,4.0,Medio Atrato,Chocó,3318.0,0.7383966244725738,False,False
27425,2023,21,1.0,182.61904761904762,23.75,4.0,Medio Atrato,Chocó,3371.0,0.7045387125482053,False,False
27425,2024,35,1.0,182.5142857142857,23.25,4.0,Medio Atrato,Chocó,3430.0,0.6778425655976676,False,False
27430,2022,47,1.0,192.89361702127658,20.5,4.0,Medio Baudó,Chocó,4671.0,0.43887818454292443,False,False
27430,2023,54,1.0,191.74074074074073,20.5,4.0,Medio Baudó,Chocó,4811.0,0.4261068384951153,False,False
27430,2024,74,1.0,197.17567567567568,23.25,4.0,Medio Baudó,Chocó,4947.0,0.469981807155852,False,False
27450,2022,107,1.0,188.48598130841123,211.25,4.0,Medio San Juan,Chocó,3440.0,6.140988372093023,False,False
27450,2023,125,1.0,199.8,80.75,4.0,Medio San Juan,Chocó,3497.0,2.309122104661138,False,False
27450,2024,119,1.0,194.43697478991598,32.75,4.0,Medio San Juan,Chocó,3557.0,0.92071970761878,False,False
27491,2022,54,1.0,203.38888888888889,32.5,4.0,Nóvita,Chocó,3224.0,1.0080645161290323,False,False
27491,2023,47,1.0,197.25531914893617,57.25,4.0,Nóvita,Chocó,3287.0,1.7417097657438394,False,False
27491,2024,55,1.0,196.94545454545454,228.25,4.0,Nóvita,Chocó,3355.0,6.80327868852459,False,False
27495,2022,59,1.0,187.3050847457627,473.25,4.0,Nuquí,Chocó,4205.0,11.254458977407849,False,False
27495,2023,76,2.0,198.98684210526315,356.25,4.0,Nuquí,Chocó,4295.0,8.29452852153667,True,False
27495,2024,43,1.0,221.1860465116279,279.75,4.0,Nuquí,Chocó,4376.0,6.392824497257769,False,False
27580,2022,55,1.0,180.3272727272727,5.25,4.0,Río Iró,Chocó,1750.0,0.3,False,False
27580,2023,78,1.0,190.37179487179486,4.75,4.0,Río Iró,Chocó,1785.0,0.2661064425770308,False,False
27580,2024,84,1.0,186.88095238095238,9.0,4.0,Río Iró,Chocó,1815.0,0.49586776859504134,False,False
27600,2022,93,1.0,181.5268817204301,760.5,4.0,Río Quito,Chocó,2297.0,33.10840226382238,False,False
27600,2023,84,1.0,190.6547619047619,858.25,4.0,Río Quito,Chocó,2326.0,36.89810834049871,False,False
27600,2024,89,1.0,186.13483146067415,1148.0,4.0,Río Quito,Chocó,2356.0,48.72665534804754,False,False
27615,2022,260,1.0,191.6769230769231,535.75,4.0,Riosucio,Chocó,18568.0,2.885340370529944,False,False
27615,2023,285,1.0,202.54736842105262,337.0,4.0,Riosucio,Chocó,18981.0,1.7754596701965122,False,False
27615,2024,273,1.0,200.97435897435898,222.0,4.0,Riosucio,Chocó,9616.0,2.3086522462562398,False,False
27660,2022,24,1.0,244.375,12.0,4.0,San José del Palmar,Chocó,1711.0,0.701344243132671,False,False
27660,2023,32,1.0,259.25,10.75,4.0,San José del Palmar,Chocó,1726.0,0.6228273464658169,False,False
27660,2024,35,1.0,250.74285714285713,9.75,4.0,San José del Palmar,Chocó,1747.0,0.5580995993131082,False,False
27745,2022,16,1.0,188.375,15.0,4.0,Sipí,Chocó,1026.0,1.461988304093567,False,False
27745,2023,22,1.0,184.3181818181818,20.75,4.0,Sipí,Chocó,1045.0,1.985645933014354,False,False
27745,2024,22,1.0,190.6818181818182,19.75,4.0,Sipí,Chocó,1059.0,1.8649669499527857,False,False
27787,2022,243,1.0,196.08641975308643,742.75,4.0,Tadó,Chocó,6118.0,12.14040536122916,False,False
27787,2023,311,1.0,195.63344051446944,430.25,4.0,Tadó,Chocó,6230.0,6.906099518459069,False,False
27787,2024,289,1.0,199.75778546712803,446.75,4.0,Tadó,Chocó,6349.0,7.036541187588597,False,False
27787,2025,1,1.0,156.0,420.5,4.0,Tadó,Chocó,6472.0,6.497218788627936,False,False
27800,2022,90,1.0,209.88888888888889,166.25,4.0,Unguía,Chocó,3996.0,4.16041041041041,False,False
27800,2023,119,1.0,200.39495798319328,139.25,4.0,Unguía,Chocó,4003.0,3.4786410192355732,False,False
27800,2024,149,1.0,204.4295302013423,97.75,4.0,Unguía,Chocó,4037.0,2.4213524894723806,False,False
27810,2022,66,1.0,203.77272727272728,15.0,4.0,Unión Panamericana,Chocó,2232.0,0.6720430107526881,False,False
27810,2023,75,1.0,214.09333333333333,157.25,4.0,Unión Panamericana,Chocó,2272.0,6.921214788732394,False,False
27810,2024,92,1.0,217.32608695652175,251.5,4.0,Unión Panamericana,Chocó,2314.0,10.868625756266205,False,False
41001,2022,4225,2.0,265.63100591715977,85740.25,4.0,Neiva,Huila,121015.0,70.85092757096227,True,False
41001,2023,4298,2.0,266.7408096789204,86100.0,4.0,Neiva,Huila,123532.0,69.69853964964544,True,False
41001,2024,4316,2.0,272.9944392956441,83171.75,4.0,Neiva,Huila,126350.0,65.82647407993669,True,False
41001,2025,101,1.0,280.28712871287127,90365.5,4.0,Neiva,Huila,129168.0,69.95966493249102,False,False
41006,2022,369,2.0,244.37669376693768,583.25,4.0,Acevedo,Huila,7438.0,7.841489647754772,True,False
41006,2023,404,1.0,238.2450495049505,558.5,4.0,Acevedo,Huila,7526.0,7.420940738772257,False,False
41006,2024,404,2.0,243.86138613861385,822.25,4.0,Acevedo,Huila,7641.0,10.761026043711556,True,False
41006,2025,2,1.0,185.0,628.75,4.0,Acevedo,Huila,7743.0,8.120237633991993,False,False
41013,2022,89,1.0,245.69662921348313,169.75,4.0,Agrado,Huila,2630.0,6.4543726235741445,False,False
41013,2023,98,1.0,250.0612244897959,72.25,4.0,Agrado,Huila,2662.0,2.71412471825695,False,False
41013,2024,75,1.0,254.92,212.0,4.0,Agrado,Huila,2701.0,7.848944835246205,False,False
41016,2022,208,1.0,219.09134615384616,248.0,4.0,Aipe,Huila,5128.0,4.83619344773791,False,False
41016,2023,230,1.0,229.15652173913043,334.5,4.0,Aipe,Huila,5205.0,6.426512968299712,False,False
41016,2024,198,1.0,234.72222222222223,740.0,4.0,Aipe,Huila,5290.0,13.988657844990549,False,False
41020,2022,180,1.0,263.35555555555555,1505.5,4.0,Algeciras,Huila,7346.0,20.494146474271712,False,False
41020,2023,219,1.0,267.74429223744295,1524.0,4.0,Algeciras,Huila,7384.0,20.639219934994582,False,False
41020,2024,253,1.0,268.201581027668,1774.25,4.0,Algeciras,Huila,7451.0,23.81223996778956,False,False
41026,2022,39,1.0,253.23076923076923,513.75,4.0,Altamira,Huila,1470.0,34.94897959183674,False,False
41026,2023,34,1.0,285.8529411764706,438.75,4.0,Altamira,Huila,1501.0,29.230512991339108,False,False
41026,2024,36,1.0,262.47222222222223,528.5,4.0,Altamira,Huila,1530.0,34.54248366013072,False,False
41078,2022,50,1.0,243.34,20.75,4.0,Baraya,Huila,2686.0,0.772524199553239,False,False
41078,2023,52,1.0,253.15384615384616,94.75,4.0,Baraya,Huila,2686.0,3.5275502606105738,False,False
41078,2024,45,1.0,251.42222222222222,197.25,4.0,Baraya,Huila,2697.0,7.313681868743048,False,False
41132,2022,362,1.0,234.45027624309392,2480.5,4.0,Campoalegre,Huila,10277.0,24.13642113457235,False,False
41132,2023,382,1.0,235.9738219895288,2662.75,4.0,Campoalegre,Huila,10353.0,25.719598184101226,False,False
41132,2024,361,1.0,240.3573407202216,2890.25,4.0,Campoalegre,Huila,10451.0,27.655248301597936,False,False
41206,2022,48,1.0,247.95833333333334,16.5,4.0,Colombia,Huila,2337.0,0.7060333761232349,False,False
41206,2023,46,1.0,244.2608695652174,85.0,4.0,Colombia,Huila,2370.0,3.5864978902953584,False,False
41206,2024,61,1.0,247.0655737704918,356.75,4.0,Colombia,Huila,2411.0,14.796764827872252,False,False
41244,2022,57,1.0,255.96491228070175,2.75,4.0,Elías,Huila,1475.0,0.1864406779661017,False,False
41244,2023,49,1.0,254.28571428571428,77.25,4.0,Elías,Huila,1507.0,5.126078301260783,False,False
41244,2024,37,1.0,270.7027027027027,81.25,4.0,Elías,Huila,1539.0,5.27940220922677,False,False
41298,2022,1032,1.0,248.91666666666666,6071.0,4.0,Garzón,Huila,23215.0,26.151195347835447,False,False
41298,2023,1137,1.0,249.50835532102022,4990.5,4.0,Garzón,Huila,23499.0,21.237073918039066,False,False
41298,2024,1049,1.0,253.97902764537656,7654.75,4.0,Garzón,Huila,23827.0,32.12636924497419,False,False
41306,2022,310,1.0,252.39032258064515,1023.25,4.0,Gigante,Huila,7432.0,13.768164693218516,False,False
41306,2023,334,1.0,250.82335329341316,1763.0,4.0,Gigante,Huila,7417.0,23.769718214911688,False,False
41306,2024,354,1.0,254.40112994350284,1582.25,4.0,Gigante,Huila,7420.0,21.32412398921833,False,False
41319,2022,253,2.0,232.59288537549406,1370.25,4.0,Guadalupe,Huila,5338.0,25.669726489321842,True,False
41319,2023,250,1.0,231.024,1349.25,4.0,Guadalupe,Huila,5392.0,25.023182492581604,False,False
41319,2024,252,1.0,224.03571428571428,1126.0,4.0,Guadalupe,Huila,5452.0,20.652971386647103,False,False
41349,2022,50,1.0,240.32,50.75,4.0,Hobo,Huila,2595.0,1.955684007707129,False,False
41349,2023,75,1.0,234.64,123.25,4.0,Hobo,Huila,2648.0,4.654456193353474,False,False
41349,2024,54,1.0,251.2037037037037,379.0,4.0,Hobo,Huila,2706.0,14.00591278640059,False,False
41357,2022,129,1.0,237.69767441860466,554.75,4.0,Íquira,Huila,2759.0,20.10692279811526,False,False
41357,2023,102,1.0,254.34313725490196,555.25,4.0,Íquira,Huila,2792.0,19.8871776504298,False,False
41357,2024,82,1.0,249.1951219512195,489.0,4.0,Íquira,Huila,2835.0,17.24867724867725,False,False
41359,2022,440,1.0,240.01363636363635,660.5,4.0,Isnos,Huila,8278.0,7.978980430055568,False,False
41359,2023,348,1.0,245.10632183908046,1001.75,4.0,Isnos,Huila,8378.0,11.956910957269038,False,False
41359,2024,389,1.0,241.93573264781492,3013.5,4.0,Isnos,Huila,8502.0,35.44460127028935,False,False
41359,2025,1,1.0,255.0,3375.75,4.0,Isnos,Huila,8613.0,39.19366074538488,False,False
41378,2022,121,1.0,272.75206611570246,868.0,4.0,La Argentina,Huila,4172.0,20.80536912751678,False,False
41378,2023,166,1.0,265.9096385542169,1046.75,4.0,La Argentina,Huila,4246.0,24.652614225153087,False,False
41378,2024,146,1.0,273.4178082191781,919.25,4.0,La Argentina,Huila,4322.0,21.26908838500694,False,False
41396,2022,754,2.0,241.29973474801062,5087.0,4.0,La Plata,Huila,20653.0,24.63080424151455,True,False
41396,2023,865,2.0,246.30404624277458,3500.5,4.0,La Plata,Huila,21077.0,16.6081510651421,True,False
41396,2024,825,2.0,248.35151515151514,3433.5,4.0,La Plata,Huila,21556.0,15.928279829281871,True,False
41396,2025,2,1.0,178.5,4054.0,4.0,La Plata,Huila,22026.0,18.405520748206662,False,False
41483,2022,97,1.0,225.31958762886597,368.5,4.0,Nátaga,Huila,2132.0,17.284240150093808,False,False
41483,2023,105,1.0,232.73333333333332,354.25,4.0,Nátaga,Huila,2167.0,16.347485002307337,False,False
41483,2024,68,1.0,231.75,405.5,4.0,Nátaga,Huila,2216.0,18.298736462093864,False,False
41503,2022,147,1.0,244.77551020408163,511.0,4.0,Oporapa,Huila,3272.0,15.617359413202934,False,False
41503,2023,152,1.0,248.66447368421052,754.25,4.0,Oporapa,Huila,3315.0,22.7526395173454,False,False
41503,2024,171,1.0,238.08771929824562,701.75,4.0,Oporapa,Huila,3371.0,20.81726490655592,False,False
41518,2022,100,1.0,248.15,726.5,4.0,Paicol,Huila,2193.0,33.1281349749202,False,False
41518,2023,84,1.0,255.8095238095238,902.0,4.0,Paicol,Huila,2252.0,40.05328596802842,False,False
41518,2024,115,1.0,244.1304347826087,727.5,4.0,Paicol,Huila,2315.0,31.425485961123112,False,False
41524,2022,413,1.0,256.6489104116223,1465.25,4.0,Palermo,Huila,8537.0,17.16352348600211,False,False
41524,2023,419,2.0,261.14081145584726,1585.75,4.0,Palermo,Huila,8586.0,18.46901933379921,True,False
41524,2024,391,1.0,265.14833759590795,1813.0,4.0,Palermo,Huila,8660.0,20.935334872979215,False,False
41530,2022,112,1.0,251.86607142857142,159.75,4.0,Palestina,Huila,3253.0,4.910851521672303,False,False
41530,2023,139,1.0,244.80575539568346,214.75,4.0,Palestina,Huila,3299.0,6.509548347984237,False,False
41530,2024,107,1.0,254.92523364485982,379.75,4.0,Palestina,Huila,3346.0,11.349372384937238,False,False
41548,2022,171,1.0,238.2280701754386,621.5,4.0,Pital,Huila,4264.0,14.575515947467165,False,False
41548,2023,192,1.0,236.44791666666666,868.75,4.0,Pital,Huila,4328.0,20.07278188539741,False,False
41548,2024,173,1.0,245.364161849711,1006.25,4.0,Pital,Huila,4395.0,22.89533560864619,False,False
41551,2022,1648,2.0,270.1753640776699,9974.75,4.0,Pitalito,Huila,39711.0,25.11835511571101,True,False
41551,2023,1626,2.0,268.6506765067651,11900.5,4.0,Pitalito,Huila,40686.0,29.249619033574202,True,False
41551,2024,1582,2.0,273.8350189633376,13035.0,4.0,Pitalito,Huila,41778.0,31.200631911532383,True,False
41551,2025,93,1.0,189.67741935483872,14965.0,4.0,Pitalito,Huila,42861.0,34.91519096614638,False,False
41615,2022,317,1.0,265.2807570977918,1948.75,4.0,Rivera,Huila,7781.0,25.044981364863126,False,False
41615,2023,293,1.0,270.0477815699659,2196.0,4.0,Rivera,Huila,8008.0,27.422577422577422,False,False
41615,2024,270,1.0,279.3,1658.75,4.0,Rivera,Huila,8248.0,20.110935984481088,False,False
41660,2022,108,1.0,250.22222222222223,410.0,4.0,Saladoblanco,Huila,3025.0,13.553719008264462,False,False
41660,2023,97,1.0,263.1443298969072,533.75,4.0,Saladoblanco,Huila,3051.0,17.494264175680105,False,False
41660,2024,135,1.0,257.1703703703704,520.0,4.0,Saladoblanco,Huila,3089.0,16.83392683716413,False,False
41668,2022,340,1.0,248.1794117647059,1789.75,4.0,San Agustín,Huila,11041.0,16.21003532288742,False,False
41668,2023,336,1.0,253.03869047619048,2492.0,4.0,San Agustín,Huila,11229.0,22.192537180514737,False,False
41668,2024,332,1.0,259.33734939759034,2664.5,4.0,San Agustín,Huila,11433.0,23.30534417913059,False,False
41676,2022,137,1.0,241.84671532846716,371.25,4.0,Santa María,Huila,3192.0,11.63063909774436,False,False
41676,2023,83,1.0,259.86746987951807,473.75,4.0,Santa María,Huila,3220.0,14.712732919254659,False,False
41676,2024,108,1.0,257.69444444444446,660.75,4.0,Santa María,Huila,3260.0,20.26840490797546,False,False
41770,2022,240,1.0,232.39166666666668,304.25,4.0,Suaza,Huila,8481.0,3.5874307275085484,False,False
41770,2023,279,1.0,239.02508960573476,250.75,4.0,Suaza,Huila,8721.0,2.875243664717349,False,False
41770,2024,207,1.0,240.52173913043478,329.5,4.0,Suaza,Huila,8990.0,3.6651835372636263,False,False
41791,2022,313,1.0,233.96485623003196,556.0,4.0,Tarqui,Huila,5576.0,9.971305595408895,False,False
41791,2023,259,1.0,244.0810810810811,630.0,4.0,Tarqui,Huila,5664.0,11.122881355932202,False,False
41791,2024,216,1.0,246.57407407407408,821.5,4.0,Tarqui,Huila,5756.0,14.272063933287004,False,False
41797,2022,125,1.0,240.96,1184.25,4.0,Tesalia,Huila,3629.0,32.63295673739322,False,False
41797,2023,171,1.0,238.76608187134502,755.75,4.0,Tesalia,Huila,3716.0,20.33772874058127,False,False
41797,2024,130,1.0,241.53076923076924,1058.5,4.0,Tesalia,Huila,3813.0,27.760293731969576,False,False
41799,2022,127,1.0,240.43307086614172,88.5,4.0,Tello,Huila,3630.0,2.43801652892562,False,False
41799,2023,153,1.0,236.0,116.25,4.0,Tello,Huila,3679.0,3.1598260396846967,False,False
41799,2024,123,1.0,232.4390243902439,141.75,4.0,Tello,Huila,3742.0,3.788081239978621,False,False
41801,2022,43,1.0,255.97674418604652,513.75,4.0,Teruel,Huila,2557.0,20.09190457567462,False,False
41801,2023,64,1.0,256.671875,512.0,4.0,Teruel,Huila,2577.0,19.868063639891346,False,False
41801,2024,61,1.0,264.1475409836066,460.0,4.0,Teruel,Huila,2600.0,17.692307692307693,False,False
41807,2022,274,1.0,242.70437956204378,1381.25,4.0,Timaná,Huila,7381.0,18.713588944587453,False,False
41807,2023,296,1.0,247.2668918918919,1356.25,4.0,Timaná,Huila,7484.0,18.12199358631748,False,False
41807,2024,256,1.0,243.015625,1217.0,4.0,Timaná,Huila,7606.0,16.000525900604785,False,False
41872,2022,61,1.0,240.85245901639345,47.0,4.0,Villavieja,Huila,2596.0,1.810477657935285,False,False
41872,2023,70,1.0,232.62857142857143,64.75,4.0,Villavieja,Huila,2613.0,2.4779946421737464,False,False
41872,2024,70,1.0,244.11428571428573,3.25,4.0,Villavieja,Huila,2629.0,0.12362114872575124,False,False
41885,2022,80,1.0,244.2125,431.5,4.0,Yaguará,Huila,2452.0,17.5978792822186,False,False
41885,2023,94,1.0,253.25531914893617,540.25,4.0,Yaguará,Huila,2473.0,21.845936109987868,False,False
41885,2024,76,1.0,257.86842105263156,528.5,4.0,Yaguará,Huila,2499.0,21.1484593837535,False,False
44001,2022,2744,2.0,233.59620991253644,26388.0,4.0,Riohacha,La Guajira,59035.0,44.69890742779707,True,False
44001,2023,3204,1.0,234.13826466916353,26834.0,4.0,Riohacha,La Guajira,60275.0,44.51928660306926,False,False
44001,2024,3014,1.0,237.1841406768414,25564.5,4.0,Riohacha,La Guajira,61524.0,41.552077238150964,False,False
44035,2022,344,2.0,215.3575581395349,1224.25,4.0,Albania,La Guajira,9589.0,12.767233288142663,True,False
44035,2023,385,2.0,213.0,1409.75,4.0,Albania,La Guajira,9948.0,14.17119018898271,True,False
44035,2024,377,2.0,218.88063660477454,1121.75,4.0,Albania,La Guajira,10325.0,10.864406779661016,True,False
44035,2025,19,1.0,352.7894736842105,1808.0,4.0,Albania,La Guajira,10710.0,16.88141923436041,False,False
44078,2022,430,1.0,216.29302325581395,696.5,4.0,Barrancas,La Guajira,11239.0,6.197170566776403,False,False
44078,2023,426,1.0,219.80985915492957,1298.75,4.0,Barrancas,La Guajira,11604.0,11.192261289210617,False,False
44078,2024,446,1.0,225.0695067264574,1849.75,4.0,Barrancas,La Guajira,11977.0,15.444184687317358,False,False
44090,2022,271,1.0,214.5977859778598,366.25,4.0,Dibulla,La Guajira,11498.0,3.185336580274831,False,False
44090,2023,287,1.0,221.4843205574913,406.75,4.0,Dibulla,La Guajira,12013.0,3.385915258469991,False,False
44090,2024,305,1.0,220.90819672131147,369.75,4.0,Dibulla,La Guajira,12538.0,2.9490349338012445,False,False
44098,2022,141,1.0,202.19148936170214,194.25,4.0,Distracción,La Guajira,4029.0,4.821295606850335,False,False
44098,2023,153,1.0,209.96732026143792,259.75,4.0,Distracción,La Guajira,4100.0,6.335365853658537,False,False
44098,2024,158,1.0,207.8860759493671,214.0,4.0,Distracción,La Guajira,4167.0,5.13558915286777,False,False
44110,2022,83,1.0,223.25301204819277,169.0,4.0,El Molino,La Guajira,2109.0,8.013276434329066,False,False
44110,2023,76,1.0,230.27631578947367,241.25,4.0,El Molino,La Guajira,2134.0,11.305060918462981,False,False
44110,2024,71,1.0,233.07042253521126,504.25,4.0,El Molino,La Guajira,2147.0,23.48625989753144,False,False
44279,2022,592,2.0,232.1097972972973,4148.0,4.0,Fonseca,La Guajira,13965.0,29.70282849982098,True,False
44279,2023,485,2.0,243.18144329896907,3408.0,4.0,Fonseca,La Guajira,14530.0,23.454920853406744,True,False
44279,2024,540,2.0,242.37037037037038,2638.25,4.0,Fonseca,La Guajira,15109.0,17.46144681977629,True,False
44279,2025,40,1.0,192.85,3114.0,4.0,Fonseca,La Guajira,15679.0,19.860960520441353,False,False
44378,2022,231,1.0,210.51082251082252,783.75,4.0,Hatonuevo,La Guajira,6710.0,11.68032786885246,False,False
44378,2023,299,1.0,217.2943143812709,897.25,4.0,Hatonuevo,La Guajira,6891.0,13.020606588303584,False,False
44378,2024,334,1.0,218.23652694610777,869.5,4.0,Hatonuevo,La Guajira,7073.0,12.293227767566803,False,False
44420,2022,27,1.0,231.1851851851852,8.5,4.0,La Jagua del Pilar,La Guajira,1219.0,0.6972928630024611,False,False
44420,2023,30,1.0,228.66666666666666,8.5,4.0,La Jagua del Pilar,La Guajira,1259.0,0.6751389992057188,False,False
44420,2024,38,1.0,223.81578947368422,28.75,4.0,La Jagua del Pilar,La Guajira,1302.0,2.208141321044547,False,False
44430,2022,2311,2.0,227.7918649935093,9279.75,4.0,Maicao,La Guajira,55886.0,16.604784740364313,True,False
44430,2023,2461,2.0,227.61682242990653,8526.0,4.0,Maicao,La Guajira,57944.0,14.714206820378294,True,False
44430,2024,2486,2.0,227.47264682220435,6473.75,4.0,Maicao,La Guajira,60054.0,10.779881440037299,True,False
44430,2025,34,1.0,223.7941176470588,3177.5,4.0,Maicao,La Guajira,62145.0,5.11304207900877,False,False
44560,2022,672,1.0,196.94940476190476,494.75,4.0,Manaure,La Guajira,25403.0,1.9476046136283116,False,False
44560,2023,708,1.0,198.25,825.5,4.0,Manaure,La Guajira,26105.0,3.1622294579582455,False,False
44560,2024,680,1.0,198.05588235294118,671.75,4.0,Manaure,La Guajira,26806.0,2.505968812952324,False,False
44650,2022,590,1.0,232.27457627118645,2103.5,4.0,San Juan del Cesar,La Guajira,15920.0,13.212939698492463,False,False
44650,2023,578,1.0,238.33910034602076,2401.75,4.0,San Juan del Cesar,La Guajira,16523.0,14.535798583792289,False,False
44650,2024,532,1.0,242.8139097744361,1782.25,4.0,San Juan del Cesar,La Guajira,17143.0,10.396371696902525,False,False
44847,2022,1172,2.0,194.53412969283278,1362.0,4.0,Uribia,La Guajira,49675.0,2.7418218419728233,True,False
44847,2023,1334,2.0,194.8718140929535,1121.5,4.0,Uribia,La Guajira,51518.0,2.1769090415000583,True,False
44847,2024,1593,2.0,191.49717514124293,572.75,4.0,Uribia,La Guajira,53408.0,1.072404883163571,True,False
44847,2025,71,1.0,186.18309859154928,814.0,4.0,Uribia,La Guajira,55283.0,1.472423710724816,False,False
44855,2022,102,1.0,251.51960784313727,656.5,4.0,Urumita,La Guajira,3391.0,19.360070775582425,False,False
44855,2023,138,2.0,250.7463768115942,451.25,4.0,Urumita,La Guajira,3457.0,13.053225339890078,True,False
44855,2024,141,1.0,259.09929078014187,549.0,4.0,Urumita,La Guajira,3541.0,15.50409488844959,False,False
44874,2022,302,1.0,241.31456953642385,1622.75,4.0,Villanueva,La Guajira,9683.0,16.758752452752248,False,False
44874,2023,320,1.0,245.8125,1331.25,4.0,Villanueva,La Guajira,9936.0,13.39824879227053,False,False
44874,2024,360,1.0,246.87222222222223,2240.5,4.0,Villanueva,La Guajira,10194.0,21.978614871493036,False,False
47001,2022,6941,2.0,244.36233972050138,108829.0,4.0,Santa Marta,Magdalena,153022.0,71.11983897740194,True,False
47001,2023,7196,2.0,245.28640911617566,98914.25,4.0,Santa Marta,Magdalena,156867.0,63.0561239776371,True,False
47001,2024,7042,2.0,248.0194547003692,98452.5,4.0,Santa Marta,Magdalena,160816.0,61.220587503730975,True,False
47001,2025,111,1.0,301.01801801801804,113879.75,4.0,Santa Marta,Magdalena,164688.0,69.1487843680171,False,False
47030,2022,197,1.0,205.8223350253807,845.75,4.0,Algarrobo,Magdalena,4649.0,18.192084319208433,False,False
47030,2023,220,1.0,207.4,929.0,4.0,Algarrobo,Magdalena,4796.0,19.370308590492076,False,False
47030,2024,189,1.0,208.5978835978836,794.0,4.0,Algarrobo,Magdalena,4946.0,16.053376465830972,False,False
47053,2022,414,1.0,212.02173913043478,1408.5,4.0,Aracataca,Magdalena,11733.0,12.00460240347737,False,False
47053,2023,433,1.0,217.77136258660508,1236.0,4.0,Aracataca,Magdalena,11951.0,10.342230775667307,False,False
47053,2024,443,1.0,214.34762979683973,992.75,4.0,Aracataca,Magdalena,12166.0,8.16003616636528,False,False
47058,2022,418,1.0,228.53827751196172,977.5,4.0,Ariguaní,Magdalena,8542.0,11.44345586513697,False,False
47058,2023,452,2.0,221.76991150442478,923.25,4.0,Ariguaní,Magdalena,8609.0,10.72424207224997,True,False
47058,2024,495,1.0,219.62828282828283,919.25,4.0,Ariguaní,Magdalena,8678.0,10.59287854344319,False,False
47161,2022,95,1.0,192.4,2.5,4.0,Cerro de San Antonio,Magdalena,3033.0,0.08242664029014178,False,False
47161,2023,91,1.0,201.1868131868132,1.0,4.0,Cerro de San Antonio,Magdalena,3116.0,0.03209242618741977,False,False
47161,2024,88,1.0,200.4318181818182,126.25,4.0,Cerro de San Antonio,Magdalena,3204.0,3.940387016229713,False,False
47170,2022,238,1.0,214.61764705882354,288.75,4.0,Chivolo,Magdalena,7325.0,3.9419795221843,False,False
47170,2023,291,1.0,218.0171821305842,267.25,4.0,Chivolo,Magdalena,7559.0,3.535520571504167,False,False
47170,2024,283,1.0,211.90812720848058,299.5,4.0,Chivolo,Magdalena,7804.0,3.837775499743721,False,False
47189,2022,1373,2.0,221.5061908230153,10412.5,4.0,Ciénaga,Magdalena,32795.0,31.750266808964785,True,False
47189,2023,1406,2.0,223.9118065433855,10614.75,4.0,Ciénaga,Magdalena,33548.0,31.640485274830095,True,False
47189,2024,1454,2.0,225.3872077028886,11008.5,4.0,Ciénaga,Magdalena,34334.0,32.06296965107474,True,False
47205,2022,170,1.0,206.95882352941177,1.25,4.0,Concordia,Magdalena,3223.0,0.03878374185541421,False,False
47205,2023,178,1.0,212.97752808988764,1.0,4.0,Concordia,Magdalena,3259.0,0.03068425897514575,False,False
47205,2024,149,1.0,204.5771812080537,83.25,4.0,Concordia,Magdalena,3311.0,2.5143461189972816,False,False
47245,2022,800,1.0,223.02625,1917.5,4.0,El Banco,Magdalena,20803.0,9.217420564341682,False,False
47245,2023,865,1.0,223.95606936416186,2429.25,4.0,El Banco,Magdalena,21287.0,11.411894583548644,False,False
47245,2024,920,2.0,226.0021739130435,2568.0,4.0,El Banco,Magdalena,21770.0,11.796049609554432,True,False
47245,2025,2,1.0,202.5,3322.75,4.0,El Banco,Magdalena,22236.0,14.943110271631587,False,False
47258,2022,213,1.0,206.33333333333334,254.5,4.0,El Piñón,Magdalena,7637.0,3.332460390205578,False,False
47258,2023,217,1.0,216.64055299539172,363.75,4.0,El Piñón,Magdalena,7851.0,4.633167749331295,False,False
47258,2024,231,1.0,212.13419913419912,737.5,4.0,El Piñón,Magdalena,8080.0,9.127475247524753,False,False
47268,2022,294,1.0,211.0,546.75,4.0,El Retén,Magdalena,4813.0,11.35985871597756,False,False
47268,2023,294,1.0,213.35714285714286,619.5,4.0,El Retén,Magdalena,4882.0,12.689471528062269,False,False
47268,2024,344,1.0,206.98837209302326,352.5,4.0,El Retén,Magdalena,4952.0,7.118336025848142,False,False
47288,2022,1140,1.0,227.94122807017544,6848.0,4.0,Fundación,Magdalena,18418.0,37.1810185687914,False,False
47288,2023,1128,2.0,233.04432624113474,7108.25,4.0,Fundación,Magdalena,18824.0,37.76163408414789,True,False
47288,2024,1157,1.0,229.44338807260155,5859.75,4.0,Fundación,Magdalena,19242.0,30.452915497349547,False,False
47318,2022,355,1.0,218.87042253521128,865.25,4.0,Guamal,Magdalena,6930.0,12.485569985569986,False,False
47318,2023,432,1.0,231.47453703703704,1055.75,4.0,Guamal,Magdalena,7006.0,15.069226377390807,False,False
47318,2024,415,1.0,222.83614457831325,1068.5,4.0,Guamal,Magdalena,7090.0,15.07052186177715,False,False
47460,2022,182,1.0,216.45604395604394,327.5,4.0,Nueva Granada,Magdalena,5654.0,5.792359391581182,False,False
47460,2023,210,1.0,215.8761904761905,420.5,4.0,Nueva Granada,Magdalena,5809.0,7.238767429850232,False,False
47460,2024,218,1.0,221.91284403669724,524.0,4.0,Nueva Granada,Magdalena,5969.0,8.778689897805329,False,False
47541,2022,102,1.0,207.3921568627451,8.25,4.0,Pedraza,Magdalena,2848.0,0.28967696629213485,False,False
47541,2023,124,1.0,206.54032258064515,1.25,4.0,Pedraza,Magdalena,2908.0,0.042984869325997245,False,False
47541,2024,79,1.0,208.873417721519,134.0,4.0,Pedraza,Magdalena,2973.0,4.507231752438614,False,False
47545,2022,185,1.0,214.84864864864866,302.25,4.0,Pijiño del Carmen,Magdalena,3736.0,8.090203426124196,False,False
47545,2023,178,1.0,218.97752808988764,255.75,4.0,Pijiño del Carmen,Magdalena,3831.0,6.675802662490211,False,False
47545,2024,208,2.0,214.91346153846155,397.0,4.0,Pijiño del Carmen,Magdalena,3926.0,10.11207335710647,True,False
47545,2025,1,1.0,232.0,741.0,4.0,Pijiño del Carmen,Magdalena,4021.0,18.428251678686895,False,False
47551,2022,429,1.0,227.19347319347318,2878.25,4.0,Pivijay,Magdalena,10801.0,26.647995555967043,False,False
47551,2023,434,1.0,233.91013824884791,2848.25,4.0,Pivijay,Magdalena,10983.0,25.93326049348994,False,False
47551,2024,430,1.0,228.87209302325581,2760.75,4.0,Pivijay,Magdalena,11184.0,24.684817596566525,False,False
47555,2022,675,1.0,219.76444444444445,5228.0,4.0,Plato,Magdalena,19760.0,26.45748987854251,False,False
47555,2023,752,1.0,224.6875,5306.0,4.0,Plato,Magdalena,20365.0,26.054505278664376,False,False
47555,2024,720,1.0,221.92361111111111,4154.75,4.0,Plato,Magdalena,21008.0,19.77698971820259,False,False
47570,2022,255,1.0,193.7764705882353,440.0,4.0,Puebloviejo,Magdalena,9477.0,4.642819457634272,False,False
47570,2023,239,1.0,198.46861924686192,378.25,4.0,Puebloviejo,Magdalena,9690.0,3.903508771929825,False,False
47570,2024,258,1.0,198.18217054263565,329.5,4.0,Puebloviejo,Magdalena,9913.0,3.3239180873600325,False,False
47605,2022,70,1.0,201.22857142857143,195.25,4.0,Remolino,Magdalena,3971.0,4.916897506925208,False,False
47605,2023,86,1.0,200.6046511627907,165.5,4.0,Remolino,Magdalena,4096.0,4.04052734375,False,False
47605,2024,92,1.0,215.4673913043478,141.75,4.0,Remolino,Magdalena,4226.0,3.354235683861808,False,False
47660,2022,192,1.0,207.234375,423.0,4.0,Sabanas de San Ángel,Magdalena,3895.0,10.86007702182285,False,False
47660,2023,152,1.0,211.07894736842104,414.25,4.0,Sabanas de San Ángel,Magdalena,3946.0,10.49797263051191,False,False
47660,2024,174,1.0,207.0287356321839,414.5,4.0,Sabanas de San Ángel,Magdalena,4008.0,10.34181636726547,False,False
47675,2022,111,1.0,213.55855855855856,480.75,4.0,Salamina,Magdalena,3673.0,13.088755785461476,False,False
47675,2023,134,1.0,221.32835820895522,460.5,4.0,Salamina,Magdalena,3777.0,12.192216044479746,False,False
47675,2024,105,1.0,221.7904761904762,490.0,4.0,Salamina,Magdalena,3896.0,12.577002053388089,False,False
47692,2022,349,1.0,233.8968481375358,551.5,4.0,San Sebastián de Buenavista,Magdalena,5397.0,10.21863998517695,False,False
47692,2023,275,1.0,235.2109090909091,547.75,4.0,San Sebastián de Buenavista,Magdalena,5491.0,9.975414314332545,False,False
47692,2024,305,1.0,239.11147540983606,556.5,4.0,San Sebastián de Buenavista,Magdalena,5585.0,9.964189794091316,False,False
47703,2022,165,1.0,216.3030303030303,30.25,4.0,San Zenón,Magdalena,3405.0,0.8883994126284875,False,False
47703,2023,137,1.0,221.75912408759123,71.25,4.0,San Zenón,Magdalena,3499.0,2.036296084595599,False,False
47703,2024,170,1.0,221.21176470588236,114.25,4.0,San Zenón,Magdalena,3605.0,3.1692094313453536,False,False
47707,2022,344,1.0,216.49418604651163,354.0,4.0,Santa Ana,Magdalena,7988.0,4.43164747120681,False,False
47707,2023,340,1.0,212.23529411764707,357.75,4.0,Santa Ana,Magdalena,8155.0,4.386879215205395,False,False
47707,2024,362,1.0,213.3232044198895,779.0,4.0,Santa Ana,Magdalena,8331.0,9.350618173088465,False,False
47707,2025,1,1.0,188.0,1146.75,4.0,Santa Ana,Magdalena,8496.0,13.497528248587571,False,False
47720,2022,171,1.0,202.90058479532163,206.25,4.0,Santa Bárbara de Pinto,Magdalena,3096.0,6.661821705426356,False,False
47720,2023,109,1.0,220.80733944954127,388.5,4.0,Santa Bárbara de Pinto,Magdalena,3127.0,12.42404860889031,False,False
47720,2024,124,1.0,213.6451612903226,376.0,4.0,Santa Bárbara de Pinto,Magdalena,3165.0,11.879936808846761,False,False
47745,2022,212,1.0,206.53301886792454,600.75,4.0,Sitionuevo,Magdalena,7284.0,8.247528830313016,False,False
47745,2023,233,1.0,213.23175965665237,575.75,4.0,Sitionuevo,Magdalena,7362.0,7.8205650638413475,False,False
47745,2024,202,1.0,212.93564356435644,540.75,4.0,Sitionuevo,Magdalena,7454.0,7.254494231285216,False,False
47798,2022,171,1.0,210.78362573099415,387.0,4.0,Tenerife,Magdalena,4055.0,9.543773119605426,False,False
47798,2023,176,1.0,225.71022727272728,379.25,4.0,Tenerife,Magdalena,4131.0,9.180585814572742,False,False
47798,2024,188,1.0,220.28191489361703,394.0,4.0,Tenerife,Magdalena,4197.0,9.38765785084584,False,False
47960,2022,99,1.0,223.21212121212122,80.33333333333333,3.0,Zapayán,Magdalena,2904.0,2.766299357208448,False,False
47960,2024,156,1.0,214.78846153846155,34.666666666666664,3.0,Zapayán,Magdalena,3043.0,1.139226640376821,False,False
47980,2022,897,1.0,202.53957636566332,591.5,4.0,Zona Bananera,Magdalena,19010.0,3.111520252498685,False,False
47980,2023,992,1.0,208.05443548387098,507.5,4.0,Zona Bananera,Magdalena,19437.0,2.610999639862119,False,False
47980,2024,880,1.0,210.23977272727274,473.75,4.0,Zona Bananera,Magdalena,19879.0,2.3831681674128475,False,False
47980,2025,4,1.0,194.75,1009.25,4.0,Zona Bananera,Magdalena,20301.0,4.971429978818778,False,False
50001,2022,6389,2.0,258.7685083737674,102262.25,4.0,Villavicencio,Meta,191053.0,53.52559237489074,True,False
50001,2023,7032,2.0,261.05901592719,103572.25,4.0,Villavicencio,Meta,194812.0,53.16523109459376,True,False
50001,2024,7076,2.0,262.52218767665346,104447.75,4.0,Villavicencio,Meta,198795.0,52.540431097361605,True,False
50001,2025,383,1.0,222.33681462140993,113605.75,4.0,Villavicencio,Meta,202676.0,56.05288736702915,False,False
50006,2022,1001,2.0,261.8151848151848,18125.5,4.0,Acacías,Meta,31389.0,57.74475134601293,True,False
50006,2023,1164,2.0,261.80927835051546,19004.75,4.0,Acacías,Meta,32333.0,58.77818328024,True,False
50006,2024,1099,2.0,259.9444949954504,20449.25,4.0,Acacías,Meta,33311.0,61.38888054996848,True,False
50006,2025,45,1.0,181.6,22311.5,4.0,Acacías,Meta,34288.0,65.07087027531497,False,False
50110,2022,78,1.0,216.35897435897436,199.25,4.0,Barranca de Upía,Meta,2309.0,8.629276743178865,False,False
50110,2023,85,1.0,224.50588235294117,201.5,4.0,Barranca de Upía,Meta,2388.0,8.438023450586265,False,False
50110,2024,105,1.0,239.2095238095238,229.75,4.0,Barranca de Upía,Meta,2475.0,9.282828282828284,False,False
50124,2022,54,1.0,233.5,108.0,4.0,Cabuyaro,Meta,2169.0,4.979253112033195,False,False
50124,2023,54,1.0,232.2962962962963,200.75,4.0,Cabuyaro,Meta,2225.0,9.022471910112358,False,False
50124,2024,90,1.0,227.0,229.0,4.0,Cabuyaro,Meta,2287.0,10.013117621337997,False,False
50150,2022,187,1.0,241.23529411764707,780.0,4.0,Castilla La Nueva,Meta,5126.0,15.216543113538822,False,False
50150,2023,181,1.0,247.02762430939225,467.5,4.0,Castilla La Nueva,Meta,5315.0,8.795860771401694,False,False
50150,2024,211,1.0,239.93364928909952,234.5,4.0,Castilla La Nueva,Meta,5508.0,4.257443718228032,False,False
50223,2022,74,1.0,244.02702702702703,3.0,4.0,Cubarral,Meta,2873.0,0.10442046641141664,False,False
50223,2023,85,1.0,258.7529411764706,1.5,4.0,Cubarral,Meta,2916.0,0.051440329218107,False,False
50223,2024,72,1.0,254.77777777777777,30.5,4.0,Cubarral,Meta,2975.0,1.0252100840336134,False,False
50226,2022,332,2.0,253.72590361445782,2646.75,4.0,Cumaral,Meta,8832.0,29.96773097826087,True,False
50226,2023,355,1.0,243.4732394366197,3115.75,4.0,Cumaral,Meta,8986.0,34.67338081460049,False,False
50226,2024,345,2.0,252.62608695652173,3489.75,4.0,Cumaral,Meta,9155.0,38.11851447296559,True,False
50226,2025,3,1.0,234.0,3872.25,4.0,Cumaral,Meta,9311.0,41.58790677693051,False,False
50245,2022,21,1.0,238.38095238095238,2.0,4.0,El Calvario,Meta,649.0,0.30816640986132515,False,False
50245,2023,30,1.0,257.5,2.0,4.0,El Calvario,Meta,665.0,0.30075187969924816,False,False
50245,2024,33,1.0,247.27272727272728,1.5,4.0,El Calvario,Meta,675.0,0.2222222222222222,False,False
50251,2022,76,1.0,236.77631578947367,3.0,4.0,El Castillo,Meta,2807.0,0.10687566797292483,False,False
50251,2023,101,1.0,243.83168316831683,1.5,2.0,El Castillo,Meta,2851.0,0.0526131182041389,False,False
50251,2024,58,1.0,259.2931034482759,84.25,4.0,El Castillo,Meta,2902.0,2.903170227429359,False,False
50270,2022,92,1.0,230.8913043478261,2.5,4.0,El Dorado,Meta,1477.0,0.16926201760324985,False,False
50270,2023,92,1.0,229.95652173913044,1.0,4.0,El Dorado,Meta,1500.0,0.06666666666666667,False,False
50270,2024,88,1.0,218.39772727272728,23.0,2.0,El Dorado,Meta,1519.0,1.5141540487162608,False,False
50287,2022,85,1.0,227.21176470588236,15.5,4.0,Fuente de Oro,Meta,4260.0,0.363849765258216,False,False
50287,2023,146,1.0,231.0205479452055,11.5,4.0,Fuente de Oro,Meta,4330.0,0.26558891454965355,False,False
50287,2024,124,1.0,236.80645161290323,8.5,4.0,Fuente de Oro,Meta,4398.0,0.19326966803092316,False,False
50313,2022,985,1.0,250.00913705583756,1623.25,4.0,Granada,Meta,25133.0,6.458640035013727,False,False
50313,2023,1017,1.0,251.57817109144543,2829.25,4.0,Granada,Meta,25553.0,11.072085469416507,False,False
50313,2024,1049,1.0,251.21734985700667,1575.0,4.0,Granada,Meta,25994.0,6.059090559359852,False,False
50318,2022,174,1.0,248.94827586206895,751.0,4.0,Guamal,Meta,5141.0,14.608052907994553,False,False
50318,2023,280,1.0,253.01071428571427,826.25,4.0,Guamal,Meta,5290.0,15.619092627599244,False,False
50318,2024,217,1.0,253.50230414746545,1253.0,4.0,Guamal,Meta,5443.0,23.02039316553371,False,False
50325,2024,45,1.0,227.53333333333333,40.75,4.0,Mapiripán,Meta,2363.0,1.724502750740584,False,False
50330,2022,101,2.0,226.45544554455446,264.25,4.0,Mesetas,Meta,4319.0,6.118314424635332,True,False
50330,2023,71,1.0,245.2112676056338,419.0,4.0,Mesetas,Meta,4399.0,9.524892020913844,False,False
50330,2024,87,1.0,248.2183908045977,680.5,4.0,Mesetas,Meta,4470.0,15.223713646532438,False,False
50330,2025,1,1.0,203.0,692.0,4.0,Mesetas,Meta,4554.0,15.195432586736935,False,False
50350,2022,128,1.0,237.5390625,478.5,4.0,La Macarena,Meta,8923.0,5.3625462288468,False,False
50350,2023,117,1.0,243.43589743589743,428.0,4.0,La Macarena,Meta,9139.0,4.683225735857315,False,False
50350,2024,133,1.0,231.30827067669173,402.75,4.0,La Macarena,Meta,9370.0,4.2982924226254005,False,False
50370,2022,122,1.0,219.77868852459017,163.75,4.0,Uribe,Meta,2975.0,5.504201680672269,False,False
50370,2023,121,1.0,228.47107438016528,198.25,4.0,Uribe,Meta,3029.0,6.545064377682404,False,False
50370,2024,102,1.0,223.45098039215685,421.5,4.0,Uribe,Meta,3081.0,13.680623174294059,False,False
50400,2022,146,2.0,242.95205479452054,187.0,4.0,Lejanías,Meta,4221.0,4.430229803364131,True,False
50400,2023,161,2.0,243.64596273291926,129.5,4.0,Lejanías,Meta,4291.0,3.0179445350734095,True,False
50400,2024,158,1.0,240.15189873417722,914.0,4.0,Lejanías,Meta,4364.0,20.944087992667278,False,False
50450,2022,99,1.0,223.86868686868686,1.0,2.0,Puerto Concordia,Meta,3064.0,0.03263707571801567,False,False
50450,2023,106,1.0,228.77358490566039,1.0,1.0,Puerto Concordia,Meta,3112.0,0.032133676092544985,False,False
50568,2022,446,2.0,223.21973094170403,3229.25,4.0,Puerto Gaitán,Meta,13769.0,23.45304669910669,True,False
50568,2023,497,1.0,228.31187122736418,3419.25,4.0,Puerto Gaitán,Meta,14393.0,23.756339887445286,False,False
50568,2024,491,1.0,230.90835030549897,2796.25,4.0,Puerto Gaitán,Meta,15022.0,18.61436559712422,False,False
50573,2022,411,2.0,249.58880778588806,2379.75,4.0,Puerto López,Meta,10418.0,22.842676137454408,True,False
50573,2023,428,2.0,250.21028037383178,1998.75,4.0,Puerto López,Meta,10578.0,18.8953488372093,True,False
50573,2024,412,1.0,249.0121359223301,1484.25,4.0,Puerto López,Meta,10760.0,13.79414498141264,False,False
50573,2025,5,1.0,189.4,2161.5,4.0,Puerto López,Meta,10925.0,19.784897025171624,False,False
50577,2022,79,1.0,222.46835443037975,1.0,2.0,Puerto Lleras,Meta,3865.0,0.0258732212160414,False,False
50577,2023,69,1.0,242.57971014492753,1.5,4.0,Puerto Lleras,Meta,3917.0,0.038294613224406436,False,False
50590,2022,109,1.0,224.42201834862385,8.5,4.0,Puerto Rico,Meta,4929.0,0.17244877257050112,False,False
50590,2023,120,1.0,228.31666666666666,1.0,4.0,Puerto Rico,Meta,5002.0,0.019992003198720514,False,False
50590,2024,98,1.0,216.5408163265306,49.0,3.0,Puerto Rico,Meta,5079.0,0.9647568418980115,False,False
50606,2022,309,1.0,264.05501618122975,2876.0,4.0,Restrepo,Meta,6719.0,42.80398868879298,False,False
50606,2023,326,1.0,273.1411042944785,3582.75,4.0,Restrepo,Meta,6922.0,51.75888471540018,False,False
50606,2024,292,1.0,274.6678082191781,4030.75,4.0,Restrepo,Meta,7124.0,56.57987085906794,False,False
50680,2022,121,1.0,233.7520661157025,135.0,4.0,San Carlos de Guaroa,Meta,4375.0,3.085714285714286,False,False
50680,2023,160,2.0,234.45,172.0,4.0,San Carlos de Guaroa,Meta,4516.0,3.8086802480070863,True,False
50680,2024,153,1.0,230.55555555555554,51.5,4.0,San Carlos de Guaroa,Meta,4658.0,1.1056247316444827,False,False
50683,2022,84,1.0,240.97619047619048,14.25,4.0,San Juan de Arama,Meta,3563.0,0.3999438675273646,False,False
50683,2023,91,1.0,243.36263736263737,19.75,4.0,San Juan de Arama,Meta,3615.0,0.5463347164591977,False,False
50683,2024,69,1.0,240.79710144927537,63.5,4.0,San Juan de Arama,Meta,3668.0,1.7311886586695746,False,False
50686,2024,18,1.0,238.77777777777777,1.0,1.0,San Juanito,Meta,457.0,0.2188183807439825,False,False
50689,2022,235,2.0,249.89787234042552,1046.25,4.0,San Martín,Meta,10244.0,10.21329558766107,True,False
50689,2023,253,1.0,244.43873517786562,806.5,4.0,San Martín,Meta,10400.0,7.7548076923076925,False,False
50689,2024,249,1.0,251.8393574297189,926.5,4.0,San Martín,Meta,10563.0,8.771182429234118,False,False
50711,2022,215,2.0,231.48372093023255,4.5,4.0,Vistahermosa,Meta,6280.0,0.07165605095541401,True,False
50711,2023,263,2.0,230.72243346007605,1.75,4.0,Vistahermosa,Meta,6370.0,0.027472527472527472,True,False
50711,2024,229,2.0,223.1703056768559,401.5,4.0,Vistahermosa,Meta,6469.0,6.206523419384758,True,False
52001,2022,5164,2.0,273.8129357087529,77616.0,4.0,Pasto,Nariño,129255.0,60.04874086108855,True,False
52001,2023,5037,2.0,273.9336906889021,79671.25,4.0,Pasto,Nariño,130760.0,60.92937442643011,True,False
52001,2024,5103,2.0,277.2692533803645,76292.5,4.0,Pasto,Nariño,132353.0,57.643196603023725,True,False
52001,2025,411,1.0,294.1192214111922,78856.0,4.0,Pasto,Nariño,133897.0,58.89302971687192,False,False
52019,2022,115,1.0,245.84347826086957,283.75,4.0,Albán,Nariño,3952.0,7.179908906882591,False,False
52019,2023,124,1.0,247.81451612903226,370.5,4.0,Albán,Nariño,3981.0,9.306706857573474,False,False
52019,2024,95,1.0,253.34736842105264,419.25,4.0,Albán,Nariño,4017.0,10.436893203883495,False,False
52022,2022,103,1.0,252.79611650485438,4.0,4.0,Aldana,Nariño,2625.0,0.1523809523809524,False,False
52022,2023,81,1.0,269.1111111111111,26.25,4.0,Aldana,Nariño,2662.0,0.9861006761833208,False,False
52022,2024,84,1.0,270.6190476190476,110.0,4.0,Aldana,Nariño,2702.0,4.071058475203553,False,False
52036,2022,91,1.0,243.83516483516485,30.5,4.0,Ancuya,Nariño,3902.0,0.7816504356740134,False,False
52036,2023,80,1.0,232.75,240.5,4.0,Ancuya,Nariño,3929.0,6.121150419954187,False,False
52036,2024,79,1.0,248.30379746835442,395.0,4.0,Ancuya,Nariño,3965.0,9.962168978562422,False,False
52051,2022,95,1.0,238.68421052631578,68.25,4.0,Arboleda,Nariño,2659.0,2.566754418954494,False,False
52051,2023,77,1.0,244.7922077922078,77.25,4.0,Arboleda,Nariño,2714.0,2.846352247605011,False,False
52051,2024,108,1.0,245.74074074074073,108.5,4.0,Arboleda,Nariño,2768.0,3.919797687861272,False,False
52079,2022,313,1.0,196.8370607028754,485.75,4.0,Barbacoas,Nariño,17082.0,2.8436365765132887,False,False
52079,2023,366,1.0,198.21038251366122,480.25,4.0,Barbacoas,Nariño,17535.0,2.7388080980895353,False,False
52079,2024,397,1.0,197.3375314861461,480.0,4.0,Barbacoas,Nariño,17977.0,2.6700784335539858,False,False
52083,2022,71,1.0,264.67605633802816,162.0,4.0,Belén,Nariño,2268.0,7.142857142857142,False,False
52083,2023,67,1.0,267.2835820895522,740.25,4.0,Belén,Nariño,2286.0,32.381889763779526,False,False
52083,2024,64,1.0,275.8125,209.0,4.0,Belén,Nariño,2302.0,9.079061685490878,False,False
52110,2022,226,2.0,254.78318584070797,859.75,4.0,Buesaco,Nariño,9256.0,9.288569576490925,True,False
52110,2023,191,1.0,256.7958115183246,1125.5,4.0,Buesaco,Nariño,9409.0,11.961951323201191,False,False
52110,2024,212,2.0,256.311320754717,1287.5,4.0,Buesaco,Nariño,9553.0,13.477441641369204,True,False
52203,2022,67,1.0,250.46268656716418,135.5,4.0,Colón,Nariño,3060.0,4.428104575163399,False,False
52203,2023,80,1.0,264.9625,185.5,4.0,Colón,Nariño,3081.0,6.020772476468679,False,False
52203,2024,82,1.0,270.7926829268293,170.75,4.0,Colón,Nariño,3096.0,5.515180878552972,False,False
52207,2022,133,1.0,241.90977443609023,157.0,4.0,Consacá,Nariño,5989.0,2.621472699949908,False,False
52207,2023,113,1.0,262.3805309734513,441.75,4.0,Consacá,Nariño,6127.0,7.209890647951688,False,False
52207,2024,103,1.0,267.59223300970876,498.5,4.0,Consacá,Nariño,6263.0,7.959444355740061,False,False
52210,2022,52,1.0,256.03846153846155,294.25,4.0,Contadero,Nariño,2648.0,11.112160120845921,False,False
52210,2023,46,1.0,272.8478260869565,304.75,4.0,Contadero,Nariño,2679.0,11.375513251213139,False,False
52210,2024,45,1.0,269.06666666666666,256.75,4.0,Contadero,Nariño,2720.0,9.439338235294118,False,False
52215,2022,186,2.0,252.4247311827957,162.0,4.0,Córdoba,Nariño,5610.0,2.8877005347593583,True,False
52215,2023,184,2.0,239.54891304347825,168.0,4.0,Córdoba,Nariño,5729.0,2.932448943969279,True,False
52215,2024,206,2.0,247.38349514563106,162.0,4.0,Córdoba,Nariño,5846.0,2.7711255559356824,True,False
52215,2025,14,1.0,197.57142857142858,203.5,4.0,Córdoba,Nariño,5975.0,3.405857740585774,False,False
52224,2023,69,1.0,253.28985507246378,137.0,4.0,Cuaspud Carlosama,Nariño,3174.0,4.316320100819156,False,False
52224,2024,65,1.0,252.03076923076924,89.0,4.0,Cuaspud Carlosama,Nariño,3242.0,2.745219000616903,False,False
52227,2022,544,1.0,234.52757352941177,114.25,4.0,Cumbal,Nariño,12776.0,0.8942548528490921,False,False
52227,2023,448,1.0,253.20982142857142,153.0,4.0,Cumbal,Nariño,13077.0,1.1699931176875429,False,False
52227,2024,441,1.0,259.7142857142857,254.5,4.0,Cumbal,Nariño,13392.0,1.9003882915173238,False,False
52233,2022,100,1.0,237.27,14.0,4.0,Cumbitara,Nariño,2131.0,0.656968559361802,False,False
52233,2023,74,1.0,245.77027027027026,28.0,4.0,Cumbitara,Nariño,2146.0,1.30475302889096,False,False
52233,2024,69,1.0,239.91304347826087,192.25,4.0,Cumbitara,Nariño,2171.0,8.855366190695532,False,False
52240,2022,119,1.0,242.27731092436974,1805.75,4.0,Chachagüí,Nariño,5042.0,35.81416104720349,False,False
52240,2023,139,1.0,248.5611510791367,1509.25,4.0,Chachagüí,Nariño,5134.0,29.39715621347877,False,False
52240,2024,126,1.0,262.8492063492063,1402.25,4.0,Chachagüí,Nariño,5227.0,26.82705184618328,False,False
52250,2022,248,1.0,191.65725806451613,128.5,4.0,El Charco,Nariño,6050.0,2.1239669421487606,False,False
52250,2023,199,1.0,195.356783919598,106.5,4.0,El Charco,Nariño,6108.0,1.743614931237721,False,False
52250,2024,200,1.0,191.095,283.5,4.0,El Charco,Nariño,6181.0,4.586636466591167,False,False
52254,2022,74,1.0,264.8378378378378,386.75,4.0,El Peñol,Nariño,2854.0,13.551156271899089,False,False
52254,2023,64,1.0,251.1875,450.75,4.0,El Peñol,Nariño,2901.0,15.537745604963806,False,False
52254,2024,72,1.0,264.5,494.25,4.0,El Peñol,Nariño,2950.0,16.75423728813559,False,False
52256,2022,74,1.0,230.48648648648648,167.5,4.0,El Rosario,Nariño,5841.0,2.8676596473206644,False,False
52256,2023,61,1.0,228.68852459016392,206.0,4.0,El Rosario,Nariño,5942.0,3.466846179737462,False,False
52256,2024,54,1.0,248.46296296296296,449.0,4.0,El Rosario,Nariño,6030.0,7.446102819237148,False,False
52258,2022,179,1.0,252.22346368715083,356.0,4.0,El Tablón de Gómez,Nariño,5342.0,6.664170722575815,False,False
52258,2023,156,1.0,258.31410256410254,567.0,4.0,El Tablón de Gómez,Nariño,5405.0,10.490286771507863,False,False
52258,2024,175,1.0,269.3542857142857,530.5,4.0,El Tablón de Gómez,Nariño,5472.0,9.694809941520468,False,False
52260,2022,171,1.0,251.859649122807,1281.25,4.0,El Tambo,Nariño,5671.0,22.593017104567096,False,False
52260,2023,165,1.0,259.24242424242425,1330.5,4.0,El Tambo,Nariño,5728.0,23.228002793296092,False,False
52260,2024,134,1.0,268.23880597014926,1325.75,4.0,El Tambo,Nariño,5792.0,22.889330110497237,False,False
52287,2022,63,1.0,262.2063492063492,49.5,4.0,Funes,Nariño,3068.0,1.6134289439374185,False,False
52287,2023,62,1.0,244.24193548387098,69.5,4.0,Funes,Nariño,3112.0,2.2332904884318765,False,False
52287,2024,63,1.0,256.6825396825397,80.0,4.0,Funes,Nariño,3150.0,2.5396825396825395,False,False
52317,2022,195,2.0,266.7641025641026,295.25,4.0,Guachucal,Nariño,6937.0,4.256162606313969,True,False
52317,2023,186,2.0,268.6559139784946,592.25,4.0,Guachucal,Nariño,7045.0,8.40667139815472,True,False
52317,2024,205,2.0,276.8731707317073,478.0,4.0,Guachucal,Nariño,7160.0,6.675977653631285,True,False
52317,2025,16,1.0,206.5625,1016.0,4.0,Guachucal,Nariño,7268.0,13.979086406164006,False,False
52320,2022,120,1.0,250.98333333333332,223.5,4.0,Guaitarilla,Nariño,4588.0,4.871403661726243,False,False
52320,2023,95,1.0,269.1578947368421,314.5,4.0,Guaitarilla,Nariño,4619.0,6.80883308075341,False,False
52320,2024,94,1.0,271.27659574468083,323.0,4.0,Guaitarilla,Nariño,4670.0,6.916488222698073,False,False
52323,2022,93,1.0,274.10752688172045,152.25,4.0,Gualmatán,Nariño,2693.0,5.653546230969179,False,False
52323,2023,86,1.0,273.1511627906977,128.5,4.0,Gualmatán,Nariño,2751.0,4.671028716830244,False,False
52323,2024,77,1.0,281.5064935064935,121.5,4.0,Gualmatán,Nariño,2801.0,4.3377365226704745,False,False
52352,2022,89,1.0,247.2921348314607,285.0,4.0,Iles,Nariño,2866.0,9.944173063503142,False,False
52352,2023,92,1.0,254.67391304347825,276.25,4.0,Iles,Nariño,2890.0,9.558823529411764,False,False
52352,2024,74,1.0,261.86486486486484,257.75,4.0,Iles,Nariño,2911.0,8.854345585709378,False,False
52354,2022,79,1.0,263.40506329113924,350.5,4.0,Imués,Nariño,2901.0,12.082040675629093,False,False
52354,2023,68,1.0,252.30882352941177,436.5,4.0,Imués,Nariño,2941.0,14.841890513430805,False,False
52354,2024,76,1.0,254.10526315789474,526.25,4.0,Imués,Nariño,2973.0,17.700975445677766,False,False
52356,2022,1801,2.0,260.89616879511385,7094.0,4.0,Ipiales,Nariño,38113.0,18.613071655340697,True,False
52356,2023,2052,2.0,255.35282651072126,7931.0,4.0,Ipiales,Nariño,38686.0,20.500956418342554,True,False
52356,2024,1908,2.0,262.833857442348,8022.5,4.0,Ipiales,Nariño,39288.0,20.419721034412543,True,False
52356,2025,288,1.0,211.92708333333334,8640.0,4.0,Ipiales,Nariño,39889.0,21.660106796359898,False,False
52378,2022,244,1.0,240.5737704918033,1192.5,4.0,La Cruz,Nariño,7132.0,16.720415030846887,False,False
52378,2023,244,1.0,242.29918032786884,1535.5,4.0,La Cruz,Nariño,7231.0,21.234960586364267,False,False
52378,2024,216,1.0,251.33796296296296,1131.75,4.0,La Cruz,Nariño,7346.0,15.406343588347399,False,False
52381,2022,100,1.0,255.08,359.5,4.0,La Florida,Nariño,3826.0,9.396236278097229,False,False
52381,2023,91,1.0,261.0769230769231,410.25,4.0,La Florida,Nariño,3858.0,10.633748055987558,False,False
52381,2024,100,1.0,267.74,314.75,4.0,La Florida,Nariño,3889.0,8.093340190280278,False,False
52385,2022,60,1.0,261.1666666666667,556.75,4.0,La Llanada,Nariño,2779.0,20.03418495861821,False,False
52385,2023,58,1.0,245.77586206896552,596.5,4.0,La Llanada,Nariño,2809.0,21.235315058739765,False,False
52385,2024,64,1.0,251.25,620.0,4.0,La Llanada,Nariño,2832.0,21.89265536723164,False,False
52390,2022,92,1.0,188.6086956521739,14.25,4.0,La Tola,Nariño,1988.0,0.7168008048289739,False,False
52390,2023,81,1.0,189.98765432098764,8.75,4.0,La Tola,Nariño,2021.0,0.4329539831766452,False,False
52390,2024,83,1.0,183.3975903614458,5.0,4.0,La Tola,Nariño,2060.0,0.24271844660194172,False,False
52399,2022,410,1.0,250.34146341463415,455.75,4.0,La Unión,Nariño,12284.0,3.7101107131227615,False,False
52399,2023,419,1.0,246.1384248210024,638.25,4.0,La Unión,Nariño,12529.0,5.0941814989225,False,False
52399,2024,388,1.0,248.82731958762886,812.25,4.0,La Unión,Nariño,12792.0,6.34967166979362,False,False
52405,2022,90,1.0,237.24444444444444,129.75,4.0,Leiva,Nariño,4008.0,3.2372754491017965,False,False
52405,2023,89,1.0,234.02247191011236,172.25,4.0,Leiva,Nariño,4033.0,4.271014133399455,False,False
52405,2024,93,1.0,233.06451612903226,139.25,4.0,Leiva,Nariño,4073.0,3.418855880186595,False,False
52411,2022,85,1.0,261.83529411764704,189.75,4.0,Linares,Nariño,3989.0,4.756831286036601,False,False
52411,2023,79,1.0,267.9240506329114,227.75,4.0,Linares,Nariño,4018.0,5.668242906918866,False,False
52411,2024,92,1.0,267.6521739130435,219.5,4.0,Linares,Nariño,4058.0,5.409068506653524,False,False
52418,2022,119,1.0,254.80672268907563,571.25,4.0,Los Andes,Nariño,3384.0,16.880910165484632,False,False
52418,2023,119,1.0,252.9579831932773,727.75,4.0,Los Andes,Nariño,3409.0,21.347902610736284,False,False
52418,2024,101,1.0,259.3267326732673,617.75,4.0,Los Andes,Nariño,3438.0,17.96829552065154,False,False
52427,2022,67,1.0,192.26865671641792,94.5,4.0,Magüí,Nariño,5556.0,1.7008639308855291,False,False
52427,2023,43,1.0,196.7906976744186,245.75,4.0,Magüí,Nariño,5708.0,4.305360896986685,False,False
52427,2024,69,1.0,190.7391304347826,217.75,4.0,Magüí,Nariño,5857.0,3.7177736042342495,False,False
52435,2022,102,1.0,228.7058823529412,557.0,4.0,Mallama,Nariño,3065.0,18.172920065252853,False,False
52435,2023,72,1.0,228.97222222222223,524.5,4.0,Mallama,Nariño,3084.0,17.007133592736707,False,False
52435,2024,93,1.0,231.04301075268816,387.75,4.0,Mallama,Nariño,3110.0,12.467845659163986,False,False
52473,2022,58,1.0,199.68965517241378,56.5,4.0,Mosquera,Nariño,3446.0,1.6395821242019732,False,False
52473,2023,62,1.0,198.16129032258064,40.5,4.0,Mosquera,Nariño,3477.0,1.1647972389991372,False,False
52473,2024,57,1.0,211.2982456140351,28.5,4.0,Mosquera,Nariño,3508.0,0.8124287343215507,False,False
52480,2022,45,1.0,246.48888888888888,317.0,4.0,Nariño,Nariño,1621.0,19.55582973473165,False,False
52480,2023,49,1.0,248.12244897959184,382.5,4.0,Nariño,Nariño,1640.0,23.323170731707318,False,False
52480,2024,43,1.0,256.1162790697674,473.5,4.0,Nariño,Nariño,1664.0,28.455528846153843,False,False
52490,2022,179,1.0,205.65921787709496,68.75,4.0,Olaya Herrera,Nariño,7339.0,0.9367761275378117,False,False
52490,2023,166,1.0,202.1265060240964,45.75,4.0,Olaya Herrera,Nariño,7470.0,0.6124497991967871,False,False
52490,2024,156,1.0,202.1153846153846,36.0,4.0,Olaya Herrera,Nariño,7608.0,0.47318611987381703,False,False
52506,2022,53,1.0,259.0377358490566,257.25,4.0,Ospina,Nariño,2718.0,9.464679911699779,False,False
52506,2023,60,1.0,258.95,302.25,4.0,Ospina,Nariño,2743.0,11.018957345971565,False,False
52506,2024,66,1.0,273.1363636363636,316.5,4.0,Ospina,Nariño,2766.0,11.442516268980476,False,False
52520,2022,65,1.0,197.15384615384616,6.25,4.0,Francisco Pizarro,Nariño,4734.0,0.13202365863962823,False,False
52520,2023,68,1.0,203.11764705882354,4.75,4.0,Francisco Pizarro,Nariño,4848.0,0.09797854785478548,False,False
52520,2024,54,1.0,216.37037037037038,4.25,4.0,Francisco Pizarro,Nariño,4965.0,0.08559919436052367,False,False
52540,2022,141,1.0,230.51063829787233,460.25,4.0,Policarpa,Nariño,3612.0,12.742248062015504,False,False
52540,2023,114,1.0,240.57894736842104,899.5,4.0,Policarpa,Nariño,3647.0,24.664107485604607,False,False
52540,2024,94,1.0,243.7127659574468,903.0,4.0,Policarpa,Nariño,3685.0,24.504748982360923,False,False
52560,2022,116,1.0,267.5344827586207,10.75,4.0,Potosí,Nariño,3387.0,0.3173900206672572,False,False
52560,2023,108,1.0,262.6296296296296,17.5,4.0,Potosí,Nariño,3411.0,0.513046027557901,False,False
52560,2024,123,1.0,265.5691056910569,16.75,4.0,Potosí,Nariño,3443.0,0.48649433633459194,False,False
52565,2022,55,1.0,234.36363636363637,43.0,4.0,Providencia,Nariño,2551.0,1.6856134849078792,False,False
52565,2023,66,1.0,232.43939393939394,71.0,4.0,Providencia,Nariño,2574.0,2.7583527583527583,False,False
52565,2024,51,1.0,243.2156862745098,165.5,4.0,Providencia,Nariño,2589.0,6.3924295094631125,False,False
52573,2022,98,1.0,275.3979591836735,68.25,4.0,Puerres,Nariño,3152.0,2.1652918781725887,False,False
52573,2023,89,1.0,257.1685393258427,69.25,4.0,Puerres,Nariño,3166.0,2.1873025900189513,False,False
52573,2024,89,1.0,269.9550561797753,48.25,4.0,Puerres,Nariño,3195.0,1.510172143974961,False,False
52585,2022,259,2.0,257.0617760617761,296.75,4.0,Pupiales,Nariño,5609.0,5.290604385808522,True,False
52585,2023,238,2.0,254.0966386554622,473.5,4.0,Pupiales,Nariño,5641.0,8.393901790462683,True,False
52585,2024,259,2.0,261.2316602316602,637.25,4.0,Pupiales,Nariño,5686.0,11.207351389377418,True,False
52585,2025,18,1.0,203.16666666666666,1185.5,4.0,Pupiales,Nariño,5715.0,20.743657042869643,False,False
52612,2022,186,1.0,223.44086021505376,23.5,4.0,Ricaurte,Nariño,6679.0,0.3518490792034735,False,False
52612,2023,157,1.0,222.76433121019107,70.25,4.0,Ricaurte,Nariño,6890.0,1.0195936139332367,False,False
52612,2024,154,1.0,225.36363636363637,803.25,4.0,Ricaurte,Nariño,7103.0,11.308601999155286,False,False
52621,2022,72,1.0,185.91666666666666,127.75,4.0,Roberto Payán,Nariño,3559.0,3.5894914301770156,False,False
52621,2023,93,1.0,186.96774193548387,180.0,4.0,Roberto Payán,Nariño,3586.0,5.01952035694367,False,False
52621,2024,55,1.0,200.8181818181818,134.0,4.0,Roberto Payán,Nariño,3627.0,3.694513371932727,False,False
52678,2022,296,1.0,255.6858108108108,135.25,4.0,Samaniego,Nariño,12840.0,1.053348909657321,False,False
52678,2023,288,1.0,261.18055555555554,303.75,4.0,Samaniego,Nariño,12936.0,2.3480983302411875,False,False
52678,2024,255,1.0,262.3411764705882,268.5,4.0,Samaniego,Nariño,13044.0,2.058417663293468,False,False
52683,2022,234,1.0,275.991452991453,816.25,4.0,Sandoná,Nariño,7734.0,10.554047064908199,False,False
52683,2023,203,1.0,267.5566502463054,428.25,4.0,Sandoná,Nariño,7800.0,5.490384615384616,False,False
52683,2024,220,1.0,272.81363636363636,1165.5,4.0,Sandoná,Nariño,7873.0,14.803759684999365,False,False
52685,2022,73,1.0,264.13698630136986,400.75,4.0,San Bernardo,Nariño,3263.0,12.281642660128716,False,False
52685,2023,76,1.0,264.39473684210526,520.25,4.0,San Bernardo,Nariño,3285.0,15.837138508371385,False,False
52685,2024,76,1.0,282.2631578947368,573.75,4.0,San Bernardo,Nariño,3314.0,17.31291490645745,False,False
52687,2022,198,1.0,233.4747474747475,362.5,4.0,San Lorenzo,Nariño,6505.0,5.572636433512682,False,False
52687,2023,209,1.0,240.8421052631579,430.75,4.0,San Lorenzo,Nariño,6576.0,6.550334549878345,False,False
52687,2024,186,1.0,242.89247311827958,549.75,4.0,San Lorenzo,Nariño,6645.0,8.27313769751693,False,False
52693,2022,161,1.0,259.3850931677019,457.25,4.0,San Pablo,Nariño,5462.0,8.371475649945074,False,False
52693,2023,172,1.0,256.2325581395349,524.75,4.0,San Pablo,Nariño,5505.0,9.532243415077204,False,False
52693,2024,120,1.0,254.38333333333333,332.0,4.0,San Pablo,Nariño,5558.0,5.973371716444764,False,False
52694,2022,60,1.0,254.25,1.3333333333333333,3.0,San Pedro de Cartago,Nariño,2298.0,0.05802146794313896,False,False
52694,2023,42,1.0,239.54761904761904,190.0,1.0,San Pedro de Cartago,Nariño,2312.0,8.217993079584774,False,False
52694,2024,47,1.0,271.7659574468085,204.5,4.0,San Pedro de Cartago,Nariño,2337.0,8.75053487376979,False,False
52696,2022,40,1.0,191.825,34.25,4.0,Santa Bárbara,Nariño,4233.0,0.8091188282541931,False,False
52696,2023,40,1.0,204.625,53.25,4.0,Santa Bárbara,Nariño,4306.0,1.2366465397120296,False,False
52696,2024,55,1.0,200.36363636363637,89.5,4.0,Santa Bárbara,Nariño,4382.0,2.042446371519854,False,False
52699,2022,76,1.0,230.92105263157896,19.25,4.0,Santacruz,Nariño,3781.0,0.5091245702195187,False,False
52699,2023,79,1.0,223.8860759493671,164.5,4.0,Santacruz,Nariño,3807.0,4.320987654320987,False,False
52699,2024,82,1.0,251.79268292682926,854.0,4.0,Santacruz,Nariño,3843.0,22.22222222222222,False,False
52720,2022,85,1.0,260.91764705882355,87.75,4.0,Sapuyes,Nariño,2389.0,3.673084972791963,False,False
52720,2023,70,1.0,259.4142857142857,323.0,4.0,Sapuyes,Nariño,2416.0,13.369205298013245,False,False
52720,2024,61,1.0,260.8196721311475,395.5,4.0,Sapuyes,Nariño,2431.0,16.269025092554504,False,False
52786,2022,202,1.0,243.3019801980198,572.75,4.0,Taminango,Nariño,6493.0,8.821038040967196,False,False
52786,2023,229,1.0,240.16593886462883,632.25,4.0,Taminango,Nariño,6575.0,9.615969581749049,False,False
52786,2024,222,1.0,247.26576576576576,967.5,4.0,Taminango,Nariño,6669.0,14.507422402159245,False,False
52788,2022,92,1.0,249.57608695652175,237.75,4.0,Tangua,Nariño,4542.0,5.23447820343461,False,False
52788,2023,105,1.0,242.75238095238095,241.5,4.0,Tangua,Nariño,4635.0,5.210355987055016,False,False
52788,2024,95,1.0,254.69473684210527,227.75,4.0,Tangua,Nariño,4723.0,4.8221469405039175,False,False
52835,2022,2149,2.0,201.14285714285714,7915.75,4.0,San Andrés de Tumaco,Nariño,88108.0,8.984144459072956,True,False
52835,2023,2168,2.0,209.41928044280442,7441.0,4.0,San Andrés de Tumaco,Nariño,89742.0,8.291546878830424,True,False
52835,2024,2244,2.0,210.19786096256684,5198.25,4.0,San Andrés de Tumaco,Nariño,91467.0,5.6831972186690285,True,False
52835,2025,36,1.0,189.61111111111111,4278.0,4.0,San Andrés de Tumaco,Nariño,93147.0,4.592740506940642,False,False
52838,2022,495,2.0,256.7979797979798,1141.5,4.0,Túquerres,Nariño,15109.0,7.5550996095042695,True,False
52838,2023,512,2.0,253.28515625,2704.0,4.0,Túquerres,Nariño,15349.0,17.616782852303082,True,False
52838,2024,489,2.0,258.4683026584867,3096.5,4.0,Túquerres,Nariño,15611.0,19.835372493754406,True,False
52838,2025,5,1.0,212.8,3601.25,4.0,Túquerres,Nariño,15859.0,22.707926098745194,False,False
52885,2022,113,1.0,248.1946902654867,480.25,4.0,Yacuanquer,Nariño,3808.0,12.611607142857142,False,False
52885,2023,139,1.0,239.5611510791367,578.5,4.0,Yacuanquer,Nariño,3879.0,14.91363753544728,False,False
52885,2024,100,1.0,245.68,646.75,4.0,Yacuanquer,Nariño,3947.0,16.38586268051685,False,False
54001,2022,9412,2.0,263.6171908202295,112589.75,4.0,San José de Cúcuta,Norte de Santander,233172.0,48.28613641432076,True,False
54001,2023,10118,2.0,264.42330500098836,111028.25,4.0,San José de Cúcuta,Norte de Santander,237074.0,46.832739988358064,True,False
54001,2024,9758,2.0,268.79124820659973,108575.5,4.0,San José de Cúcuta,Norte de Santander,240805.0,45.0885571312888,True,False
54001,2025,186,1.0,233.70967741935485,124151.0,4.0,San José de Cúcuta,Norte de Santander,244209.0,50.83801170309039,False,False
54003,2022,227,1.0,250.62555066079295,1483.5,4.0,Ábrego,Norte de Santander,9904.0,14.978796445880452,False,False
54003,2023,349,1.0,256.8194842406877,1664.5,4.0,Ábrego,Norte de Santander,10150.0,16.399014778325125,False,False
54003,2024,293,1.0,258.5324232081911,1880.75,4.0,Ábrego,Norte de Santander,10402.0,18.08065756585272,False,False
54051,2022,91,1.0,240.6043956043956,318.0,4.0,Arboledas,Norte de Santander,3080.0,10.324675324675326,False,False
54051,2023,119,1.0,246.23529411764707,399.75,4.0,Arboledas,Norte de Santander,3141.0,12.726838586437438,False,False
54051,2024,97,1.0,253.83505154639175,472.5,4.0,Arboledas,Norte de Santander,3196.0,14.784105131414268,False,False
54099,2022,95,1.0,259.9789473684211,308.75,4.0,Bochalema,Norte de Santander,2862.0,10.787910552061495,False,False
54099,2023,108,1.0,270.64814814814815,359.25,4.0,Bochalema,Norte de Santander,2946.0,12.194501018329937,False,False
54099,2024,104,1.0,255.05769230769232,467.5,4.0,Bochalema,Norte de Santander,3029.0,15.434136678771873,False,False
54109,2022,37,1.0,228.13513513513513,19.25,4.0,Bucarasica,Norte de Santander,1988.0,0.9683098591549295,False,False
54109,2023,42,1.0,239.64285714285714,15.0,4.0,Bucarasica,Norte de Santander,2054.0,0.7302823758519961,False,False
54109,2024,51,1.0,250.0392156862745,24.25,4.0,Bucarasica,Norte de Santander,2120.0,1.1438679245283019,False,False
54125,2022,27,1.0,247.77777777777777,31.25,4.0,Cácota,Norte de Santander,944.0,3.3103813559322037,False,False
54125,2023,22,1.0,265.27272727272725,70.0,4.0,Cácota,Norte de Santander,969.0,7.223942208462332,False,False
54125,2024,19,1.0,279.0,72.0,4.0,Cácota,Norte de Santander,990.0,7.2727272727272725,False,False
54128,2022,98,1.0,234.14285714285714,8.0,4.0,Cáchira,Norte de Santander,3603.0,0.22203719122953097,False,False
54128,2023,88,1.0,249.3409090909091,51.25,4.0,Cáchira,Norte de Santander,3677.0,1.3937992929018221,False,False
54128,2024,92,1.0,243.65217391304347,50.25,4.0,Cáchira,Norte de Santander,3737.0,1.3446614931763448,False,False
54172,2022,223,1.0,265.46188340807174,1462.75,4.0,Chinácota,Norte de Santander,6424.0,22.77008094645081,False,False
54172,2023,269,1.0,268.58364312267656,1377.25,4.0,Chinácota,Norte de Santander,6618.0,20.810667875491085,False,False
54172,2024,251,1.0,270.39442231075697,1467.25,4.0,Chinácota,Norte de Santander,6801.0,21.574033230407295,False,False
54174,2022,94,1.0,246.54255319148936,105.5,4.0,Chitagá,Norte de Santander,3584.0,2.943638392857143,False,False
54174,2023,124,1.0,261.83870967741933,168.0,4.0,Chitagá,Norte de Santander,3677.0,4.568942072341583,False,False
54174,2024,112,1.0,263.0982142857143,156.0,4.0,Chitagá,Norte de Santander,3768.0,4.140127388535031,False,False
54206,2022,171,1.0,234.35672514619884,51.0,4.0,Convención,Norte de Santander,5891.0,0.8657273807502971,False,False
54206,2023,217,1.0,241.0,42.25,4.0,Convención,Norte de Santander,6036.0,0.6999668654738237,False,False
54206,2024,188,1.0,242.3404255319149,31.0,4.0,Convención,Norte de Santander,6183.0,0.5013747371825974,False,False
54223,2022,96,1.0,227.0625,86.25,4.0,Cucutilla,Norte de Santander,2648.0,3.257175226586103,False,False
54223,2023,110,1.0,233.75454545454545,155.75,4.0,Cucutilla,Norte de Santander,2687.0,5.796427242277633,False,False
54223,2024,98,1.0,228.77551020408163,158.5,4.0,Cucutilla,Norte de Santander,2721.0,5.825064314590224,False,False
54239,2022,50,1.0,243.56,114.25,4.0,Durania,Norte de Santander,1509.0,7.571239231278993,False,False
54239,2023,65,1.0,256.8,241.25,4.0,Durania,Norte de Santander,1534.0,15.726857887874838,False,False
54239,2024,58,1.0,254.29310344827587,266.75,4.0,Durania,Norte de Santander,1570.0,16.99044585987261,False,False
54245,2022,87,1.0,239.24137931034483,87.5,4.0,El Carmen,Norte de Santander,4445.0,1.968503937007874,False,False
54245,2023,52,1.0,260.90384615384613,111.0,4.0,El Carmen,Norte de Santander,4549.0,2.4400967245548473,False,False
54245,2024,56,1.0,260.2857142857143,312.25,4.0,El Carmen,Norte de Santander,4658.0,6.70352082438815,False,False
54250,2022,233,1.0,219.41630901287553,118.5,4.0,El Tarra,Norte de Santander,7308.0,1.6215106732348112,False,False
54250,2023,202,1.0,217.14851485148515,76.25,4.0,El Tarra,Norte de Santander,7673.0,0.993744298188453,False,False
54250,2024,250,1.0,227.828,92.25,4.0,El Tarra,Norte de Santander,8049.0,1.1461051062243757,False,False
54261,2022,276,1.0,232.70289855072463,883.25,4.0,El Zulia,Norte de Santander,9251.0,9.547616473894713,False,False
54261,2023,325,1.0,245.37846153846155,1094.25,4.0,El Zulia,Norte de Santander,9477.0,11.546375435264324,False,False
54261,2024,310,1.0,249.49032258064517,1661.5,4.0,El Zulia,Norte de Santander,9685.0,17.15539494062984,False,False
54313,2022,71,1.0,244.42253521126761,324.25,4.0,Gramalote,Norte de Santander,2564.0,12.64625585023401,False,False
54313,2023,76,1.0,241.19736842105263,311.0,4.0,Gramalote,Norte de Santander,2633.0,11.811621724268894,False,False
54313,2024,83,1.0,239.55421686746988,334.75,4.0,Gramalote,Norte de Santander,2706.0,12.370657797487066,False,False
54344,2022,61,1.0,234.13114754098362,20.0,4.0,Hacarí,Norte de Santander,2926.0,0.683526999316473,False,False
54344,2023,101,1.0,216.01980198019803,11.75,4.0,Hacarí,Norte de Santander,2967.0,0.3960229187731716,False,False
54344,2024,89,1.0,232.2134831460674,79.75,4.0,Hacarí,Norte de Santander,3015.0,2.6451077943615258,False,False
54347,2022,30,1.0,260.8,98.25,4.0,Herrán,Norte de Santander,2339.0,4.200513039760581,False,False
54347,2023,24,1.0,264.2916666666667,161.5,4.0,Herrán,Norte de Santander,2423.0,6.665290961617829,False,False
54347,2024,36,1.0,232.77777777777777,110.5,4.0,Herrán,Norte de Santander,2513.0,4.397134898527656,False,False
54377,2022,73,1.0,244.05479452054794,50.75,4.0,Labateca,Norte de Santander,2152.0,2.358271375464684,False,False
54377,2023,93,1.0,235.5483870967742,97.0,4.0,Labateca,Norte de Santander,2198.0,4.413102820746133,False,False
54377,2024,70,1.0,245.82857142857142,89.75,4.0,Labateca,Norte de Santander,2243.0,4.001337494427107,False,False
54385,2022,120,1.0,233.38333333333333,36.75,4.0,La Esperanza,Norte de Santander,3535.0,1.0396039603960396,False,False
54385,2023,142,1.0,233.61971830985917,105.5,4.0,La Esperanza,Norte de Santander,3601.0,2.9297417384059985,False,False
54385,2024,132,1.0,242.6969696969697,331.0,4.0,La Esperanza,Norte de Santander,3669.0,9.021531752521122,False,False
54398,2022,68,1.0,245.01470588235293,1.25,4.0,La Playa,Norte de Santander,2292.0,0.054537521815008726,False,False
54398,2023,76,1.0,250.39473684210526,30.0,3.0,La Playa,Norte de Santander,2348.0,1.2776831345826234,False,False
54398,2024,88,1.0,233.9431818181818,141.0,4.0,La Playa,Norte de Santander,2406.0,5.860349127182045,False,False
54405,2022,870,2.0,263.47241379310344,16424.0,4.0,Los Patios,Norte de Santander,30304.0,54.1974656810982,True,False
54405,2023,1055,1.0,262.860663507109,17370.0,4.0,Los Patios,Norte de Santander,31022.0,55.992521436399976,False,False
54405,2024,1023,1.0,266.64320625610947,17640.75,4.0,Los Patios,Norte de Santander,31730.0,55.59643870154428,False,False
54405,2025,2,1.0,233.5,19919.75,4.0,Los Patios,Norte de Santander,32399.0,61.48260748788543,False,False
54418,2022,36,1.0,248.0,145.75,4.0,Lourdes,Norte de Santander,1252.0,11.641373801916934,False,False
54418,2023,56,1.0,243.23214285714286,142.75,4.0,Lourdes,Norte de Santander,1283.0,11.12626656274357,False,False
54418,2024,47,1.0,260.8510638297872,156.0,4.0,Lourdes,Norte de Santander,1313.0,11.881188118811881,False,False
54480,2022,19,1.0,280.5263157894737,29.5,4.0,Mutiscua,Norte de Santander,1453.0,2.0302821748107363,False,False
54480,2023,30,1.0,292.1,77.5,4.0,Mutiscua,Norte de Santander,1478.0,5.2435723951285516,False,False
54480,2024,32,1.0,290.875,75.25,4.0,Mutiscua,Norte de Santander,1508.0,4.990053050397878,False,False
54498,2022,1212,2.0,267.53465346534654,9802.25,4.0,Ocaña,Norte de Santander,39635.0,24.73129809511795,True,False
54498,2023,1342,1.0,269.8628912071535,7471.75,4.0,Ocaña,Norte de Santander,40737.0,18.341434077128902,False,False
54498,2024,1295,2.0,278.72586872586874,8423.75,4.0,Ocaña,Norte de Santander,41835.0,20.13565196605713,True,False
54498,2025,36,1.0,223.91666666666666,15264.5,4.0,Ocaña,Norte de Santander,42902.0,35.5799263437602,False,False
54518,2022,538,2.0,289.1728624535316,6240.5,4.0,Pamplona,Norte de Santander,16677.0,37.419799724171014,True,False
54518,2023,664,2.0,284.21234939759034,6562.25,4.0,Pamplona,Norte de Santander,16899.0,38.83217941890052,True,False
54518,2024,571,2.0,297.3520140105079,6165.75,4.0,Pamplona,Norte de Santander,17113.0,36.02962659966107,True,False
54518,2025,27,1.0,235.7037037037037,6172.25,4.0,Pamplona,Norte de Santander,17306.0,35.66537617011441,False,False
54520,2022,60,1.0,247.06666666666666,148.25,4.0,Pamplonita,Norte de Santander,1874.0,7.9108858057630735,False,False
54520,2023,87,1.0,257.86206896551727,257.25,4.0,Pamplonita,Norte de Santander,1919.0,13.405419489317353,False,False
54520,2024,61,1.0,263.8688524590164,271.5,4.0,Pamplonita,Norte de Santander,1975.0,13.746835443037975,False,False
54553,2022,89,1.0,217.2921348314607,1773.0,4.0,Puerto Santander,Norte de Santander,2822.0,62.827781715095675,False,False
54553,2023,82,1.0,221.65853658536585,734.0,4.0,Puerto Santander,Norte de Santander,2873.0,25.548207448659937,False,False
54553,2024,78,1.0,226.15384615384616,1183.75,4.0,Puerto Santander,Norte de Santander,2925.0,40.47008547008547,False,False
54599,2022,54,1.0,251.1851851851852,147.5,4.0,Ragonvalia,Norte de Santander,1827.0,8.073344280240832,False,False
54599,2023,72,1.0,259.15277777777777,248.5,4.0,Ragonvalia,Norte de Santander,1867.0,13.31012319228709,False,False
54599,2024,49,1.0,260.265306122449,176.0,4.0,Ragonvalia,Norte de Santander,1913.0,9.200209095661265,False,False
54660,2022,112,1.0,243.44642857142858,20.25,4.0,Salazar,Norte de Santander,3272.0,0.6188875305623471,False,False
54660,2023,121,1.0,251.08264462809916,59.25,4.0,Salazar,Norte de Santander,3351.0,1.7681289167412713,False,False
54660,2024,117,1.0,269.62393162393164,391.25,4.0,Salazar,Norte de Santander,3425.0,11.423357664233578,False,False
54670,2022,48,1.0,226.0625,7.5,4.0,San Calixto,Norte de Santander,3936.0,0.19054878048780488,False,False
54670,2023,65,1.0,221.47692307692307,3.0,4.0,San Calixto,Norte de Santander,4024.0,0.07455268389662027,False,False
54670,2024,65,1.0,217.1846153846154,2.25,4.0,San Calixto,Norte de Santander,4120.0,0.0546116504854369,False,False
54673,2022,63,1.0,244.6031746031746,153.75,4.0,San Cayetano,Norte de Santander,2611.0,5.888548448870164,False,False
54673,2023,66,1.0,252.56060606060606,79.25,4.0,San Cayetano,Norte de Santander,2694.0,2.9417223459539716,False,False
54673,2024,78,1.0,249.85897435897436,137.75,4.0,San Cayetano,Norte de Santander,2774.0,4.965753424657534,False,False
54680,2022,38,1.0,262.2894736842105,6.0,4.0,Santiago,Norte de Santander,1166.0,0.5145797598627788,False,False
54680,2023,60,1.0,245.85,8.5,4.0,Santiago,Norte de Santander,1209.0,0.7030603804797354,False,False
54680,2024,46,1.0,240.69565217391303,12.5,4.0,Santiago,Norte de Santander,1251.0,0.9992006394884092,False,False
54720,2022,262,1.0,237.4885496183206,857.5,4.0,Sardinata,Norte de Santander,8383.0,10.22903495168794,False,False
54720,2023,273,1.0,252.36630036630038,888.25,4.0,Sardinata,Norte de Santander,8582.0,10.350151479841529,False,False
54720,2024,235,2.0,249.57872340425533,943.0,4.0,Sardinata,Norte de Santander,8789.0,10.729320741836386,True,False
54743,2022,57,1.0,263.7719298245614,15.75,4.0,Silos,Norte de Santander,2063.0,0.7634512845370819,False,False
54743,2023,52,1.0,265.6923076923077,49.0,4.0,Silos,Norte de Santander,2116.0,2.3156899810964084,False,False
54743,2024,54,1.0,268.3888888888889,67.0,4.0,Silos,Norte de Santander,2175.0,3.0804597701149428,False,False
54800,2022,170,1.0,234.7058823529412,22.5,4.0,Teorama,Norte de Santander,5594.0,0.40221666070790135,False,False
54800,2023,179,1.0,226.9385474860335,15.5,4.0,Teorama,Norte de Santander,5717.0,0.2711212174217247,False,False
54800,2024,219,1.0,229.65753424657535,11.25,4.0,Teorama,Norte de Santander,5853.0,0.19220912352639674,False,False
54810,2022,475,1.0,226.26736842105262,1451.25,4.0,Tibú,Norte de Santander,18444.0,7.868412491867274,False,False
54810,2023,553,1.0,233.998191681736,1360.5,4.0,Tibú,Norte de Santander,19182.0,7.092586800125117,False,False
54810,2024,679,1.0,232.39911634756996,1144.75,4.0,Tibú,Norte de Santander,19930.0,5.743853487205218,False,False
54820,2022,201,1.0,244.84577114427861,75.0,4.0,Toledo,Norte de Santander,5223.0,1.4359563469270535,False,False
54820,2023,265,1.0,244.95471698113207,146.25,4.0,Toledo,Norte de Santander,5342.0,2.737738674653688,False,False
54820,2024,231,1.0,249.4025974025974,133.25,4.0,Toledo,Norte de Santander,5472.0,2.4351242690058483,False,False
54871,2022,37,1.0,244.67567567567568,19.5,4.0,Villa Caro,Norte de Santander,1483.0,1.3149022252191505,False,False
54871,2023,27,1.0,267.2962962962963,39.75,4.0,Villa Caro,Norte de Santander,1505.0,2.641196013289037,False,False
54871,2024,43,1.0,239.46511627906978,38.0,4.0,Villa Caro,Norte de Santander,1529.0,2.485284499672989,False,False
54874,2022,1021,1.0,258.1851126346719,15504.25,4.0,Villa del Rosario,Norte de Santander,36286.0,42.72791159124731,False,False
54874,2023,1154,1.0,260.4878682842288,16658.0,4.0,Villa del Rosario,Norte de Santander,37427.0,44.50797552569001,False,False
54874,2024,993,1.0,266.3423967774421,16601.0,4.0,Villa del Rosario,Norte de Santander,38561.0,43.051269417286896,False,False
63001,2022,3063,2.0,268.76950701926216,84231.75,4.0,Armenia,Quindio,106574.0,79.03592808752605,True,False
63001,2023,2957,2.0,275.02502536354416,84585.0,4.0,Armenia,Quindio,107541.0,78.6537227662008,True,False
63001,2024,2856,2.0,282.156512605042,84583.5,4.0,Armenia,Quindio,108835.0,77.71718656682134,True,False
63001,2025,181,1.0,247.4972375690608,91057.5,4.0,Armenia,Quindio,110040.0,82.74945474372956,False,False
63111,2022,26,1.0,238.69230769230768,10.25,4.0,Buenavista,Quindio,1067.0,0.9606373008434863,False,False
63111,2023,25,1.0,246.32,8.25,4.0,Buenavista,Quindio,1070.0,0.7710280373831775,False,False
63111,2024,32,1.0,250.875,30.75,4.0,Buenavista,Quindio,1083.0,2.8393351800554014,False,False
63130,2022,751,1.0,260.780292942743,11436.0,4.0,Calarcá,Quindio,25712.0,44.477286869943995,False,False
63130,2023,747,1.0,263.4524765729585,11362.25,4.0,Calarcá,Quindio,25858.0,43.94094670894887,False,False
63130,2024,696,1.0,265.17241379310343,11252.0,4.0,Calarcá,Quindio,26079.0,43.14582614364048,False,False
63190,2022,297,2.0,254.8956228956229,6121.25,4.0,Circasia,Quindio,9746.0,62.80781859224297,True,False
63190,2023,281,2.0,261.8291814946619,5389.75,4.0,Circasia,Quindio,9803.0,54.98061817810874,True,False
63190,2024,283,2.0,260.59010600706716,5057.75,4.0,Circasia,Quindio,9899.0,51.093544802505306,True,False
63190,2025,5,1.0,352.2,5345.5,4.0,Circasia,Quindio,9981.0,53.556757839895795,False,False
63212,2022,61,1.0,232.19672131147541,258.25,4.0,Córdoba,Quindio,2084.0,12.392034548944338,False,False
63212,2023,70,1.0,239.8,609.0,4.0,Córdoba,Quindio,2094.0,29.083094555873924,False,False
63212,2024,54,1.0,253.64814814814815,492.75,4.0,Córdoba,Quindio,2116.0,23.28686200378072,False,False
63272,2022,155,1.0,259.14193548387095,1035.0,4.0,Filandia,Quindio,4461.0,23.20107599193006,False,False
63272,2023,165,1.0,243.72121212121212,1101.0,4.0,Filandia,Quindio,4483.0,24.559446799018513,False,False
63272,2024,163,1.0,247.03680981595093,1579.0,4.0,Filandia,Quindio,4516.0,34.964570416297605,False,False
63302,2022,91,1.0,236.04395604395606,40.25,4.0,Génova,Quindio,2660.0,1.513157894736842,False,False
63302,2023,95,1.0,238.43157894736842,31.5,4.0,Génova,Quindio,2668.0,1.1806596701649175,False,False
63302,2024,75,1.0,245.25333333333333,58.25,4.0,Génova,Quindio,2695.0,2.1614100185528757,False,False
63401,2022,446,1.0,238.60762331838566,4925.25,4.0,La Tebaida,Quindio,10822.0,45.511458140824246,False,False
63401,2023,440,1.0,245.375,5214.75,4.0,La Tebaida,Quindio,10875.0,47.95172413793104,False,False
63401,2024,403,1.0,241.1836228287841,5314.5,4.0,La Tebaida,Quindio,10959.0,48.49438817410348,False,False
63470,2022,384,1.0,240.00520833333334,4971.5,4.0,Montenegro,Quindio,12602.0,39.4500872877321,False,False
63470,2023,356,1.0,245.70505617977528,5608.25,4.0,Montenegro,Quindio,12678.0,44.23607824578009,False,False
63470,2024,346,1.0,249.70809248554914,5694.5,4.0,Montenegro,Quindio,12792.0,44.5161038148843,False,False
63548,2022,100,1.0,250.47,254.25,4.0,Pijao,Quindio,1791.0,14.195979899497488,False,False
63548,2023,116,1.0,249.54310344827587,307.25,4.0,Pijao,Quindio,1801.0,17.059966685174903,False,False
63548,2024,113,1.0,238.84070796460176,366.0,4.0,Pijao,Quindio,1814.0,20.17640573318633,False,False
63594,2022,361,2.0,247.01662049861497,4210.25,4.0,Quimbaya,Quindio,10810.0,38.9477335800185,True,False
63594,2023,346,1.0,250.7514450867052,4443.0,4.0,Quimbaya,Quindio,10873.0,40.862687390784515,False,False
63594,2024,309,1.0,256.2006472491909,4424.5,4.0,Quimbaya,Quindio,10968.0,40.34008023340627,False,False
63690,2022,168,2.0,287.42857142857144,490.0,4.0,Salento,Quindio,3900.0,12.564102564102564,True,False
63690,2023,168,2.0,294.7738095238095,627.25,4.0,Salento,Quindio,3957.0,15.85165529441496,True,False
63690,2024,134,2.0,291.45522388059703,769.5,4.0,Salento,Quindio,4031.0,19.089555941453735,True,False
63690,2025,40,1.0,317.125,878.0,4.0,Salento,Quindio,4077.0,21.535442727495706,False,False
66001,2022,5543,2.0,261.55331048168864,108611.25,4.0,Pereira,Risaralda,164977.0,65.83417688526279,True,False
66001,2023,5707,2.0,264.06553355528297,111303.5,4.0,Pereira,Risaralda,166440.0,66.87304734438837,True,False
66001,2024,5585,2.0,264.44100268576545,114363.0,4.0,Pereira,Risaralda,168387.0,67.91676317055355,True,False
66001,2025,285,1.0,303.2736842105263,125677.5,4.0,Pereira,Risaralda,170185.0,73.84757763610189,False,False
66045,2022,163,1.0,226.23926380368098,188.5,4.0,Apía,Risaralda,4321.0,4.3624161073825505,False,False
66045,2023,156,1.0,228.06410256410257,194.25,4.0,Apía,Risaralda,4339.0,4.476837981101636,False,False
66045,2024,133,1.0,226.38345864661653,389.25,4.0,Apía,Risaralda,4373.0,8.901211982620627,False,False
66075,2022,57,1.0,225.140350877193,143.25,4.0,Balboa,Risaralda,2143.0,6.684554363042464,False,False
66075,2023,66,1.0,222.65151515151516,239.0,4.0,Balboa,Risaralda,2150.0,11.116279069767442,False,False
66075,2024,45,1.0,237.0,209.75,4.0,Balboa,Risaralda,2168.0,9.674815498154981,False,False
66088,2022,295,1.0,227.05084745762713,2099.5,4.0,Belén de Umbría,Risaralda,8374.0,25.071650346310008,False,False
66088,2023,322,1.0,234.03726708074535,2195.0,4.0,Belén de Umbría,Risaralda,8419.0,26.071980045136,False,False
66088,2024,275,1.0,233.00727272727272,2803.0,4.0,Belén de Umbría,Risaralda,8491.0,33.01142386055824,False,False
66170,2022,1888,2.0,267.94968220338984,55330.5,4.0,Dosquebradas,Risaralda,77839.0,71.08326160408022,True,False
66170,2023,2010,2.0,267.9671641791045,55638.75,4.0,Dosquebradas,Risaralda,79410.0,70.065168114847,True,False
66170,2024,1996,2.0,268.94739478957916,58159.5,4.0,Dosquebradas,Risaralda,81230.0,71.59854733472855,True,False
66170,2025,1,1.0,235.0,63042.25,4.0,Dosquebradas,Risaralda,83011.0,75.94445314476394,False,False
66318,2022,182,1.0,228.92307692307693,18.5,4.0,Guática,Risaralda,4485.0,0.4124860646599777,False,False
66318,2023,168,1.0,233.79761904761904,34.75,4.0,Guática,Risaralda,4507.0,0.77102285333925,False,False
66318,2024,140,1.0,231.06428571428572,225.75,4.0,Guática,Risaralda,4532.0,4.981244483671668,False,False
66383,2022,87,1.0,223.2528735632184,482.0,4.0,La Celia,Risaralda,2705.0,17.818853974121996,False,False
66383,2023,91,1.0,230.13186813186815,556.25,4.0,La Celia,Risaralda,2714.0,20.49557848194547,False,False
66383,2024,94,1.0,227.68085106382978,539.0,4.0,La Celia,Risaralda,2739.0,19.67871485943775,False,False
66400,2022,301,1.0,241.97674418604652,4202.75,4.0,La Virginia,Risaralda,9657.0,43.52024438231335,False,False
66400,2023,372,1.0,238.63440860215053,3576.25,4.0,La Virginia,Risaralda,9715.0,36.811631497684,False,False
66400,2024,495,1.0,230.0,3115.25,4.0,La Virginia,Risaralda,9808.0,31.762336867862967,False,False
66440,2022,153,1.0,236.47058823529412,568.25,4.0,Marsella,Risaralda,6123.0,9.280581414339375,False,False
66440,2023,155,1.0,233.49032258064517,469.5,4.0,Marsella,Risaralda,6145.0,7.640358014646054,False,False
66440,2024,144,1.0,225.56944444444446,788.0,4.0,Marsella,Risaralda,6205.0,12.699435938759066,False,False
66456,2022,123,1.0,218.3658536585366,361.75,4.0,Mistrató,Risaralda,4974.0,7.272818657016486,False,False
66456,2023,169,1.0,213.87573964497042,162.75,4.0,Mistrató,Risaralda,5026.0,3.238161559888579,False,False
66456,2024,151,1.0,213.71523178807948,426.75,4.0,Mistrató,Risaralda,5104.0,8.36108934169279,False,False
66572,2022,138,1.0,192.05797101449275,383.5,4.0,Pueblo Rico,Risaralda,4667.0,8.217270194986073,False,False
66572,2023,168,1.0,191.3095238095238,261.0,4.0,Pueblo Rico,Risaralda,4750.0,5.494736842105263,False,False
66572,2024,167,1.0,193.73652694610777,263.0,4.0,Pueblo Rico,Risaralda,4833.0,5.441754603765777,False,False
66594,2022,432,1.0,233.36805555555554,476.25,4.0,Quinchía,Risaralda,8680.0,5.486751152073733,False,False
66594,2023,382,1.0,235.72251308900525,586.0,4.0,Quinchía,Risaralda,8724.0,6.717102246675837,False,False
66594,2024,396,1.0,233.84595959595958,826.5,4.0,Quinchía,Risaralda,8790.0,9.402730375426621,False,False
66682,2022,692,1.0,256.57225433526014,14066.75,4.0,Santa Rosa de Cabal,Risaralda,25860.0,54.395784996133024,False,False
66682,2023,815,1.0,258.4723926380368,13619.0,4.0,Santa Rosa de Cabal,Risaralda,26191.0,51.99877820625406,False,False
66682,2024,781,2.0,258.7964148527529,15577.25,4.0,Santa Rosa de Cabal,Risaralda,26619.0,58.519290732183784,True,False
66682,2025,30,1.0,213.93333333333334,16984.0,4.0,Santa Rosa de Cabal,Risaralda,27015.0,62.86877660558948,False,False
66687,2022,112,1.0,243.29464285714286,920.0,4.0,Santuario,Risaralda,4448.0,20.68345323741007,False,False
66687,2023,118,1.0,238.3728813559322,961.5,4.0,Santuario,Risaralda,4470.0,21.51006711409396,False,False
66687,2024,108,1.0,232.57407407407408,1199.5,4.0,Santuario,Risaralda,4509.0,26.602350853847863,False,False
68001,2022,6660,2.0,279.7882882882883,143119.25,4.0,Bucaramanga,Santander,204127.0,70.11284641424211,True,False
68001,2023,7034,2.0,283.0828831390389,140543.75,4.0,Bucaramanga,Santander,206762.0,67.97368471962933,True,False
68001,2024,6974,2.0,281.41669056495556,136609.25,4.0,Bucaramanga,Santander,209708.0,65.14260304804776,True,False
68001,2025,51,1.0,252.1764705882353,139118.75,4.0,Bucaramanga,Santander,212514.0,65.46333418033635,False,False
68013,2022,16,1.0,266.9375,8.0,3.0,Aguada,Santander,669.0,1.195814648729447,False,False
68013,2023,23,1.0,267.17391304347825,7.0,3.0,Aguada,Santander,678.0,1.0324483775811208,False,False
68013,2024,21,1.0,268.3333333333333,11.5,4.0,Aguada,Santander,677.0,1.6986706056129988,False,False
68020,2022,45,1.0,242.55555555555554,2.5,4.0,Albania,Santander,1598.0,0.15644555694618273,False,False
68020,2023,44,1.0,260.52272727272725,2.5,4.0,Albania,Santander,1609.0,0.15537600994406464,False,False
68020,2024,42,1.0,249.28571428571428,66.5,4.0,Albania,Santander,1628.0,4.084766584766585,False,False
68051,2022,119,1.0,245.60504201680672,745.5,4.0,Aratoca,Santander,2734.0,27.26773957571324,False,False
68051,2023,139,1.0,242.29496402877697,575.5,4.0,Aratoca,Santander,2774.0,20.746214852198992,False,False
68051,2024,123,1.0,232.6829268292683,1302.5,4.0,Aratoca,Santander,2805.0,46.4349376114082,False,False
68077,2022,492,1.0,253.9329268292683,4892.5,4.0,Barbosa,Santander,11304.0,43.28113941967445,False,False
68077,2023,546,1.0,253.1117216117216,4049.0,4.0,Barbosa,Santander,11515.0,35.162831089882765,False,False
68077,2024,487,1.0,249.63449691991786,3671.75,4.0,Barbosa,Santander,11742.0,31.27022653721683,False,False
68079,2022,107,1.0,268.57943925233644,824.5,4.0,Barichara,Santander,4091.0,20.153996577853825,False,False
68079,2023,140,1.0,277.5,1088.25,4.0,Barichara,Santander,4225.0,25.75739644970414,False,False
68079,2024,116,1.0,280.92241379310343,1607.5,4.0,Barichara,Santander,4360.0,36.86926605504588,False,False
68081,2022,2460,2.0,262.5947154471545,43903.75,4.0,Barrancabermeja,Santander,69434.0,63.23090992885329,True,False
68081,2023,3060,2.0,259.7019607843137,42868.25,4.0,Barrancabermeja,Santander,70885.0,60.4757706143754,True,False
68081,2024,2943,2.0,263.8705402650357,42338.0,4.0,Barrancabermeja,Santander,72389.0,58.48678666648248,True,False
68081,2025,1,1.0,255.0,45672.25,4.0,Barrancabermeja,Santander,73838.0,61.854668327961214,False,False
68092,2022,25,1.0,267.12,83.25,4.0,Betulia,Santander,2118.0,3.9305949008498584,False,False
68092,2023,43,1.0,274.6744186046512,132.0,4.0,Betulia,Santander,2166.0,6.094182825484765,False,False
68092,2024,39,1.0,278.1025641025641,120.5,4.0,Betulia,Santander,2215.0,5.440180586907449,False,False
68101,2022,121,1.0,242.67768595041323,51.0,4.0,Bolívar,Santander,3894.0,1.3097072419106317,False,False
68101,2023,128,1.0,244.359375,42.0,4.0,Bolívar,Santander,3932.0,1.0681586978636826,False,False
68101,2024,144,1.0,238.70833333333334,50.5,4.0,Bolívar,Santander,3980.0,1.2688442211055277,False,False
68121,2023,27,1.0,272.22222222222223,22.0,1.0,Cabrera,Santander,681.0,3.2305433186490458,False,False
68121,2024,17,1.0,288.52941176470586,14.0,3.0,Cabrera,Santander,696.0,2.0114942528735633,False,False
68132,2022,22,1.0,255.77272727272728,58.5,4.0,California,Santander,785.0,7.452229299363057,False,False
68132,2023,34,1.0,272.5882352941176,68.25,4.0,California,Santander,801.0,8.52059925093633,False,False
68132,2024,28,1.0,276.07142857142856,87.0,4.0,California,Santander,822.0,10.583941605839415,False,False
68147,2022,101,1.0,245.02970297029702,58.75,4.0,Capitanejo,Santander,2198.0,2.672884440400364,False,False
68147,2023,75,1.0,258.6933333333333,77.25,4.0,Capitanejo,Santander,2248.0,3.4363879003558715,False,False
68147,2024,74,1.0,246.90540540540542,101.5,4.0,Capitanejo,Santander,2304.0,4.405381944444445,False,False
68152,2022,60,1.0,250.2,1.0,3.0,Carcasí,Santander,1519.0,0.06583278472679394,False,False
68152,2023,59,1.0,252.6271186440678,1.5,4.0,Carcasí,Santander,1559.0,0.09621552277100706,False,False
68152,2024,48,1.0,253.91666666666666,4.75,4.0,Carcasí,Santander,1594.0,0.2979924717691343,False,False
68160,2022,24,1.0,243.25,53.5,4.0,Cepitá,Santander,701.0,7.631954350927246,False,False
68160,2023,34,1.0,244.2058823529412,53.0,4.0,Cepitá,Santander,708.0,7.4858757062146895,False,False
68160,2024,20,1.0,235.4,42.75,4.0,Cepitá,Santander,718.0,5.954038997214485,False,False
68162,2022,93,1.0,261.4193548387097,260.75,4.0,Cerrito,Santander,2318.0,11.248921484037963,False,False
68162,2023,128,1.0,255.5,224.5,4.0,Cerrito,Santander,2369.0,9.476572393414944,False,False
68162,2024,106,1.0,262.07547169811323,214.25,4.0,Cerrito,Santander,2414.0,8.875310687655343,False,False
68167,2022,196,1.0,280.8520408163265,687.25,4.0,Charalá,Santander,4610.0,14.907809110629067,False,False
68167,2023,199,1.0,285.0100502512563,1159.75,4.0,Charalá,Santander,4704.0,24.65454931972789,False,False
68167,2024,158,1.0,280.2278481012658,1048.0,4.0,Charalá,Santander,4796.0,21.851542952460385,False,False
68169,2022,18,1.0,254.11111111111111,35.25,4.0,Charta,Santander,1072.0,3.2882462686567164,False,False
68169,2023,19,1.0,268.2631578947368,44.75,4.0,Charta,Santander,1098.0,4.075591985428051,False,False
68169,2024,23,1.0,280.4347826086956,59.75,4.0,Charta,Santander,1117.0,5.349149507609669,False,False
68176,2022,27,1.0,247.37037037037038,42.25,4.0,Chimá,Santander,1165.0,3.6266094420600856,False,False
68176,2023,28,1.0,262.4642857142857,39.75,4.0,Chimá,Santander,1191.0,3.3375314861460956,False,False
68176,2024,24,1.0,261.0,112.0,4.0,Chimá,Santander,1217.0,9.202958093672967,False,False
68179,2022,52,1.0,255.92307692307693,97.25,4.0,Chipatá,Santander,1919.0,5.06774361646691,False,False
68179,2023,62,1.0,247.01612903225808,48.0,4.0,Chipatá,Santander,1941.0,2.472952086553323,False,False
68179,2024,37,1.0,247.7027027027027,154.5,4.0,Chipatá,Santander,1972.0,7.834685598377282,False,False
68190,2022,413,1.0,232.76271186440678,1490.25,4.0,Cimitarra,Santander,10958.0,13.599653221390765,False,False
68190,2023,448,1.0,232.74553571428572,2067.25,4.0,Cimitarra,Santander,11084.0,18.65075784915193,False,False
68190,2024,422,1.0,236.73222748815166,2105.5,4.0,Cimitarra,Santander,11224.0,18.758909479686388,False,False
68207,2022,52,1.0,277.11538461538464,417.0,4.0,Concepción,Santander,2241.0,18.60776439089692,False,False
68207,2023,56,1.0,266.6607142857143,410.5,4.0,Concepción,Santander,2270.0,18.083700440528634,False,False
68207,2024,45,1.0,255.33333333333334,431.25,4.0,Concepción,Santander,2304.0,18.717447916666664,False,False
68209,2022,22,1.0,231.36363636363637,278.75,4.0,Confines,Santander,1054.0,26.446869070208727,False,False
68209,2023,28,1.0,252.17857142857142,343.0,3.0,Confines,Santander,1077.0,31.847725162488395,False,False
68209,2024,36,1.0,238.05555555555554,502.0,3.0,Confines,Santander,1099.0,45.6778889899909,False,False
68211,2022,47,1.0,277.7659574468085,288.0,4.0,Contratación,Santander,1592.0,18.090452261306535,False,False
68211,2023,48,1.0,286.8333333333333,274.5,4.0,Contratación,Santander,1630.0,16.84049079754601,False,False
68211,2024,50,1.0,281.4,264.0,4.0,Contratación,Santander,1671.0,15.798922800718133,False,False
68217,2022,53,1.0,260.7169811320755,1.5,4.0,Coromoro,Santander,1916.0,0.07828810020876827,False,False
68217,2023,55,1.0,253.07272727272726,19.0,4.0,Coromoro,Santander,1960.0,0.9693877551020408,False,False
68217,2024,39,1.0,262.1794871794872,50.5,4.0,Coromoro,Santander,2004.0,2.5199600798403194,False,False
68229,2022,165,1.0,249.38787878787878,1188.25,4.0,Curití,Santander,4245.0,27.991755005889278,False,False
68229,2023,210,1.0,247.13333333333333,1552.0,4.0,Curití,Santander,4339.0,35.7686102788661,False,False
68229,2024,154,1.0,250.3961038961039,1534.25,4.0,Curití,Santander,4446.0,34.508547008547005,False,False
68235,2022,153,1.0,241.52941176470588,184.25,4.0,El Carmen de Chucurí,Santander,8646.0,2.1310432569974553,False,False
68235,2023,199,1.0,248.19095477386935,178.25,4.0,El Carmen de Chucurí,Santander,8878.0,2.0077720207253886,False,False
68235,2024,151,1.0,250.21192052980132,253.25,4.0,El Carmen de Chucurí,Santander,9110.0,2.7799121844127335,False,False
68245,2022,23,1.0,265.7826086956522,38.5,4.0,El Guacamayo,Santander,938.0,4.104477611940299,False,False
68245,2023,25,1.0,283.96,31.0,4.0,El Guacamayo,Santander,943.0,3.2873806998939554,False,False
68245,2024,21,1.0,262.2857142857143,23.5,4.0,El Guacamayo,Santander,949.0,2.476290832455216,False,False
68250,2022,60,1.0,233.73333333333332,7.25,4.0,El Peñón,Santander,1596.0,0.45426065162907264,False,False
68250,2023,58,1.0,233.08620689655172,15.5,4.0,El Peñón,Santander,1614.0,0.9603469640644362,False,False
68250,2024,37,1.0,238.43243243243242,13.25,4.0,El Peñón,Santander,1634.0,0.8108935128518973,False,False
68255,2022,150,1.0,240.53333333333333,772.5,4.0,El Playón,Santander,4485.0,17.224080267558527,False,False
68255,2023,163,1.0,247.65030674846625,469.25,4.0,El Playón,Santander,4567.0,10.274797460039412,False,False
68255,2024,148,1.0,255.59459459459458,737.5,4.0,El Playón,Santander,4656.0,15.839776632302405,False,False
68264,2022,10,1.0,255.0,2.0,4.0,Encino,Santander,927.0,0.2157497303128371,False,False
68264,2023,26,1.0,231.19230769230768,1.5,4.0,Encino,Santander,951.0,0.15772870662460567,False,False
68266,2022,47,1.0,262.21276595744683,31.25,4.0,Enciso,Santander,1237.0,2.526273241713824,False,False
68266,2023,49,1.0,274.7755102040816,34.25,4.0,Enciso,Santander,1269.0,2.698975571315997,False,False
68266,2024,51,1.0,252.49019607843138,35.0,4.0,Enciso,Santander,1304.0,2.6840490797546015,False,False
68271,2022,61,1.0,241.39344262295083,5.75,4.0,Florián,Santander,1963.0,0.29291900152827305,False,False
68271,2023,59,1.0,255.91525423728814,2.75,4.0,Florián,Santander,1986.0,0.13846928499496478,False,False
68271,2024,50,1.0,247.68,5.75,4.0,Florián,Santander,2010.0,0.2860696517412935,False,False
68276,2022,2966,2.0,283.7862440997977,74270.0,4.0,Floridablanca,Santander,96556.0,76.91909358299847,True,False
68276,2023,3078,2.0,285.94314489928524,74008.75,4.0,Floridablanca,Santander,97975.0,75.5384026537382,True,False
68276,2024,3170,2.0,285.54984227129336,72955.75,4.0,Floridablanca,Santander,99551.0,73.28479874637121,True,False
68276,2025,107,1.0,303.8130841121495,73413.0,4.0,Floridablanca,Santander,101067.0,72.63795304105197,False,False
68296,2022,35,1.0,251.9142857142857,1.25,4.0,Galán,Santander,1024.0,0.1220703125,False,False
68296,2023,21,1.0,261.5238095238095,82.5,4.0,Galán,Santander,1038.0,7.947976878612717,False,False
68296,2024,40,1.0,224.575,14.0,3.0,Galán,Santander,1048.0,1.3358778625954197,False,False
68298,2022,35,1.0,260.62857142857143,8.5,4.0,Gámbita,Santander,1557.0,0.5459216441875401,False,False
68298,2023,34,1.0,246.0,2.5,4.0,Gámbita,Santander,1577.0,0.15852885225110971,False,False
68298,2024,34,1.0,260.0,1.0,4.0,Gámbita,Santander,1592.0,0.06281407035175879,False,False
68307,2022,1623,2.0,269.38693776956256,35473.25,4.0,Girón,Santander,53165.0,66.72293802313553,True,False
68307,2023,1710,1.0,269.53040935672516,36378.75,4.0,Girón,Santander,54117.0,67.2224070070403,False,False
68307,2024,1734,1.0,274.318339100346,36718.25,4.0,Girón,Santander,55153.0,66.57525429260421,False,False
68307,2025,75,1.0,368.7866666666667,38841.25,4.0,Girón,Santander,56161.0,69.16053845195064,False,False
68318,2022,64,1.0,244.1875,524.25,4.0,Guaca,Santander,2020.0,25.952970297029704,False,False
68318,2023,49,1.0,236.3469387755102,903.0,4.0,Guaca,Santander,2071.0,43.60212457749879,False,False
68318,2024,102,1.0,220.95098039215685,491.5,4.0,Guaca,Santander,2107.0,23.32700522069293,False,False
68320,2022,82,1.0,262.4146341463415,242.75,4.0,Guadalupe,Santander,1652.0,14.694309927360774,False,False
68320,2023,64,1.0,267.59375,238.5,4.0,Guadalupe,Santander,1669.0,14.289994008388257,False,False
68320,2024,65,1.0,266.2153846153846,123.5,4.0,Guadalupe,Santander,1687.0,7.320687611144043,False,False
68322,2022,26,1.0,260.88461538461536,16.25,4.0,Guapotá,Santander,908.0,1.789647577092511,False,False
68322,2023,18,1.0,264.6111111111111,342.5,4.0,Guapotá,Santander,921.0,37.18783930510315,False,False
68322,2024,28,1.0,236.42857142857142,40.75,4.0,Guapotá,Santander,943.0,4.321314952279957,False,False
68324,2024,33,1.0,245.03030303030303,43.0,1.0,Guavatá,Santander,1733.0,2.4812463935372184,False,False
68327,2022,45,1.0,263.31111111111113,153.75,4.0,Güepsa,Santander,2122.0,7.245523091423185,False,False
68327,2023,46,1.0,249.43478260869566,93.25,4.0,Güepsa,Santander,2167.0,4.3031841255191505,False,False
68327,2024,51,1.0,266.80392156862746,163.5,4.0,Güepsa,Santander,2208.0,7.404891304347825,False,False
68344,2022,28,1.0,248.10714285714286,32.5,2.0,Hato,Santander,987.0,3.2928064842958458,False,False
68368,2022,36,1.0,246.19444444444446,4.75,4.0,Jesús María,Santander,1366.0,0.34773060029282576,False,False
68368,2023,42,1.0,269.0,3.75,4.0,Jesús María,Santander,1383.0,0.27114967462039047,False,False
68368,2024,42,1.0,267.64285714285717,13.25,4.0,Jesús María,Santander,1396.0,0.9491404011461319,False,False
68370,2022,19,1.0,257.0,1.0,4.0,Jordán,Santander,440.0,0.22727272727272727,False,False
68370,2023,21,1.0,255.04761904761904,6.25,4.0,Jordán,Santander,450.0,1.3888888888888888,False,False
68370,2024,28,1.0,248.21428571428572,51.0,4.0,Jordán,Santander,461.0,11.062906724511931,False,False
68377,2022,53,1.0,253.41509433962264,300.0,4.0,La Belleza,Santander,2163.0,13.869625520110956,False,False
68377,2023,50,1.0,258.62,166.5,2.0,La Belleza,Santander,2187.0,7.613168724279835,False,False
68377,2024,52,1.0,274.1730769230769,20.0,1.0,La Belleza,Santander,2214.0,0.9033423667570009,False,False
68385,2022,116,1.0,239.76724137931035,20.25,4.0,Landázuri,Santander,3744.0,0.5408653846153846,False,False
68385,2023,143,1.0,238.1118881118881,19.0,4.0,Landázuri,Santander,3785.0,0.5019815059445178,False,False
68385,2024,115,1.0,243.28695652173914,23.75,4.0,Landázuri,Santander,3832.0,0.6197807933194155,False,False
68397,2022,43,1.0,252.7674418604651,1.25,4.0,La Paz,Santander,1882.0,0.06641870350690755,False,False
68397,2023,32,1.0,257.09375,7.25,4.0,La Paz,Santander,1895.0,0.38258575197889183,False,False
68397,2024,50,1.0,258.58,63.0,4.0,La Paz,Santander,1919.0,3.282959874934862,False,False
68406,2022,557,1.0,253.8653500897666,3056.0,4.0,Lebrija,Santander,16479.0,18.54481461253717,False,False
68406,2023,594,1.0,260.81481481481484,3200.75,4.0,Lebrija,Santander,17018.0,18.808026795158067,False,False
68406,2024,600,1.0,262.52166666666665,4233.75,4.0,Lebrija,Santander,17574.0,24.090986684875386,False,False
68418,2022,145,1.0,242.08965517241379,154.25,4.0,Los Santos,Santander,4934.0,3.126266720713417,False,False
68418,2023,186,1.0,249.96774193548387,194.0,4.0,Los Santos,Santander,5070.0,3.8264299802761337,False,False
68418,2024,173,1.0,240.47976878612718,196.25,4.0,Los Santos,Santander,5218.0,3.7610195477194326,False,False
68425,2022,29,1.0,256.13793103448273,3.5,4.0,Macaravita,Santander,864.0,0.40509259259259256,False,False
68425,2023,22,1.0,263.5,2.0,4.0,Macaravita,Santander,884.0,0.22624434389140274,False,False
68425,2024,31,1.0,256.48387096774195,3.0,4.0,Macaravita,Santander,905.0,0.3314917127071823,False,False
68432,2022,379,2.0,272.2295514511873,1103.25,4.0,Málaga,Santander,7454.0,14.80077810571505,True,False
68432,2023,360,2.0,272.5388888888889,1174.5,4.0,Málaga,Santander,7632.0,15.389150943396226,True,False
68432,2024,422,1.0,273.2914691943128,1545.0,4.0,Málaga,Santander,7822.0,19.75198159038609,False,False
68432,2025,18,1.0,211.66666666666666,2098.25,4.0,Málaga,Santander,8005.0,26.21174266083698,False,False
68444,2022,62,1.0,251.43548387096774,130.25,4.0,Matanza,Santander,1868.0,6.972698072805139,False,False
68444,2023,84,1.0,255.0952380952381,114.0,4.0,Matanza,Santander,1906.0,5.981112277019937,False,False
68444,2024,68,1.0,253.86764705882354,146.0,4.0,Matanza,Santander,1947.0,7.498715973292244,False,False
68464,2022,128,1.0,241.4296875,32.5,4.0,Mogotes,Santander,3395.0,0.9572901325478645,False,False
68464,2023,161,1.0,241.3664596273292,8.5,4.0,Mogotes,Santander,3440.0,0.24709302325581395,False,False
68464,2024,145,1.0,251.80689655172415,7.0,4.0,Mogotes,Santander,3480.0,0.20114942528735633,False,False
68468,2022,46,1.0,236.1304347826087,52.5,4.0,Molagavita,Santander,1492.0,3.518766756032172,False,False
68468,2023,57,1.0,247.80701754385964,53.0,4.0,Molagavita,Santander,1522.0,3.4822601839684624,False,False
68468,2024,37,1.0,254.67567567567568,55.5,4.0,Molagavita,Santander,1554.0,3.571428571428571,False,False
68498,2023,49,1.0,252.57142857142858,49.0,1.0,Ocamonte,Santander,2133.0,2.297233942803563,False,False
68498,2024,53,1.0,269.77358490566036,40.666666666666664,3.0,Ocamonte,Santander,2190.0,1.856925418569254,False,False
68500,2022,152,1.0,261.375,424.75,4.0,Oiba,Santander,3954.0,10.742286292362165,False,False
68500,2023,225,1.0,266.87555555555554,719.75,4.0,Oiba,Santander,4005.0,17.971285892634207,False,False
68500,2024,158,1.0,260.4177215189873,864.75,4.0,Oiba,Santander,4065.0,21.273062730627306,False,False
68502,2022,43,1.0,241.11627906976744,114.25,4.0,Onzaga,Santander,1716.0,6.657925407925408,False,False
68502,2023,63,1.0,255.8095238095238,77.75,4.0,Onzaga,Santander,1756.0,4.4276765375854215,False,False
68502,2024,54,1.0,247.1851851851852,70.75,4.0,Onzaga,Santander,1798.0,3.9349276974416014,False,False
68522,2022,27,1.0,271.5925925925926,1.0,4.0,Palmar,Santander,509.0,0.19646365422396855,False,False
68522,2023,15,1.0,279.3333333333333,1.0,4.0,Palmar,Santander,525.0,0.19047619047619047,False,False
68522,2024,15,1.0,280.8666666666667,1.0,1.0,Palmar,Santander,530.0,0.18867924528301888,False,False
68524,2022,25,1.0,268.44,4.75,4.0,Palmas del Socorro,Santander,910.0,0.5219780219780219,False,False
68524,2023,42,1.0,256.4047619047619,1.25,4.0,Palmas del Socorro,Santander,924.0,0.13528138528138528,False,False
68524,2024,36,1.0,252.16666666666666,1.25,4.0,Palmas del Socorro,Santander,943.0,0.1325556733828208,False,False
68533,2022,50,1.0,277.42,193.0,4.0,Páramo,Santander,1656.0,11.654589371980677,False,False
68533,2023,47,1.0,295.63829787234044,115.25,4.0,Páramo,Santander,1700.0,6.779411764705882,False,False
68533,2024,51,1.0,290.47058823529414,135.75,4.0,Páramo,Santander,1754.0,7.739452679589509,False,False
68547,2022,2114,2.0,269.9181646168401,38838.0,4.0,Piedecuesta,Santander,57354.0,67.71628831467726,True,False
68547,2023,2247,2.0,273.0084557187361,40325.0,4.0,Piedecuesta,Santander,58465.0,68.97288976310612,True,False
68547,2024,2347,2.0,273.66126970600766,40644.75,4.0,Piedecuesta,Santander,59654.0,68.13415697187112,True,False
68547,2025,67,1.0,331.44776119402985,43149.25,4.0,Piedecuesta,Santander,60798.0,70.97149577288727,False,False
68549,2022,44,1.0,254.97727272727272,531.0,4.0,Pinchote,Santander,2109.0,25.177809388335703,False,False
68549,2023,65,1.0,249.43076923076924,404.25,4.0,Pinchote,Santander,2166.0,18.66343490304709,False,False
68549,2024,47,1.0,264.1489361702128,216.5,4.0,Pinchote,Santander,2223.0,9.739091318038687,False,False
68572,2022,314,1.0,268.87261146496814,269.5,4.0,Puente Nacional,Santander,5532.0,4.871655820679681,False,False
68572,2023,291,1.0,271.91752577319585,330.25,4.0,Puente Nacional,Santander,5604.0,5.8931120628122775,False,False
68572,2024,274,1.0,275.5948905109489,379.75,4.0,Puente Nacional,Santander,5682.0,6.683386131643787,False,False
68573,2022,86,1.0,226.52325581395348,519.5,4.0,Puerto Parra,Santander,2900.0,17.913793103448274,False,False
68573,2023,74,1.0,228.40540540540542,47.0,4.0,Puerto Parra,Santander,2976.0,1.5793010752688172,False,False
68573,2024,76,1.0,230.19736842105263,51.75,4.0,Puerto Parra,Santander,3055.0,1.6939443535188214,False,False
68575,2022,352,1.0,228.82102272727272,1772.0,4.0,Puerto Wilches,Santander,10892.0,16.26882115313992,False,False
68575,2023,421,1.0,224.3871733966746,1424.5,4.0,Puerto Wilches,Santander,11083.0,12.853018135883786,False,False
68575,2024,386,1.0,231.53626943005182,1415.75,4.0,Puerto Wilches,Santander,11280.0,12.550975177304965,False,False
68615,2022,322,1.0,240.40062111801242,242.5,4.0,Rionegro,Santander,8944.0,2.711314847942755,False,False
68615,2023,366,1.0,243.42896174863387,517.5,4.0,Rionegro,Santander,8997.0,5.75191730576859,False,False
68615,2024,328,1.0,244.1951219512195,904.75,4.0,Rionegro,Santander,9050.0,9.997237569060774,False,False
68655,2022,420,1.0,241.2047619047619,863.25,4.0,Sabana de Torres,Santander,11693.0,7.382622081587274,False,False
68655,2023,375,1.0,250.10666666666665,1438.0,4.0,Sabana de Torres,Santander,11971.0,12.012363211093476,False,False
68655,2024,444,1.0,242.82882882882882,312.75,4.0,Sabana de Torres,Santander,12262.0,2.5505627140760074,False,False
68669,2022,141,1.0,248.11347517730496,3.25,4.0,San Andrés,Santander,3086.0,0.10531432274789371,False,False
68669,2023,158,1.0,254.28481012658227,160.75,4.0,San Andrés,Santander,3104.0,5.178801546391753,False,False
68669,2024,116,1.0,271.5689655172414,33.25,4.0,San Andrés,Santander,3128.0,1.062979539641944,False,False
68673,2022,20,1.0,241.65,1.0,1.0,San Benito,Santander,1083.0,0.09233610341643582,False,False
68673,2024,19,1.0,252.6315789473684,10.0,1.0,San Benito,Santander,1095.0,0.91324200913242,False,False
68679,2022,1140,2.0,255.7640350877193,8925.75,4.0,San Gil,Santander,22067.0,40.44840712375946,True,False
68679,2023,1107,2.0,259.68112014453476,9533.0,4.0,San Gil,Santander,22858.0,41.70531105083559,True,False
68679,2024,1277,2.0,257.86374314800315,11163.0,4.0,San Gil,Santander,23674.0,47.15299484666723,True,False
68679,2025,85,1.0,207.65882352941176,12694.0,4.0,San Gil,Santander,24490.0,51.83340138832177,False,False
68682,2022,40,1.0,241.275,1.5,4.0,San Joaquín,Santander,869.0,0.17261219792865362,False,False
68682,2023,30,1.0,223.76666666666668,1.0,4.0,San Joaquín,Santander,884.0,0.11312217194570137,False,False
68684,2022,52,1.0,267.0576923076923,166.0,4.0,San José de Miranda,Santander,1426.0,11.640953716690042,False,False
68684,2023,40,1.0,265.125,172.0,4.0,San José de Miranda,Santander,1440.0,11.944444444444445,False,False
68684,2024,46,1.0,285.8478260869565,187.0,4.0,San José de Miranda,Santander,1452.0,12.878787878787879,False,False
68686,2022,33,1.0,274.6060606060606,37.25,4.0,San Miguel,Santander,905.0,4.116022099447514,False,False
68686,2023,32,1.0,266.5,31.5,4.0,San Miguel,Santander,919.0,3.427638737758433,False,False
68686,2024,33,1.0,240.54545454545453,38.75,4.0,San Miguel,Santander,926.0,4.184665226781858,False,False
68689,2022,317,1.0,263.7287066246057,1937.25,4.0,San Vicente de Chucurí,Santander,12804.0,15.130037488284911,False,False
68689,2023,387,1.0,267.74160206718346,1883.75,4.0,San Vicente de Chucurí,Santander,12981.0,14.511593867960865,False,False
68689,2024,326,1.0,257.8680981595092,2929.75,4.0,San Vicente de Chucurí,Santander,13165.0,22.254082795290543,False,False
68705,2022,23,1.0,265.7391304347826,63.25,4.0,Santa Bárbara,Santander,886.0,7.138826185101581,False,False
68705,2023,20,1.0,273.7,3.5,4.0,Santa Bárbara,Santander,898.0,0.3897550111358575,False,False
68705,2024,17,1.0,266.11764705882354,2.0,2.0,Santa Bárbara,Santander,920.0,0.21739130434782608,False,False
68720,2022,33,1.0,254.33333333333334,2.25,4.0,Santa Helena del Opón,Santander,1226.0,0.1835236541598695,False,False
68720,2023,45,1.0,266.26666666666665,1.75,4.0,Santa Helena del Opón,Santander,1246.0,0.1404494382022472,False,False
68720,2024,31,1.0,250.06451612903226,1.0,4.0,Santa Helena del Opón,Santander,1259.0,0.07942811755361398,False,False
68745,2022,90,1.0,246.23333333333332,11.0,4.0,Simacota,Santander,3616.0,0.30420353982300885,False,False
68745,2023,107,1.0,247.90654205607476,6.5,4.0,Simacota,Santander,3700.0,0.17567567567567569,False,False
68745,2024,104,1.0,253.57692307692307,5.75,4.0,Simacota,Santander,3791.0,0.15167501978369824,False,False
68755,2022,621,1.0,260.3478260869565,2808.0,4.0,Socorro,Santander,11095.0,25.30869761153673,False,False
68755,2023,611,1.0,259.02945990180035,2841.75,4.0,Socorro,Santander,11363.0,25.0088004928276,False,False
68755,2024,618,1.0,266.8996763754045,3218.5,4.0,Socorro,Santander,11631.0,27.671739317341586,False,False
68770,2022,128,1.0,252.859375,29.0,4.0,Suaita,Santander,3935.0,0.7369758576874206,False,False
68770,2023,131,1.0,262.3893129770992,197.75,4.0,Suaita,Santander,3967.0,4.9848752205697,False,False
68770,2024,148,1.0,260.6418918918919,380.25,4.0,Suaita,Santander,4021.0,9.456602835115643,False,False
68773,2022,75,1.0,247.62666666666667,10.75,4.0,Sucre,Santander,2489.0,0.43190036159100037,False,False
68773,2023,83,1.0,246.710843373494,16.75,4.0,Sucre,Santander,2519.0,0.664946407304486,False,False
68773,2024,72,1.0,244.65277777777777,20.25,4.0,Sucre,Santander,2553.0,0.7931844888366627,False,False
68780,2022,46,1.0,266.2826086956522,46.75,4.0,Suratá,Santander,1403.0,3.3321454027084823,False,False
68780,2023,44,1.0,266.3636363636364,107.75,4.0,Suratá,Santander,1434.0,7.513947001394699,False,False
68780,2024,29,1.0,269.8965517241379,89.5,4.0,Suratá,Santander,1457.0,6.142759094028826,False,False
68820,2022,73,1.0,252.08219178082192,139.75,4.0,Tona,Santander,2620.0,5.333969465648855,False,False
68820,2023,69,1.0,257.768115942029,87.5,4.0,Tona,Santander,2679.0,3.2661440836132885,False,False
68820,2024,46,1.0,251.7391304347826,414.0,4.0,Tona,Santander,2749.0,15.06002182611859,False,False
68855,2022,65,1.0,251.90769230769232,621.5,4.0,Valle de San José,Santander,2182.0,28.483043079743354,False,False
68855,2023,85,1.0,255.47058823529412,365.75,4.0,Valle de San José,Santander,2237.0,16.35002235136343,False,False
68855,2024,73,1.0,257.93150684931504,436.25,4.0,Valle de San José,Santander,2296.0,19.000435540069684,False,False
68861,2022,234,1.0,257.14529914529913,857.25,4.0,Vélez,Santander,9382.0,9.137177574078022,False,False
68861,2023,261,1.0,264.16858237547893,1112.5,4.0,Vélez,Santander,9576.0,11.617585630743525,False,False
68861,2024,270,1.0,257.2074074074074,1108.25,4.0,Vélez,Santander,9778.0,11.33411740642258,False,False
68867,2022,13,1.0,263.6923076923077,92.0,4.0,Vetas,Santander,727.0,12.65474552957359,False,False
68867,2023,12,1.0,281.3333333333333,65.0,4.0,Vetas,Santander,728.0,8.928571428571429,False,False
68867,2024,12,1.0,280.4166666666667,90.5,4.0,Vetas,Santander,730.0,12.397260273972604,False,False
68872,2022,75,1.0,275.36,27.5,4.0,Villanueva,Santander,2792.0,0.9849570200573066,False,False
68872,2023,84,1.0,267.1904761904762,307.3333333333333,3.0,Villanueva,Santander,2858.0,10.753440634476323,False,False
68872,2024,89,1.0,271.1573033707865,552.75,4.0,Villanueva,Santander,2933.0,18.845891578588475,False,False
68895,2022,125,1.0,251.104,2918.25,4.0,Zapatoca,Santander,3263.0,89.4345694146491,False,False
68895,2023,139,1.0,263.28057553956836,2953.75,4.0,Zapatoca,Santander,3317.0,89.0488393126319,False,False
68895,2024,132,1.0,263.34090909090907,3236.5,4.0,Zapatoca,Santander,3370.0,96.03857566765579,False,False
70001,2022,3944,2.0,253.4825050709939,39782.0,4.0,Sincelejo,Sucre,83637.0,47.56507287444552,True,False
70001,2023,4097,2.0,256.0026848913839,39326.0,4.0,Sincelejo,Sucre,85869.0,45.797668541615714,True,False
70001,2024,4193,2.0,260.70116861435724,44552.5,4.0,Sincelejo,Sucre,88211.0,50.5067395222818,True,False
70110,2022,114,1.0,229.07894736842104,312.75,4.0,Buenavista,Sucre,3022.0,10.34910655195235,False,False
70110,2023,131,1.0,245.96946564885496,377.6666666666667,3.0,Buenavista,Sucre,3096.0,12.198535745047373,False,False
70110,2024,114,1.0,242.2982456140351,450.25,4.0,Buenavista,Sucre,3179.0,14.163258886442279,False,False
70124,2022,149,1.0,205.80536912751677,49.5,4.0,Caimito,Sucre,4786.0,1.0342666109486,False,False
70124,2023,161,1.0,204.14906832298138,39.5,4.0,Caimito,Sucre,4915.0,0.8036622583926755,False,False
70124,2024,132,1.0,210.0681818181818,36.75,4.0,Caimito,Sucre,5045.0,0.7284440039643211,False,False
70204,2022,83,1.0,231.13253012048193,2.0,4.0,Colosó,Sucre,2824.0,0.0708215297450425,False,False
70204,2023,98,1.0,237.0408163265306,2.0,4.0,Colosó,Sucre,2906.0,0.06882312456985547,False,False
70204,2024,106,1.0,239.0188679245283,17.0,4.0,Colosó,Sucre,2987.0,0.5691329092735186,False,False
70215,2022,1031,2.0,256.6896217264792,6942.5,4.0,Corozal,Sucre,20741.0,33.472349452774694,True,False
70215,2023,1019,2.0,255.1668302257115,5954.5,4.0,Corozal,Sucre,21265.0,28.001410768869032,True,False
70215,2024,989,2.0,263.48837209302326,5240.5,4.0,Corozal,Sucre,21815.0,24.022461608984642,True,False
70215,2025,15,1.0,203.8,7031.5,4.0,Corozal,Sucre,22361.0,31.44537364160816,False,False
70221,2022,189,1.0,232.57671957671957,2051.75,4.0,Coveñas,Sucre,5852.0,35.060663021189335,False,False
70221,2023,239,1.0,250.11297071129707,1864.25,4.0,Coveñas,Sucre,6019.0,30.97275294899485,False,False
70221,2024,237,1.0,244.74683544303798,1321.5,4.0,Coveñas,Sucre,6188.0,21.35585003232062,False,False
70233,2022,139,1.0,235.61870503597123,4.75,4.0,El Roble,Sucre,2834.0,0.1676076217360621,False,False
70233,2023,122,1.0,243.01639344262296,1.25,4.0,El Roble,Sucre,2871.0,0.04353883664228492,False,False
70233,2024,105,1.0,242.5047619047619,68.75,4.0,El Roble,Sucre,2915.0,2.358490566037736,False,False
70235,2022,304,2.0,238.4934210526316,1037.75,4.0,Galeras,Sucre,7164.0,14.485622557230599,True,False
70235,2023,251,1.0,246.0239043824701,824.0,4.0,Galeras,Sucre,7349.0,11.212409851680501,False,False
70235,2024,304,1.0,244.26315789473685,555.25,4.0,Galeras,Sucre,7543.0,7.3611295240620445,False,False
70265,2022,126,1.0,217.16666666666666,300.0,4.0,Guaranda,Sucre,5135.0,5.8422590068159685,False,False
70265,2023,150,1.0,213.61333333333334,286.75,4.0,Guaranda,Sucre,5237.0,5.475463051365286,False,False
70265,2024,162,1.0,210.30246913580248,368.25,4.0,Guaranda,Sucre,5342.0,6.893485585922875,False,False
70400,2022,162,1.0,239.4814814814815,669.5,4.0,La Unión,Sucre,3770.0,17.75862068965517,False,False
70400,2023,162,1.0,226.46296296296296,500.75,4.0,La Unión,Sucre,3861.0,12.96943796943797,False,False
70400,2024,165,1.0,224.8909090909091,151.5,4.0,La Unión,Sucre,3952.0,3.833502024291498,False,False
70418,2022,276,1.0,217.10507246376812,831.5,4.0,Los Palmitos,Sucre,7299.0,11.39197150294561,False,False
70418,2023,306,1.0,224.23856209150327,834.75,4.0,Los Palmitos,Sucre,7458.0,11.192679002413515,False,False
70418,2024,312,1.0,232.51282051282053,1490.5,4.0,Los Palmitos,Sucre,7624.0,19.550104931794333,False,False
70429,2022,475,1.0,210.38105263157894,1275.0,4.0,Majagual,Sucre,10973.0,11.619429508794314,False,False
70429,2023,533,1.0,214.75046904315198,863.75,4.0,Majagual,Sucre,11181.0,7.725158751453358,False,False
70429,2024,506,1.0,210.04743083003953,623.25,4.0,Majagual,Sucre,11397.0,5.468544353777309,False,False
70473,2022,103,1.0,233.6601941747573,463.0,4.0,Morroa,Sucre,4333.0,10.68543734133395,False,False
70473,2023,114,1.0,231.89473684210526,195.5,4.0,Morroa,Sucre,4439.0,4.404145077720207,False,False
70473,2024,86,1.0,246.27906976744185,147.0,4.0,Morroa,Sucre,4550.0,3.230769230769231,False,False
70508,2022,267,2.0,220.9625468164794,1524.5,4.0,Ovejas,Sucre,6861.0,22.219793033085555,True,False
70508,2023,299,1.0,222.86622073578596,1211.0,4.0,Ovejas,Sucre,6963.0,17.39192876633635,False,False
70508,2024,285,1.0,229.67719298245615,672.75,4.0,Ovejas,Sucre,7069.0,9.516904795586363,False,False
70523,2022,198,1.0,212.38888888888889,16.0,4.0,Palmito,Sucre,4263.0,0.37532254281022753,False,False
70523,2023,201,1.0,219.39800995024876,98.5,4.0,Palmito,Sucre,4376.0,2.25091407678245,False,False
70523,2024,178,1.0,220.69101123595505,5.75,4.0,Palmito,Sucre,4481.0,0.12831957152421336,False,False
70670,2022,689,2.0,221.16255442670538,2847.5,4.0,Sampués,Sucre,12973.0,21.949433438680334,True,False
70670,2023,633,1.0,221.3349131121643,1954.0,4.0,Sampués,Sucre,13303.0,14.688416146733818,False,False
70670,2024,746,2.0,225.1206434316354,1395.0,4.0,Sampués,Sucre,13650.0,10.219780219780219,True,False
70670,2025,11,1.0,222.1818181818182,2078.0,4.0,Sampués,Sucre,13976.0,14.86834573554665,False,False
70678,2022,240,1.0,205.48333333333332,445.75,4.0,San Benito Abad,Sucre,8979.0,4.964361287448491,False,False
70678,2023,276,1.0,206.13768115942028,294.25,4.0,San Benito Abad,Sucre,9174.0,3.207434052757794,False,False
70678,2024,212,1.0,217.04716981132074,9.25,4.0,San Benito Abad,Sucre,9371.0,0.09870878241382991,False,False
70702,2022,155,1.0,221.01290322580644,1051.5,4.0,San Juan de Betulia,Sucre,3970.0,26.48614609571788,False,False
70702,2023,153,1.0,228.40522875816993,284.5,4.0,San Juan de Betulia,Sucre,4039.0,7.043822728398117,False,False
70702,2024,160,1.0,229.59375,176.75,4.0,San Juan de Betulia,Sucre,4105.0,4.30572472594397,False,False
70708,2022,758,1.0,223.4934036939314,1657.25,4.0,San Marcos,Sucre,17304.0,9.577265372168284,False,False
70708,2023,743,1.0,232.24764468371467,1501.75,4.0,San Marcos,Sucre,17668.0,8.499830201494227,False,False
70708,2024,754,1.0,236.9973474801061,1641.0,4.0,San Marcos,Sucre,18050.0,9.091412742382271,False,False
70708,2025,2,1.0,180.5,2716.75,4.0,San Marcos,Sucre,18427.0,14.743311445161991,False,False
70713,2022,613,1.0,207.24143556280586,238.5,4.0,San Onofre,Sucre,13485.0,1.7686318131256953,False,False
70713,2023,580,1.0,212.59137931034482,857.25,4.0,San Onofre,Sucre,13685.0,6.264157837047862,False,False
70713,2024,551,1.0,211.67876588021778,1150.75,4.0,San Onofre,Sucre,13888.0,8.28593029953917,False,False
70717,2022,232,1.0,243.375,977.25,4.0,San Pedro,Sucre,5640.0,17.32712765957447,False,False
70717,2023,213,1.0,241.49295774647888,1128.25,4.0,San Pedro,Sucre,5766.0,19.567291016302462,False,False
70717,2024,235,1.0,257.8468085106383,1065.5,4.0,San Pedro,Sucre,5897.0,18.068509411565202,False,False
70742,2022,276,1.0,236.7463768115942,1181.75,4.0,San Luis de Sincé,Sucre,9150.0,12.915300546448089,False,False
70742,2023,285,2.0,243.38947368421051,770.75,4.0,San Luis de Sincé,Sucre,9273.0,8.311765340235091,True,False
70742,2024,284,2.0,245.74647887323943,977.75,4.0,San Luis de Sincé,Sucre,9401.0,10.400489309647911,True,False
70771,2022,226,1.0,220.72566371681415,32.0,4.0,Sucre,Sucre,10075.0,0.3176178660049628,False,False
70771,2023,216,1.0,227.40277777777777,225.5,4.0,Sucre,Sucre,10314.0,2.186348652317239,False,False
70771,2024,184,1.0,230.33695652173913,346.25,4.0,Sucre,Sucre,10559.0,3.2791931054077095,False,False
70820,2022,353,2.0,236.69971671388103,1029.0,4.0,Santiago de Tolú,Sucre,9994.0,10.296177706623974,True,False
70820,2023,458,1.0,229.08078602620088,737.75,4.0,Santiago de Tolú,Sucre,10249.0,7.198263245194653,False,False
70820,2024,475,1.0,229.98947368421054,518.0,4.0,Santiago de Tolú,Sucre,10507.0,4.930046635576282,False,False
70823,2022,262,1.0,226.04580152671755,703.5,4.0,Tolú Viejo,Sucre,6038.0,11.65120900960583,False,False
70823,2023,300,1.0,239.30333333333334,467.25,4.0,Tolú Viejo,Sucre,6142.0,7.6074568544448065,False,False
70823,2024,254,1.0,244.01968503937007,357.75,4.0,Tolú Viejo,Sucre,6258.0,5.716682646212848,False,False
73001,2022,6977,2.0,259.9772108356027,135533.0,4.0,Ibagué,Tolima,192490.0,70.41041093043795,True,False
73001,2023,7301,2.0,262.0649226133406,145885.75,4.0,Ibagué,Tolima,194601.0,74.96659832169414,True,False
73001,2024,7174,2.0,265.04836911067747,157482.0,4.0,Ibagué,Tolima,197067.0,79.91292301603008,True,False
73001,2025,87,1.0,245.04597701149424,171070.5,4.0,Ibagué,Tolima,199422.0,85.78316334205854,False,False
73024,2022,50,1.0,244.18,28.25,4.0,Alpujarra,Tolima,1827.0,1.5462506841817185,False,False
73024,2023,35,1.0,252.54285714285714,22.25,4.0,Alpujarra,Tolima,1845.0,1.2059620596205962,False,False
73024,2024,59,1.0,241.3050847457627,16.25,4.0,Alpujarra,Tolima,1881.0,0.8639021796916533,False,False
73026,2022,94,1.0,236.19148936170214,39.75,4.0,Alvarado,Tolima,3044.0,1.3058475689881734,False,False
73026,2023,75,1.0,244.86666666666667,402.75,4.0,Alvarado,Tolima,3058.0,13.17037279267495,False,False
73026,2024,71,1.0,240.91549295774647,513.25,4.0,Alvarado,Tolima,3087.0,16.626174279235503,False,False
73030,2022,53,1.0,236.58490566037736,167.75,4.0,Ambalema,Tolima,2551.0,6.575852606820855,False,False
73030,2023,45,1.0,227.82222222222222,123.75,4.0,Ambalema,Tolima,2567.0,4.820802493182703,False,False
73030,2024,63,1.0,231.1904761904762,688.75,4.0,Ambalema,Tolima,2591.0,26.582400617522197,False,False
73043,2022,93,1.0,229.38709677419354,12.5,4.0,Anzoátegui,Tolima,3188.0,0.39209535759096614,False,False
73043,2023,103,1.0,236.44660194174756,8.0,4.0,Anzoátegui,Tolima,3223.0,0.24821594787465093,False,False
73043,2024,102,1.0,246.04901960784315,6.0,4.0,Anzoátegui,Tolima,3266.0,0.1837109614206981,False,False
73055,2022,125,1.0,228.368,1349.0,4.0,Armero,Tolima,4694.0,28.73881550916063,False,False
73055,2023,120,1.0,232.54166666666666,1415.25,4.0,Armero,Tolima,4714.0,30.0222740772168,False,False
73055,2024,150,1.0,228.5,1495.5,4.0,Armero,Tolima,4753.0,31.464338312644646,False,False
73067,2022,162,1.0,216.52469135802468,207.25,4.0,Ataco,Tolima,6280.0,3.3001592356687897,False,False
73067,2023,226,1.0,222.0486725663717,505.25,4.0,Ataco,Tolima,6372.0,7.929221594475831,False,False
73067,2024,218,1.0,217.7981651376147,581.75,4.0,Ataco,Tolima,6465.0,8.9984532095901,False,False
73124,2022,231,1.0,240.9047619047619,197.5,4.0,Cajamarca,Tolima,6171.0,3.2004537352130935,False,False
73124,2023,279,2.0,236.02508960573476,270.25,4.0,Cajamarca,Tolima,6192.0,4.364502583979328,True,False
73124,2024,226,1.0,246.4867256637168,667.75,4.0,Cajamarca,Tolima,6236.0,10.707985888389993,False,False
73148,2022,143,2.0,228.82517482517483,249.5,4.0,Carmen de Apicalá,Tolima,3934.0,6.342145399084901,True,False
73148,2023,144,1.0,226.40277777777777,224.5,4.0,Carmen de Apicalá,Tolima,4003.0,5.60829377966525,False,False
73148,2024,123,1.0,226.21951219512195,1584.5,4.0,Carmen de Apicalá,Tolima,4065.0,38.97908979089791,False,False
73152,2022,48,1.0,237.33333333333334,2.75,4.0,Casabianca,Tolima,2331.0,0.11797511797511798,False,False
73152,2023,67,1.0,241.955223880597,12.333333333333334,3.0,Casabianca,Tolima,2357.0,0.5232640362042144,False,False
73152,2024,49,1.0,247.26530612244898,20.5,4.0,Casabianca,Tolima,2381.0,0.8609827803443931,False,False
73168,2022,619,2.0,231.6058158319871,5251.0,4.0,Chaparral,Tolima,18248.0,28.775756247259977,True,False
73168,2023,579,2.0,245.12435233160622,4571.0,4.0,Chaparral,Tolima,18446.0,24.780440203838232,True,False
73168,2024,648,2.0,241.84567901234567,3640.5,4.0,Chaparral,Tolima,18687.0,19.481457697864826,True,False
73168,2025,6,1.0,197.16666666666666,4544.5,4.0,Chaparral,Tolima,18919.0,24.020825625033034,False,False
73200,2022,89,1.0,219.13483146067415,70.25,4.0,Coello,Tolima,3051.0,2.302523762700754,False,False
73200,2023,104,1.0,226.31730769230768,123.0,4.0,Coello,Tolima,3077.0,3.997400064998375,False,False
73200,2024,82,1.0,227.3170731707317,220.25,4.0,Coello,Tolima,3112.0,7.0774421593830334,False,False
73217,2022,330,1.0,203.06969696969696,454.5,4.0,Coyaima,Tolima,8474.0,5.363464715600661,False,False
73217,2023,359,1.0,200.7799442896936,565.5,4.0,Coyaima,Tolima,8546.0,6.6171308214369295,False,False
73217,2024,323,2.0,201.4891640866873,532.0,4.0,Coyaima,Tolima,8646.0,6.1531343974092065,True,False
73217,2025,1,1.0,181.0,633.5,4.0,Coyaima,Tolima,8738.0,7.249942778667888,False,False
73226,2022,84,1.0,232.58333333333334,20.5,4.0,Cunday,Tolima,3406.0,0.6018790369935408,False,False
73226,2023,100,1.0,232.23,45.25,4.0,Cunday,Tolima,3434.0,1.317705299941759,False,False
73226,2024,115,1.0,232.43478260869566,38.5,4.0,Cunday,Tolima,3474.0,1.1082325849165229,False,False
73236,2022,93,1.0,237.67741935483872,103.25,4.0,Dolores,Tolima,3768.0,2.740180467091295,False,False
73236,2023,88,1.0,238.45454545454547,183.5,4.0,Dolores,Tolima,3790.0,4.841688654353562,False,False
73236,2024,93,1.0,253.7741935483871,94.5,4.0,Dolores,Tolima,3830.0,2.4673629242819843,False,False
73268,2022,917,2.0,238.91603053435114,15127.5,4.0,Espinal,Tolima,24193.0,62.52841731079237,True,False
73268,2023,1056,2.0,240.64962121212122,15832.0,4.0,Espinal,Tolima,24356.0,65.00246345869601,True,False
73268,2024,1022,2.0,240.74657534246575,15149.5,4.0,Espinal,Tolima,24578.0,61.6384571568069,True,False
73268,2025,59,1.0,215.6271186440678,16035.75,4.0,Espinal,Tolima,24781.0,64.70985835922683,False,False
73270,2022,92,1.0,237.59782608695653,323.25,4.0,Falan,Tolima,2698.0,11.981097108969607,False,False
73270,2023,118,1.0,253.97457627118644,128.5,4.0,Falan,Tolima,2722.0,4.720793534166055,False,False
73270,2024,120,1.0,248.875,159.75,4.0,Falan,Tolima,2753.0,5.802760624772975,False,False
73275,2022,296,1.0,220.10472972972974,5562.0,4.0,Flandes,Tolima,9834.0,56.5588773642465,False,False
73275,2023,298,1.0,221.96644295302013,5933.0,4.0,Flandes,Tolima,9911.0,59.86277873070326,False,False
73275,2024,284,1.0,223.05281690140845,5907.25,4.0,Flandes,Tolima,10008.0,59.025279776179055,False,False
73283,2022,341,1.0,249.98533724340177,1500.0,4.0,Fresno,Tolima,11298.0,13.27668613913967,False,False
73283,2023,373,1.0,254.41823056300268,1389.75,4.0,Fresno,Tolima,11386.0,12.20577902687511,False,False
73283,2024,420,1.0,250.66190476190476,1782.5,4.0,Fresno,Tolima,11494.0,15.508091178005918,False,False
73319,2022,374,1.0,220.70320855614975,3544.75,4.0,Guamo,Tolima,12319.0,28.774657033850147,False,False
73319,2023,374,1.0,220.50802139037432,3626.75,4.0,Guamo,Tolima,12410.0,29.224415793714748,False,False
73319,2024,408,2.0,228.7843137254902,3838.0,4.0,Guamo,Tolima,12539.0,30.60850147539676,True,False
73319,2025,8,1.0,186.0,4099.25,4.0,Guamo,Tolima,12650.0,32.405138339920946,False,False
73347,2022,59,1.0,265.5762711864407,102.0,4.0,Herveo,Tolima,2634.0,3.8724373576309796,False,False
73347,2023,56,1.0,257.23214285714283,83.75,4.0,Herveo,Tolima,2647.0,3.1639591990933127,False,False
73347,2024,66,1.0,257.1363636363636,82.25,4.0,Herveo,Tolima,2659.0,3.0932681459195184,False,False
73349,2022,246,1.0,241.2479674796748,4442.5,4.0,Honda,Tolima,8698.0,51.074959760864566,False,False
73349,2023,278,1.0,253.02158273381295,5083.5,4.0,Honda,Tolima,8756.0,58.05733211512106,False,False
73349,2024,245,1.0,252.9673469387755,4987.0,4.0,Honda,Tolima,8827.0,56.49711113628639,False,False
73352,2022,139,1.0,240.64028776978418,346.75,4.0,Icononzo,Tolima,4591.0,7.552820736223046,False,False
73352,2023,123,1.0,234.09756097560975,440.0,4.0,Icononzo,Tolima,4646.0,9.470512268618165,False,False
73352,2024,153,2.0,235.7843137254902,424.75,4.0,Icononzo,Tolima,4702.0,9.0333900467886,True,False
73352,2025,3,1.0,228.0,732.0,4.0,Icononzo,Tolima,4753.0,15.400799495055754,False,False
73408,2022,220,1.0,225.48181818181817,288.75,4.0,Lérida,Tolima,6362.0,4.538667085822069,False,False
73408,2023,254,1.0,223.20078740157481,498.0,4.0,Lérida,Tolima,6384.0,7.8007518796992485,False,False
73408,2024,233,1.0,237.206008583691,402.0,4.0,Lérida,Tolima,6414.0,6.26753975678204,False,False
73411,2022,414,2.0,254.8816425120773,2881.5,4.0,Líbano,Tolima,13027.0,22.1194442312121,True,False
73411,2023,468,2.0,255.32264957264957,3219.0,4.0,Líbano,Tolima,13120.0,24.535060975609756,True,False
73411,2024,456,2.0,253.64473684210526,2304.5,4.0,Líbano,Tolima,13244.0,17.40033222591362,True,False
73411,2025,29,1.0,239.79310344827587,2900.0,4.0,Líbano,Tolima,13368.0,21.693596648713346,False,False
73443,2022,467,2.0,244.16488222698072,4572.75,4.0,San Sebastián de Mariquita,Tolima,13547.0,33.75470583893112,True,False
73443,2023,517,2.0,249.66537717601548,4990.25,4.0,San Sebastián de Mariquita,Tolima,13731.0,36.34294661714369,True,False
73443,2024,463,2.0,251.1036717062635,5398.25,4.0,San Sebastián de Mariquita,Tolima,13938.0,38.73044913186971,True,False
73443,2025,11,1.0,231.0,6941.25,4.0,San Sebastián de Mariquita,Tolima,14137.0,49.09987974817854,False,False
73449,2022,509,2.0,243.25540275049116,6851.0,4.0,Melgar,Tolima,15242.0,44.94816953155754,True,False
73449,2023,538,2.0,248.4368029739777,8489.25,4.0,Melgar,Tolima,15476.0,54.8542905143448,True,False
73449,2024,535,2.0,249.70654205607477,9326.0,4.0,Melgar,Tolima,15731.0,59.284215879473656,True,False
73449,2025,15,1.0,215.0,10311.75,4.0,Melgar,Tolima,15984.0,64.51295045045045,False,False
73461,2022,32,1.0,240.46875,2.0,4.0,Murillo,Tolima,1403.0,0.14255167498218105,False,False
73461,2023,32,1.0,252.28125,2.0,4.0,Murillo,Tolima,1410.0,0.14184397163120568,False,False
73461,2024,19,1.0,264.94736842105266,341.0,4.0,Murillo,Tolima,1421.0,23.997185080928922,False,False
73483,2022,217,1.0,223.5483870967742,556.75,4.0,Natagaima,Tolima,5296.0,10.512651057401813,False,False
73483,2023,221,2.0,223.2941176470588,510.25,4.0,Natagaima,Tolima,5381.0,9.482438208511429,True,False
73483,2024,189,2.0,217.2275132275132,370.5,4.0,Natagaima,Tolima,5461.0,6.784471708478302,True,False
73483,2025,15,1.0,206.13333333333333,252.25,4.0,Natagaima,Tolima,5555.0,4.540954095409541,False,False
73504,2022,358,1.0,216.19832402234636,436.75,4.0,Ortega,Tolima,12072.0,3.6178760768721006,False,False
73504,2023,368,1.0,218.5923913043478,387.75,4.0,Ortega,Tolima,12201.0,3.1780181952298996,False,False
73504,2024,418,1.0,216.7177033492823,395.5,4.0,Ortega,Tolima,12364.0,3.198802976383047,False,False
73520,2022,106,1.0,242.18867924528303,234.75,4.0,Palocabildo,Tolima,3247.0,7.229750538959038,False,False
73520,2023,85,1.0,242.69411764705882,249.5,4.0,Palocabildo,Tolima,3278.0,7.611348383160464,False,False
73520,2024,95,1.0,244.16842105263157,87.25,4.0,Palocabildo,Tolima,3316.0,2.6311821471652594,False,False
73547,2022,54,1.0,237.75925925925927,49.75,4.0,Piedras,Tolima,2816.0,1.7666903409090908,False,False
73547,2023,67,1.0,240.53731343283582,234.75,4.0,Piedras,Tolima,2864.0,8.196578212290504,False,False
73547,2024,50,1.0,231.64,347.0,4.0,Piedras,Tolima,2923.0,11.871365035921997,False,False
73555,2022,248,1.0,224.43951612903226,538.75,4.0,Planadas,Tolima,7901.0,6.818757119351981,False,False
73555,2023,316,1.0,229.59493670886076,752.75,4.0,Planadas,Tolima,8003.0,9.405847807072348,False,False
73555,2024,320,1.0,225.346875,620.5,4.0,Planadas,Tolima,8138.0,7.624723519292209,False,False
73563,2022,94,1.0,222.51063829787233,34.75,4.0,Prado,Tolima,2987.0,1.1633746233679279,False,False
73563,2023,113,1.0,231.1504424778761,33.75,4.0,Prado,Tolima,3009.0,1.1216350947158524,False,False
73563,2024,130,1.0,232.19230769230768,135.5,4.0,Prado,Tolima,3029.0,4.473423572136018,False,False
73585,2022,286,1.0,224.0874125874126,1279.25,4.0,Purificación,Tolima,8085.0,15.822510822510822,False,False
73585,2023,286,1.0,230.04195804195805,1712.25,4.0,Purificación,Tolima,8154.0,20.998896247240616,False,False
73585,2024,291,2.0,229.8591065292096,2167.5,4.0,Purificación,Tolima,8240.0,26.304611650485437,True,False
73616,2022,225,1.0,218.77777777777777,151.5,4.0,Rioblanco,Tolima,7072.0,2.1422511312217196,False,False
73616,2023,234,1.0,227.2051282051282,632.75,4.0,Rioblanco,Tolima,7163.0,8.833589278235376,False,False
73616,2024,223,1.0,240.30941704035874,1275.5,4.0,Rioblanco,Tolima,7277.0,17.527827401401677,False,False
73622,2022,53,1.0,226.37735849056602,157.5,4.0,Roncesvalles,Tolima,1911.0,8.241758241758241,False,False
73622,2023,53,1.0,225.37735849056602,211.25,4.0,Roncesvalles,Tolima,1927.0,10.962636222106902,False,False
73622,2024,52,1.0,224.25,216.0,4.0,Roncesvalles,Tolima,1941.0,11.128284389489954,False,False
73624,2022,335,1.0,225.71044776119402,336.5,4.0,Rovira,Tolima,7282.0,4.62098324636089,False,False
73624,2023,358,1.0,228.03351955307264,327.0,4.0,Rovira,Tolima,7347.0,4.450796243364639,False,False
73624,2024,312,1.0,226.26923076923077,452.5,4.0,Rovira,Tolima,7421.0,6.097560975609756,False,False
73671,2022,166,1.0,220.23493975903614,153.5,4.0,Saldaña,Tolima,4902.0,3.131374949000408,False,False
73671,2023,175,1.0,219.98285714285714,119.5,4.0,Saldaña,Tolima,4936.0,2.4209886547811994,False,False
73671,2024,154,1.0,223.37012987012986,613.25,4.0,Saldaña,Tolima,4984.0,12.304373996789728,False,False
73675,2022,212,1.0,225.71226415094338,28.0,4.0,San Antonio,Tolima,4131.0,0.6778019849915276,False,False
73675,2023,212,1.0,230.3443396226415,63.0,4.0,San Antonio,Tolima,4163.0,1.5133317319240933,False,False
73675,2024,200,1.0,230.185,127.25,4.0,San Antonio,Tolima,4212.0,3.0211301044634378,False,False
73678,2022,154,1.0,237.05844155844156,59.5,4.0,San Luis,Tolima,4998.0,1.1904761904761905,False,False
73678,2023,145,1.0,236.1103448275862,422.75,4.0,San Luis,Tolima,5043.0,8.382906999801705,False,False
73678,2024,144,1.0,236.23611111111111,201.75,4.0,San Luis,Tolima,5100.0,3.9558823529411766,False,False
73686,2022,58,2.0,233.32758620689654,9.5,4.0,Santa Isabel,Tolima,1982.0,0.479313824419778,True,False
73686,2023,60,2.0,242.65,8.5,4.0,Santa Isabel,Tolima,2003.0,0.4243634548177734,True,False
73686,2024,62,1.0,230.43548387096774,10.25,4.0,Santa Isabel,Tolima,2019.0,0.5076770678553739,False,False
73770,2022,28,1.0,236.5,1.75,4.0,Suárez,Tolima,1479.0,0.11832319134550372,False,False
73770,2023,33,1.0,216.4848484848485,76.75,4.0,Suárez,Tolima,1482.0,5.178812415654521,False,False
73770,2024,42,1.0,222.78571428571428,22.25,4.0,Suárez,Tolima,1504.0,1.4793882978723405,False,False
73854,2022,69,1.0,226.28985507246378,2.0,4.0,Valle de San Juan,Tolima,2288.0,0.08741258741258741,False,False
73854,2023,53,1.0,240.22641509433961,1.25,4.0,Valle de San Juan,Tolima,2303.0,0.05427702996092054,False,False
73854,2024,54,1.0,232.11111111111111,1.0,2.0,Valle de San Juan,Tolima,2333.0,0.04286326618088298,False,False
73861,2022,171,1.0,227.30409356725147,166.25,4.0,Venadillo,Tolima,4349.0,3.8227178661761325,False,False
73861,2023,147,1.0,239.35374149659864,671.5,4.0,Venadillo,Tolima,4387.0,15.306587645315705,False,False
73861,2024,160,1.0,238.19375,708.25,4.0,Venadillo,Tolima,4421.0,16.020131192038,False,False
73870,2022,102,1.0,256.04901960784315,69.75,4.0,Villahermosa,Tolima,3341.0,2.0876982939239745,False,False
73870,2023,68,1.0,257.47058823529414,117.0,4.0,Villahermosa,Tolima,3369.0,3.4728406055209264,False,False
73870,2024,76,1.0,256.0394736842105,111.5,4.0,Villahermosa,Tolima,3405.0,3.274596182085169,False,False
73873,2022,55,1.0,224.25454545454545,2.0,4.0,Villarrica,Tolima,2020.0,0.09900990099009901,False,False
73873,2023,53,1.0,247.73584905660377,1.25,4.0,Villarrica,Tolima,2036.0,0.061394891944990176,False,False
73873,2024,25,1.0,244.12,1.0,4.0,Villarrica,Tolima,2064.0,0.04844961240310078,False,False
76001,2022,22556,2.0,260.9890051427558,506588.75,4.0,Cali,Valle del Cauca,772347.0,65.59082251889372,True,False
76001,2023,22291,2.0,262.58180431564307,620416.75,4.0,Cali,Valle del Cauca,778064.0,79.73852408028131,True,False
76001,2024,21099,2.0,264.0477273804446,489178.0,4.0,Cali,Valle del Cauca,785056.0,62.311223657930135,True,False
76001,2025,5287,1.0,299.35861547191223,508254.0,4.0,Cali,Valle del Cauca,791315.0,64.2290364772562,False,False
76020,2022,159,1.0,223.1069182389937,209.75,4.0,Alcalá,Valle del Cauca,5015.0,4.182452642073779,False,False
76020,2023,157,1.0,221.85987261146497,1115.75,4.0,Alcalá,Valle del Cauca,5049.0,22.09843533372945,False,False
76020,2024,158,1.0,226.76582278481013,1481.25,4.0,Alcalá,Valle del Cauca,5105.0,29.015670910871695,False,False
76036,2022,199,1.0,239.5929648241206,1836.0,4.0,Andalucía,Valle del Cauca,9313.0,19.71437775153012,False,False
76036,2023,168,1.0,251.35119047619048,1668.0,4.0,Andalucía,Valle del Cauca,9492.0,17.572692793931733,False,False
76036,2024,180,1.0,247.98888888888888,2251.0,4.0,Andalucía,Valle del Cauca,9685.0,23.242127000516263,False,False
76041,2022,122,1.0,240.9016393442623,410.5,4.0,Ansermanuevo,Valle del Cauca,6515.0,6.300844205679201,False,False
76041,2023,137,1.0,234.74452554744525,1418.5,4.0,Ansermanuevo,Valle del Cauca,6553.0,21.646574088203877,False,False
76041,2024,135,1.0,232.4962962962963,1876.75,4.0,Ansermanuevo,Valle del Cauca,6611.0,28.388292240205722,False,False
76054,2022,73,1.0,212.57534246575344,39.0,4.0,Argelia,Valle del Cauca,1936.0,2.0144628099173554,False,False
76054,2023,68,1.0,220.64705882352942,143.5,4.0,Argelia,Valle del Cauca,1954.0,7.343909928352097,False,False
76054,2024,62,1.0,234.48387096774192,167.0,4.0,Argelia,Valle del Cauca,1975.0,8.455696202531646,False,False
76100,2022,131,1.0,250.29007633587787,539.75,4.0,Bolívar,Valle del Cauca,5466.0,9.874679839004756,False,False
76100,2023,133,1.0,251.18796992481202,531.0,4.0,Bolívar,Valle del Cauca,5504.0,9.647529069767442,False,False
76100,2024,135,1.0,249.93333333333334,595.25,4.0,Bolívar,Valle del Cauca,5554.0,10.717500900252071,False,False
76109,2022,3748,2.0,219.22812166488794,20180.75,4.0,Buenaventura,Valle del Cauca,93010.0,21.697398129233417,True,False
76109,2023,3366,2.0,222.3205585264409,20890.5,4.0,Buenaventura,Valle del Cauca,94752.0,22.047555724417425,True,False
76109,2024,3398,2.0,223.4199529134785,21431.25,4.0,Buenaventura,Valle del Cauca,96641.0,22.176146770004447,True,False
76109,2025,20,1.0,199.75,27997.25,4.0,Buenaventura,Valle del Cauca,98541.0,28.41177783866614,False,False
76111,2022,1350,2.0,270.842962962963,26584.75,4.0,Guadalajara de Buga,Valle del Cauca,44808.0,59.33036511337261,True,False
76111,2023,1306,2.0,269.44946401225116,27758.5,4.0,Guadalajara de Buga,Valle del Cauca,45256.0,61.3366183489482,True,False
76111,2024,1251,2.0,272.0415667466027,28895.5,4.0,Guadalajara de Buga,Valle del Cauca,45787.0,63.1085242536091,True,False
76111,2025,315,1.0,291.4031746031746,31356.75,4.0,Guadalajara de Buga,Valle del Cauca,46277.0,67.75882187695832,False,False
76113,2022,247,2.0,236.97165991902833,2382.25,4.0,Bugalagrande,Valle del Cauca,8234.0,28.931867864950206,True,False
76113,2023,261,2.0,241.65900383141764,2303.5,4.0,Bugalagrande,Valle del Cauca,8341.0,27.616592734684094,True,False
76113,2024,220,1.0,241.70909090909092,2383.0,4.0,Bugalagrande,Valle del Cauca,8461.0,28.16451956033566,False,False
76113,2025,9,1.0,181.55555555555554,2722.5,4.0,Bugalagrande,Valle del Cauca,8573.0,31.75667794237723,False,False
76122,2022,283,1.0,241.14840989399292,2428.25,4.0,Caicedonia,Valle del Cauca,10936.0,22.204188002926113,False,False
76122,2023,240,1.0,244.61666666666667,2622.25,4.0,Caicedonia,Valle del Cauca,11060.0,23.709312839059674,False,False
76122,2024,258,1.0,248.15891472868216,3334.25,4.0,Caicedonia,Valle del Cauca,11219.0,29.719671985025403,False,False
76126,2022,220,1.0,262.0181818181818,2186.0,4.0,Calima,Valle del Cauca,6616.0,33.041112454655384,False,False
76126,2023,196,1.0,259.32142857142856,2263.5,4.0,Calima,Valle del Cauca,6712.0,33.723182359952325,False,False
76126,2024,182,1.0,265.52197802197804,2522.5,4.0,Calima,Valle del Cauca,6828.0,36.94346807264206,False,False
76130,2022,929,2.0,246.60064585575887,14014.0,4.0,Candelaria,Valle del Cauca,31535.0,44.439511653718085,True,False
76130,2023,1024,2.0,247.7744140625,15828.25,4.0,Candelaria,Valle del Cauca,32594.0,48.561851874578146,True,False
76130,2024,1128,2.0,252.29255319148936,17395.75,4.0,Candelaria,Valle del Cauca,33768.0,51.515488036010424,True,False
76130,2025,49,1.0,320.46938775510205,20251.0,4.0,Candelaria,Valle del Cauca,34966.0,57.916261511182284,False,False
76147,2022,1533,2.0,254.22700587084148,24587.75,4.0,Cartago,Valle del Cauca,48699.0,50.48922975831126,True,False
76147,2023,1407,2.0,254.67945984363894,23786.0,4.0,Cartago,Valle del Cauca,49367.0,48.18198391638139,True,False
76147,2024,1393,2.0,254.20387652548456,24986.0,4.0,Cartago,Valle del Cauca,50174.0,49.798700522182806,True,False
76147,2025,69,1.0,286.768115942029,29988.0,4.0,Cartago,Valle del Cauca,50934.0,58.87619271999057,False,False
76233,2022,371,2.0,230.95956873315365,5850.0,4.0,Dagua,Valle del Cauca,19659.0,29.757363039829087,True,False
76233,2023,396,2.0,238.04545454545453,6627.25,4.0,Dagua,Valle del Cauca,20273.0,32.69003107581512,True,False
76233,2024,420,2.0,237.54761904761904,6519.25,4.0,Dagua,Valle del Cauca,20938.0,31.13597287228962,True,False
76233,2025,33,1.0,230.03030303030303,5602.25,4.0,Dagua,Valle del Cauca,21591.0,25.947153906720395,False,False
76243,2022,99,1.0,234.8989898989899,91.25,4.0,El Águila,Valle del Cauca,3064.0,2.9781331592689293,False,False
76243,2023,100,1.0,231.55,71.5,4.0,El Águila,Valle del Cauca,3085.0,2.3176661264181524,False,False
76243,2024,115,1.0,236.6695652173913,53.25,4.0,El Águila,Valle del Cauca,3114.0,1.710019267822736,False,False
76246,2022,64,1.0,233.9375,6.25,4.0,El Cairo,Valle del Cauca,2476.0,0.2524232633279483,False,False
76246,2023,53,1.0,231.0943396226415,59.5,4.0,El Cairo,Valle del Cauca,2492.0,2.387640449438202,False,False
76246,2024,60,1.0,217.28333333333333,127.25,4.0,El Cairo,Valle del Cauca,2517.0,5.055621771950735,False,False
76248,2022,655,2.0,252.52977099236642,8587.0,4.0,El Cerrito,Valle del Cauca,18632.0,46.087376556462004,True,False
76248,2023,676,2.0,251.0532544378698,8835.0,4.0,El Cerrito,Valle del Cauca,18740.0,47.145144076840985,True,False
76248,2024,608,2.0,258.8980263157895,8653.75,4.0,El Cerrito,Valle del Cauca,18882.0,45.83068530875967,True,False
76248,2025,94,1.0,304.72340425531917,9214.0,4.0,El Cerrito,Valle del Cauca,19007.0,48.47687694007471,False,False
76250,2022,75,1.0,262.53333333333336,393.25,4.0,El Dovio,Valle del Cauca,3154.0,12.468294229549779,False,False
76250,2023,86,1.0,259.8837209302326,470.0,4.0,El Dovio,Valle del Cauca,3186.0,14.752040175768991,False,False
76250,2024,57,1.0,269.2280701754386,453.5,4.0,El Dovio,Valle del Cauca,3241.0,13.992594878124034,False,False
76275,2022,702,1.0,250.46011396011397,4497.75,4.0,Florida,Valle del Cauca,18392.0,24.454926054806435,False,False
76275,2023,730,1.0,254.27123287671233,4790.5,4.0,Florida,Valle del Cauca,18488.0,25.91140199048031,False,False
76275,2024,587,1.0,255.25894378194207,4605.75,4.0,Florida,Valle del Cauca,18610.0,24.748790972595376,False,False
76275,2025,27,1.0,206.33333333333334,4452.0,4.0,Florida,Valle del Cauca,18717.0,23.785863119089598,False,False
76306,2022,317,1.0,256.9968454258675,2762.5,4.0,Ginebra,Valle del Cauca,8167.0,33.8251499938778,False,False
76306,2023,312,2.0,258.2852564102564,3144.25,4.0,Ginebra,Valle del Cauca,8296.0,37.900795564127286,True,False
76306,2024,289,1.0,273.39446366782005,3432.25,4.0,Ginebra,Valle del Cauca,8449.0,40.623150668718196,False,False
76318,2022,358,1.0,238.76536312849163,2962.25,4.0,Guacarí,Valle del Cauca,11605.0,25.52563550193882,False,False
76318,2023,347,1.0,245.89625360230548,4254.25,4.0,Guacarí,Valle del Cauca,11740.0,36.237223168654175,False,False
76318,2024,315,1.0,245.9111111111111,3144.25,4.0,Guacarí,Valle del Cauca,11898.0,26.42671037149101,False,False
76364,2022,1502,2.0,256.96671105193076,43681.5,4.0,Jamundí,Valle del Cauca,57799.0,75.57483693489506,True,False
76364,2023,1606,2.0,257.28580323785803,49819.0,4.0,Jamundí,Valle del Cauca,59561.0,83.6436594415809,True,False
76364,2024,1539,2.0,262.92657569850553,46964.5,4.0,Jamundí,Valle del Cauca,61401.0,76.48816794514748,True,False
76364,2025,124,1.0,287.69354838709677,50828.5,4.0,Jamundí,Valle del Cauca,63188.0,80.44011521174906,False,False
76377,2022,127,1.0,250.88976377952756,780.75,4.0,La Cumbre,Valle del Cauca,6457.0,12.09152857364101,False,False
76377,2023,143,1.0,255.33566433566435,1598.25,4.0,La Cumbre,Valle del Cauca,6615.0,24.160997732426303,False,False
76377,2024,164,1.0,254.7987804878049,1824.5,4.0,La Cumbre,Valle del Cauca,6793.0,26.858530840571177,False,False
76400,2022,401,1.0,249.28927680798006,1691.25,4.0,La Unión,Valle del Cauca,12344.0,13.70098833441348,False,False
76400,2023,393,1.0,253.6030534351145,4457.5,4.0,La Unión,Valle del Cauca,12445.0,35.81759742868622,False,False
76400,2024,349,1.0,259.45845272206304,5633.75,4.0,La Unión,Valle del Cauca,12565.0,44.836848388380425,False,False
76403,2022,143,1.0,228.9090909090909,1431.5,4.0,La Victoria,Valle del Cauca,4570.0,31.323851203501096,False,False
76403,2023,136,1.0,238.03676470588235,1481.5,4.0,La Victoria,Valle del Cauca,4624.0,32.03935986159169,False,False
76403,2024,111,1.0,250.43243243243242,1693.5,4.0,La Victoria,Valle del Cauca,4685.0,36.14727854855923,False,False
76497,2022,84,1.0,216.51190476190476,318.25,4.0,Obando,Valle del Cauca,4469.0,7.121279928395614,False,False
76497,2023,99,1.0,222.1919191919192,1035.75,4.0,Obando,Valle del Cauca,4504.0,22.996225577264653,False,False
76497,2024,91,1.0,229.28571428571428,1408.0,4.0,Obando,Valle del Cauca,4541.0,31.006386258533364,False,False
76520,2022,3793,2.0,266.03216451357764,76411.5,4.0,Palmira,Valle del Cauca,130308.0,58.6391472511281,True,False
76520,2023,3766,2.0,265.51991502920873,78455.5,4.0,Palmira,Valle del Cauca,132412.0,59.251049753798746,True,False
76520,2024,3637,2.0,269.469617816882,78684.0,4.0,Palmira,Valle del Cauca,134732.0,58.400380013656736,True,False
76520,2025,647,1.0,291.6877897990726,83853.25,4.0,Palmira,Valle del Cauca,136908.0,61.24788178923073,False,False
76563,2022,486,2.0,249.47119341563786,5802.0,4.0,Pradera,Valle del Cauca,15714.0,36.92248949980909,True,False
76563,2023,475,2.0,257.98105263157896,5842.25,4.0,Pradera,Valle del Cauca,15895.0,36.755268952500785,True,False
76563,2024,434,2.0,257.0967741935484,5869.75,4.0,Pradera,Valle del Cauca,16113.0,36.4286600881276,True,False
76563,2025,12,1.0,271.6666666666667,6359.75,4.0,Pradera,Valle del Cauca,16324.0,38.95950747365842,False,False
76606,2022,233,2.0,244.58369098712447,584.25,4.0,Restrepo,Valle del Cauca,5423.0,10.773557071731513,True,False
76606,2023,182,1.0,238.36813186813185,1007.75,4.0,Restrepo,Valle del Cauca,5488.0,18.362791545189506,False,False
76606,2024,191,2.0,243.1151832460733,2057.25,4.0,Restrepo,Valle del Cauca,5560.0,37.00089928057554,True,False
76616,2022,163,1.0,232.38036809815952,129.5,4.0,Riofrío,Valle del Cauca,5913.0,2.190089633012007,False,False
76616,2023,124,1.0,238.58870967741936,226.5,4.0,Riofrío,Valle del Cauca,5983.0,3.7857262243021896,False,False
76616,2024,127,1.0,243.88976377952756,574.0,4.0,Riofrío,Valle del Cauca,6064.0,9.465699208443272,False,False
76622,2022,499,2.0,252.87374749498997,2139.5,4.0,Roldanillo,Valle del Cauca,12722.0,16.81732432007546,True,False
76622,2023,439,2.0,263.9749430523918,4368.5,4.0,Roldanillo,Valle del Cauca,12877.0,33.924827211306976,True,False
76622,2024,445,2.0,261.0112359550562,5233.0,4.0,Roldanillo,Valle del Cauca,13064.0,40.05664421310471,True,False
76622,2025,24,1.0,310.6666666666667,5411.75,4.0,Roldanillo,Valle del Cauca,13235.0,40.889686437476385,False,False
76670,2022,187,1.0,241.0427807486631,863.0,4.0,San Pedro,Valle del Cauca,5400.0,15.981481481481483,False,False
76670,2023,168,1.0,248.4047619047619,861.0,4.0,San Pedro,Valle del Cauca,5460.0,15.769230769230768,False,False
76670,2024,212,1.0,235.72169811320754,882.0,4.0,San Pedro,Valle del Cauca,5512.0,16.00145137880987,False,False
76736,2022,372,1.0,255.05376344086022,3860.5,4.0,Sevilla,Valle del Cauca,15616.0,24.721439549180328,False,False
76736,2023,383,1.0,247.3237597911227,5144.5,4.0,Sevilla,Valle del Cauca,15791.0,32.578684060540816,False,False
76736,2024,343,1.0,260.9008746355685,5492.75,4.0,Sevilla,Valle del Cauca,16010.0,34.308244846970645,False,False
76823,2022,167,1.0,233.91017964071855,1078.5,4.0,Toro,Valle del Cauca,5172.0,20.852668213457076,False,False
76823,2023,143,1.0,229.97202797202797,1545.75,4.0,Toro,Valle del Cauca,5214.0,29.64614499424626,False,False
76823,2024,126,1.0,232.4920634920635,1670.0,4.0,Toro,Valle del Cauca,5270.0,31.688804554079695,False,False
76828,2022,205,1.0,237.04390243902438,631.25,4.0,Trujillo,Valle del Cauca,6466.0,9.762604392205382,False,False
76828,2023,163,1.0,250.17177914110428,490.5,4.0,Trujillo,Valle del Cauca,6545.0,7.494270435446906,False,False
76828,2024,197,1.0,249.7766497461929,632.25,4.0,Trujillo,Valle del Cauca,6640.0,9.52183734939759,False,False
76834,2022,2364,2.0,259.3274111675127,40287.25,4.0,Tuluá,Valle del Cauca,79180.0,50.88058853245769,True,False
76834,2023,2318,1.0,261.56212251941326,38599.25,4.0,Tuluá,Valle del Cauca,80227.0,48.11254315878694,False,False
76834,2024,2102,2.0,262.9743101807802,38860.25,4.0,Tuluá,Valle del Cauca,81421.0,47.727551860085235,True,False
76845,2022,57,1.0,241.40350877192984,42.75,4.0,Ulloa,Valle del Cauca,1903.0,2.2464529689963215,False,False
76845,2023,56,1.0,247.92857142857142,115.25,4.0,Ulloa,Valle del Cauca,1915.0,6.018276762402089,False,False
76845,2024,60,1.0,239.41666666666666,124.25,4.0,Ulloa,Valle del Cauca,1935.0,6.421188630490956,False,False
76863,2022,60,1.0,246.38333333333333,213.5,4.0,Versalles,Valle del Cauca,2700.0,7.907407407407407,False,False
76863,2023,45,1.0,244.2,477.75,4.0,Versalles,Valle del Cauca,2728.0,17.512829912023463,False,False
76863,2024,56,1.0,251.03571428571428,383.75,4.0,Versalles,Valle del Cauca,2757.0,13.919114980050779,False,False
76869,2022,109,1.0,232.59633027522935,240.5,4.0,Vijes,Valle del Cauca,4441.0,5.4154469714028375,False,False
76869,2023,121,1.0,230.44628099173553,491.75,4.0,Vijes,Valle del Cauca,4523.0,10.872208711032501,False,False
76869,2024,114,1.0,240.5,1142.25,4.0,Vijes,Valle del Cauca,4621.0,24.718675611339535,False,False
76890,2022,143,1.0,245.69230769230768,1124.75,4.0,Yotoco,Valle del Cauca,5613.0,20.038303937288436,False,False
76890,2023,164,1.0,241.21341463414635,1230.75,4.0,Yotoco,Valle del Cauca,5681.0,21.664319662031335,False,False
76890,2024,146,1.0,241.85616438356163,1358.0,4.0,Yotoco,Valle del Cauca,5757.0,23.58867465693938,False,False
76892,2022,1381,2.0,256.9934829833454,18935.25,4.0,Yumbo,Valle del Cauca,38229.0,49.53111512202778,True,False
76892,2023,1391,2.0,254.93889288281812,21386.25,4.0,Yumbo,Valle del Cauca,38776.0,55.15331648442336,True,False
76892,2024,1358,2.0,260.36671575846833,17468.25,4.0,Yumbo,Valle del Cauca,39408.0,44.326659561510354,True,False
76892,2025,279,1.0,307.7025089605735,20041.5,4.0,Yumbo,Valle del Cauca,39995.0,50.11001375171896,False,False
76895,2022,480,1.0,236.80625,3823.0,4.0,Zarzal,Valle del Cauca,14689.0,26.026278167336102,False,False
76895,2023,429,1.0,239.53846153846155,5463.75,4.0,Zarzal,Valle del Cauca,14868.0,36.74838579499596,False,False
76895,2024,486,1.0,247.01440329218107,6805.75,4.0,Zarzal,Valle del Cauca,15068.0,45.16691000796389,False,False
76895,2025,2,1.0,257.5,7087.5,4.0,Zarzal,Valle del Cauca,15269.0,46.41757809941712,False,False
81001,2022,1173,2.0,240.3520886615516,11902.75,4.0,Arauca,Arauca,27413.0,43.42009265676869,True,False
81001,2023,1287,2.0,242.52369852369853,8776.5,4.0,Arauca,Arauca,27865.0,31.496500986901133,True,False
81001,2024,1215,2.0,242.99423868312758,8096.5,4.0,Arauca,Arauca,28334.0,28.57520999505894,True,False
81001,2025,20,1.0,219.85,10408.0,4.0,Arauca,Arauca,28780.0,36.164002779708134,False,False
81065,2022,477,1.0,233.22222222222223,1761.75,4.0,Arauquita,Arauca,15847.0,11.117246166466838,False,False
81065,2023,542,1.0,231.63468634686348,1830.75,4.0,Arauquita,Arauca,16056.0,11.40227952167414,False,False
81065,2024,491,2.0,240.54582484725051,2136.25,4.0,Arauquita,Arauca,16311.0,13.096989761510635,True,False
81220,2022,62,1.0,234.32258064516128,357.5,4.0,Cravo Norte,Arauca,1355.0,26.383763837638373,False,False
81220,2023,46,1.0,225.8695652173913,375.75,4.0,Cravo Norte,Arauca,1378.0,27.2677793904209,False,False
81220,2024,53,1.0,232.64150943396226,398.75,4.0,Cravo Norte,Arauca,1398.0,28.52288984263233,False,False
81300,2022,252,1.0,243.41666666666666,1240.75,4.0,Fortul,Arauca,6276.0,19.769757807520712,False,False
81300,2023,298,1.0,240.748322147651,1443.5,4.0,Fortul,Arauca,6385.0,22.60767423649178,False,False
81300,2024,267,1.0,243.50187265917603,995.5,4.0,Fortul,Arauca,6510.0,15.291858678955453,False,False
81591,2022,53,1.0,217.8490566037736,172.75,4.0,Puerto Rondón,Arauca,1465.0,11.791808873720136,False,False
81591,2023,54,1.0,225.90740740740742,201.75,4.0,Puerto Rondón,Arauca,1489.0,13.549361987911348,False,False
81591,2024,48,1.0,233.75,228.0,4.0,Puerto Rondón,Arauca,1519.0,15.009874917709018,False,False
81736,2022,675,1.0,248.1822222222222,6047.5,4.0,Saravena,Arauca,20542.0,29.439684548729435,False,False
81736,2023,833,2.0,253.46458583433375,7551.5,4.0,Saravena,Arauca,20882.0,36.162723877023275,True,False
81736,2024,795,1.0,254.93962264150943,8776.25,4.0,Saravena,Arauca,21250.0,41.3,False,False
81736,2025,14,1.0,213.35714285714286,9391.0,4.0,Saravena,Arauca,21578.0,43.521178978589305,False,False
81794,2022,681,1.0,243.94419970631424,4812.75,4.0,Tame,Arauca,14241.0,33.79502843901411,False,False
81794,2023,706,1.0,246.18130311614732,5344.25,4.0,Tame,Arauca,14482.0,36.902706808451875,False,False
81794,2024,758,2.0,248.3707124010554,6641.0,4.0,Tame,Arauca,14758.0,44.9993224014094,True,False
85001,2022,2661,2.0,257.9135663284479,32880.0,4.0,Yopal,Casanare,63257.0,51.97843716900896,True,False
85001,2023,2908,2.0,257.6929160935351,35137.25,4.0,Yopal,Casanare,65034.0,54.02904634498877,True,False
85001,2024,2851,2.0,262.0091196071554,35113.0,4.0,Yopal,Casanare,66877.0,52.503850352139004,True,False
85001,2025,27,1.0,246.37037037037038,35261.5,4.0,Yopal,Casanare,68695.0,51.33051896062304,False,False
85010,2022,477,1.0,259.1174004192872,3444.75,4.0,Aguazul,Casanare,14152.0,24.34108253250424,False,False
85010,2023,532,1.0,267.47744360902254,4280.25,4.0,Aguazul,Casanare,14370.0,29.786012526096034,False,False
85010,2024,552,1.0,268.4945652173913,4083.75,4.0,Aguazul,Casanare,14614.0,27.94409470370877,False,False
85015,2022,32,1.0,243.34375,43.0,4.0,Chámeza,Casanare,976.0,4.405737704918033,False,False
85015,2023,23,1.0,242.04347826086956,41.5,4.0,Chámeza,Casanare,992.0,4.183467741935484,False,False
85015,2024,28,1.0,232.0,64.5,4.0,Chámeza,Casanare,1011.0,6.379821958456973,False,False
85125,2022,148,1.0,234.25,730.25,4.0,Hato Corozal,Casanare,3718.0,19.640935987089833,False,False
85125,2023,169,1.0,229.97633136094674,699.5,4.0,Hato Corozal,Casanare,3782.0,18.49550502379693,False,False
85125,2024,149,1.0,236.55704697986576,619.0,4.0,Hato Corozal,Casanare,3852.0,16.06957424714434,False,False
85136,2022,14,1.0,238.14285714285714,9.0,4.0,La Salina,Casanare,485.0,1.8556701030927836,False,False
85136,2023,20,1.0,239.6,58.5,4.0,La Salina,Casanare,489.0,11.96319018404908,False,False
85136,2024,24,1.0,239.83333333333334,66.66666666666667,3.0,La Salina,Casanare,506.0,13.175230566534916,False,False
85139,2022,156,1.0,243.21794871794873,115.75,4.0,Maní,Casanare,6437.0,1.7981979182849155,False,False
85139,2023,151,1.0,245.96688741721854,588.0,4.0,Maní,Casanare,6604.0,8.903694730466384,False,False
85139,2024,160,1.0,250.49375,598.25,4.0,Maní,Casanare,6777.0,8.827652353548768,False,False
85162,2022,200,1.0,252.36,860.25,4.0,Monterrey,Casanare,6936.0,12.402681660899654,False,False
85162,2023,216,1.0,251.4398148148148,1310.5,4.0,Monterrey,Casanare,7057.0,18.57021397194275,False,False
85162,2024,196,1.0,255.0408163265306,1755.75,4.0,Monterrey,Casanare,7181.0,24.44993733463306,False,False
85225,2022,92,1.0,246.31521739130434,54.75,4.0,Nunchía,Casanare,2933.0,1.8666893965223321,False,False
85225,2023,106,1.0,245.11320754716982,64.0,4.0,Nunchía,Casanare,2985.0,2.1440536013400338,False,False
85225,2024,108,1.0,240.77777777777777,71.25,4.0,Nunchía,Casanare,3041.0,2.342979283130549,False,False
85230,2022,141,1.0,240.95744680851064,296.25,4.0,Orocué,Casanare,3921.0,7.555470543228767,False,False
85230,2023,160,1.0,236.56875,456.75,4.0,Orocué,Casanare,4040.0,11.305693069306932,False,False
85230,2024,140,1.0,243.69285714285715,485.25,4.0,Orocué,Casanare,4170.0,11.636690647482014,False,False
85250,2022,454,1.0,250.41850220264317,1650.25,4.0,Paz de Ariporo,Casanare,12131.0,13.603577611079054,False,False
85250,2023,499,2.0,252.1002004008016,2041.0,4.0,Paz de Ariporo,Casanare,12329.0,16.55446508232622,True,False
85250,2024,478,1.0,256.1694560669456,2437.75,4.0,Paz de Ariporo,Casanare,12524.0,19.464627914404346,False,False
85263,2022,151,1.0,245.27814569536423,198.75,4.0,Pore,Casanare,4587.0,4.332897318508829,False,False
85263,2023,156,1.0,245.30128205128204,220.5,4.0,Pore,Casanare,4705.0,4.686503719447396,False,False
85263,2024,179,1.0,251.19553072625698,284.0,4.0,Pore,Casanare,4826.0,5.884790716949855,False,False
85279,2022,20,1.0,249.1,1.75,4.0,Recetor,Casanare,686.0,0.25510204081632654,False,False
85279,2023,7,1.0,245.71428571428572,13.5,4.0,Recetor,Casanare,691.0,1.9536903039073805,False,False
85279,2024,11,1.0,235.0,26.75,4.0,Recetor,Casanare,706.0,3.788951841359774,False,False
85300,2022,44,1.0,245.79545454545453,1.0,4.0,Sabanalarga,Casanare,1450.0,0.06896551724137931,False,False
85300,2023,52,1.0,254.80769230769232,1.0,4.0,Sabanalarga,Casanare,1476.0,0.06775067750677506,False,False
85315,2022,17,1.0,250.52941176470588,90.25,4.0,Sácama,Casanare,779.0,11.585365853658537,False,False
85315,2023,23,1.0,257.4347826086956,112.25,4.0,Sácama,Casanare,787.0,14.263024142312581,False,False
85315,2024,16,1.0,271.0,100.75,4.0,Sácama,Casanare,801.0,12.578027465667915,False,False
85325,2022,62,1.0,257.5,169.5,4.0,San Luis de Palenque,Casanare,2677.0,6.331714605902129,False,False
85325,2023,77,1.0,255.01298701298703,110.25,4.0,San Luis de Palenque,Casanare,2722.0,4.050330639235856,False,False
85325,2024,73,1.0,247.76712328767124,124.25,4.0,San Luis de Palenque,Casanare,2768.0,4.488800578034683,False,False
85400,2022,74,1.0,248.98648648648648,30.5,4.0,Támara,Casanare,2369.0,1.287463064584213,False,False
85400,2023,77,1.0,232.83116883116884,25.75,4.0,Támara,Casanare,2411.0,1.068021567814185,False,False
85400,2024,55,1.0,247.78181818181818,53.25,4.0,Támara,Casanare,2451.0,2.172582619339045,False,False
85410,2022,363,1.0,252.9366391184573,1960.0,4.0,Tauramena,Casanare,7971.0,24.58913561661021,False,False
85410,2023,341,1.0,253.99120234604106,2454.0,4.0,Tauramena,Casanare,8153.0,30.09934993254017,False,False
85410,2024,350,1.0,264.75142857142856,1967.5,4.0,Tauramena,Casanare,8337.0,23.59961616888569,False,False
85430,2022,175,1.0,235.76,395.25,4.0,Trinidad,Casanare,4290.0,9.213286713286713,False,False
85430,2023,204,1.0,243.9558823529412,353.0,4.0,Trinidad,Casanare,4358.0,8.10004589261129,False,False
85430,2024,193,1.0,238.02072538860102,412.75,4.0,Trinidad,Casanare,4435.0,9.306651634723789,False,False
85440,2022,464,2.0,247.91594827586206,2758.0,4.0,Villanueva,Casanare,14680.0,18.787465940054496,True,False
85440,2023,503,2.0,249.4314115308151,4431.5,4.0,Villanueva,Casanare,15121.0,29.306924145228493,True,False
85440,2024,549,2.0,252.07650273224044,4278.5,4.0,Villanueva,Casanare,15583.0,27.45620227170635,True,False
85440,2025,11,1.0,221.8181818181818,4488.25,4.0,Villanueva,Casanare,16042.0,27.978119935170177,False,False
86001,2022,801,2.0,254.2134831460674,2386.25,4.0,Mocoa,Putumayo,24240.0,9.844265676567657,True,False
86001,2023,825,2.0,256.32242424242423,3936.0,4.0,Mocoa,Putumayo,25079.0,15.694405678057338,True,False
86001,2024,784,2.0,260.9400510204082,4482.5,4.0,Mocoa,Putumayo,25898.0,17.30828635415862,True,False
86219,2022,61,1.0,250.5737704918033,185.25,4.0,Colón,Putumayo,2201.0,8.416628805088596,False,False
86219,2023,53,1.0,255.75471698113208,126.0,4.0,Colón,Putumayo,2254.0,5.590062111801243,False,False
86219,2024,57,1.0,242.82456140350877,258.75,4.0,Colón,Putumayo,2295.0,11.27450980392157,False,False
86320,2022,492,2.0,232.8211382113821,2059.5,4.0,Orito,Putumayo,16084.0,12.804650584431734,True,False
86320,2023,531,2.0,240.17325800376648,1909.0,4.0,Orito,Putumayo,16325.0,11.693721286370597,True,False
86320,2024,478,1.0,240.68828451882845,2364.75,4.0,Orito,Putumayo,16555.0,14.284204167925099,False,False
86320,2025,3,1.0,228.66666666666666,2739.25,4.0,Orito,Putumayo,16790.0,16.314770696843357,False,False
86568,2022,755,2.0,236.6344370860927,1187.5,4.0,Puerto Asís,Putumayo,25057.0,4.739194636229397,True,False
86568,2023,892,2.0,239.9506726457399,3265.5,4.0,Puerto Asís,Putumayo,25725.0,12.693877551020408,True,False
86568,2024,963,2.0,240.8380062305296,6151.0,4.0,Puerto Asís,Putumayo,26384.0,23.31337174044876,True,False
86568,2025,23,1.0,216.2608695652174,10571.75,4.0,Puerto Asís,Putumayo,27041.0,39.095262749158685,False,False
86569,2022,112,1.0,233.86607142857142,81.25,4.0,Puerto Caicedo,Putumayo,8104.0,1.0025913129318855,False,False
86569,2023,100,1.0,249.26,39.0,4.0,Puerto Caicedo,Putumayo,8271.0,0.4715270221254987,False,False
86569,2024,120,1.0,240.85833333333332,363.75,4.0,Puerto Caicedo,Putumayo,8442.0,4.308813077469794,False,False
86571,2022,132,1.0,228.66666666666666,102.75,4.0,Puerto Guzmán,Putumayo,13460.0,0.763372956909361,False,False
86571,2023,142,1.0,236.07746478873239,71.25,4.0,Puerto Guzmán,Putumayo,13947.0,0.5108625510862551,False,False
86571,2024,163,1.0,239.6073619631902,145.75,4.0,Puerto Guzmán,Putumayo,14428.0,1.0101885223177156,False,False
86573,2022,182,1.0,219.3846153846154,327.0,4.0,Puerto Leguízamo,Putumayo,11209.0,2.917298599339816,False,False
86573,2023,226,1.0,220.78318584070797,337.75,4.0,Puerto Leguízamo,Putumayo,11746.0,2.8754469606674613,False,False
86573,2024,205,1.0,227.6341463414634,348.25,4.0,Puerto Leguízamo,Putumayo,12283.0,2.8352194089391842,False,False
86749,2022,289,1.0,251.82006920415225,470.0,4.0,Sibundoy,Putumayo,5937.0,7.916456122620852,False,False
86749,2023,276,1.0,253.6340579710145,337.0,4.0,Sibundoy,Putumayo,6070.0,5.551894563426689,False,False
86749,2024,288,1.0,258.6875,569.75,4.0,Sibundoy,Putumayo,6201.0,9.18803418803419,False,False
86755,2022,86,1.0,241.27906976744185,77.0,4.0,San Francisco,Putumayo,2139.0,3.5998129967274424,False,False
86755,2023,73,1.0,242.15068493150685,101.0,4.0,San Francisco,Putumayo,2164.0,4.66728280961183,False,False
86755,2024,80,1.0,247.6875,240.5,4.0,San Francisco,Putumayo,2190.0,10.981735159817351,False,False
86757,2022,239,1.0,223.38912133891213,429.75,4.0,San Miguel,Putumayo,7324.0,5.867695248498088,False,False
86757,2023,273,1.0,221.67399267399267,343.0,4.0,San Miguel,Putumayo,7450.0,4.604026845637584,False,False
86757,2024,250,1.0,224.86,468.5,4.0,San Miguel,Putumayo,7575.0,6.184818481848184,False,False
86760,2022,70,1.0,220.31428571428572,216.5,4.0,Santiago,Putumayo,2787.0,7.768209544312882,False,False
86760,2023,82,1.0,230.58536585365854,244.25,4.0,Santiago,Putumayo,2804.0,8.71077032810271,False,False
86760,2024,65,1.0,235.2923076923077,236.75,4.0,Santiago,Putumayo,2843.0,8.32747098135772,False,False
86865,2022,495,2.0,237.61818181818182,1790.5,4.0,Valle del Guamuez,Putumayo,14732.0,12.153814824871029,True,False
86865,2023,506,2.0,240.37747035573122,4867.0,4.0,Valle del Guamuez,Putumayo,14962.0,32.52907365325491,True,False
86865,2024,507,2.0,242.22090729783037,4409.0,4.0,Valle del Guamuez,Putumayo,15194.0,29.018033434250363,True,False
86865,2025,23,1.0,217.43478260869566,4958.25,4.0,Valle del Guamuez,Putumayo,15416.0,32.16301245459263,False,False
86885,2022,325,1.0,240.35384615384615,281.75,4.0,Villagarzón,Putumayo,8501.0,3.3143159628279024,False,False
86885,2023,352,1.0,247.01420454545453,347.75,4.0,Villagarzón,Putumayo,8694.0,3.9998849781458476,False,False
86885,2024,361,1.0,251.23268698060943,535.75,4.0,Villagarzón,Putumayo,8902.0,6.018310492024264,False,False
88001,2022,532,1.0,239.77255639097746,3739.5,4.0,San Andrés,"Archipiélago de San Andrés, Providencia y Santa Catalina",19278.0,19.39775910364146,False,False
88001,2023,569,1.0,241.00527240773286,9706.75,4.0,San Andrés,"Archipiélago de San Andrés, Providencia y Santa Catalina",19523.0,49.719561542795674,False,False
88001,2024,529,1.0,243.4328922495274,11008.5,4.0,San Andrés,"Archipiélago de San Andrés, Providencia y Santa Catalina",19780.0,55.65470171890799,False,False
88001,2025,3,1.0,209.0,11906.5,4.0,San Andrés,"Archipiélago de San Andrés, Providencia y Santa Catalina",20031.0,59.44036743048275,False,False
88564,2023,68,1.0,223.3235294117647,148.0,1.0,Providencia,"Archipiélago de San Andrés, Providencia y Santa Catalina",2340.0,6.3247863247863245,False,False
88564,2024,76,1.0,224.56578947368422,145.75,4.0,Providencia,"Archipiélago de San Andrés, Providencia y Santa Catalina",2380.0,6.123949579831932,False,False
91001,2022,650,1.0,222.17384615384614,445.5,4.0,Leticia,Amazonas,13632.0,3.2680457746478875,False,False
91001,2023,734,1.0,228.3910081743869,425.0,4.0,Leticia,Amazonas,14019.0,3.0315999714672945,False,False
91001,2024,705,1.0,223.4482269503546,253.5,4.0,Leticia,Amazonas,14383.0,1.7624973927553362,False,False
91263,2022,12,1.0,201.16666666666666,2.6666666666666665,3.0,El Encanto (ANM),Amazonas,520.0,0.5128205128205128,False,False
91263,2023,19,1.0,204.10526315789474,4.333333333333333,3.0,El Encanto (ANM),Amazonas,531.0,0.8160703075957313,False,False
91263,2024,11,1.0,200.45454545454547,4.75,4.0,El Encanto (ANM),Amazonas,545.0,0.871559633027523,False,False
91405,2022,27,1.0,200.37037037037038,67.33333333333333,3.0,La Chorrera (ANM),Amazonas,640.0,10.520833333333332,False,False
91405,2023,35,1.0,208.4857142857143,35.0,4.0,La Chorrera (ANM),Amazonas,653.0,5.359877488514548,False,False
91405,2024,17,1.0,198.47058823529412,25.25,4.0,La Chorrera (ANM),Amazonas,668.0,3.779940119760479,False,False
91536,2023,10,1.0,187.2,3.25,4.0,Puerto Arica (ANM),Amazonas,320.0,1.015625,False,False
91536,2024,7,1.0,204.14285714285714,3.0,4.0,Puerto Arica (ANM),Amazonas,325.0,0.9230769230769231,False,False
91540,2023,85,1.0,199.5529411764706,1.25,4.0,Puerto Nariño,Amazonas,2721.0,0.04593899301727306,False,False
91540,2024,67,1.0,195.92537313432837,1.0,2.0,Puerto Nariño,Amazonas,2811.0,0.03557452863749555,False,False
91798,2022,21,1.0,192.57142857142858,18.25,4.0,Tarapacá (ANM),Amazonas,948.0,1.9251054852320677,False,False
91798,2023,6,1.0,210.16666666666666,15.75,4.0,Tarapacá (ANM),Amazonas,964.0,1.6338174273858923,False,False
91798,2024,2,1.0,227.5,8.75,4.0,Tarapacá (ANM),Amazonas,988.0,0.8856275303643725,False,False
94001,2022,300,2.0,234.02333333333334,705.75,4.0,Inírida,Guainía,9500.0,7.428947368421053,True,False
94001,2023,303,2.0,227.42904290429044,531.25,4.0,Inírida,Guainía,9950.0,5.339195979899498,True,False
94001,2024,304,2.0,229.57565789473685,371.5,4.0,Inírida,Guainía,10388.0,3.5762418174817094,True,False
94001,2025,27,1.0,200.03703703703704,356.75,4.0,Inírida,Guainía,10810.0,3.3001850138760407,False,False
94343,2022,76,1.0,192.71052631578948,10.0,1.0,Barrancominas,Guainía,1381.0,0.724112961622013,False,False
94343,2023,116,1.0,186.69827586206895,15.0,1.0,Barrancominas,Guainía,1449.0,1.0351966873706004,False,False
94343,2024,106,1.0,199.91509433962264,53.5,2.0,Barrancominas,Guainía,1510.0,3.543046357615894,False,False
94883,2022,9,1.0,215.33333333333334,22.0,4.0,San Felipe (ANM),Guainía,335.0,6.567164179104477,False,False
94883,2023,7,1.0,214.57142857142858,21.75,4.0,San Felipe (ANM),Guainía,348.0,6.25,False,False
94883,2024,10,1.0,202.7,18.75,4.0,San Felipe (ANM),Guainía,361.0,5.193905817174515,False,False
95001,2022,791,2.0,232.32743362831857,1341.0,4.0,San José del Guaviare,Guaviare,16540.0,8.107617896009673,True,False
95001,2023,832,2.0,238.11778846153845,936.75,4.0,San José del Guaviare,Guaviare,16797.0,5.5768887301303804,True,False
95001,2024,831,2.0,237.7665463297232,454.75,4.0,San José del Guaviare,Guaviare,17038.0,2.669033924169504,True,False
95001,2025,16,1.0,214.6875,2792.0,4.0,San José del Guaviare,Guaviare,17251.0,16.184569010492144,False,False
95015,2022,97,1.0,220.95876288659792,239.5,4.0,Calamar,Guaviare,3040.0,7.878289473684211,False,False
95015,2023,71,1.0,233.7887323943662,220.75,4.0,Calamar,Guaviare,3091.0,7.141701714655452,False,False
95015,2024,94,1.0,226.6595744680851,242.25,4.0,Calamar,Guaviare,3142.0,7.7100572883513685,False,False
95025,2022,153,1.0,217.83660130718954,63.0,4.0,El Retorno,Guaviare,3797.0,1.6592046352383463,False,False
95025,2023,133,1.0,229.11278195488723,82.5,4.0,El Retorno,Guaviare,3829.0,2.1546095586314964,False,False
95025,2024,148,1.0,231.25,150.25,4.0,El Retorno,Guaviare,3866.0,3.8864459389549926,False,False
97001,2022,400,1.0,215.8275,3.6666666666666665,3.0,Mitú,Vaupés,5904.0,0.06210478771454381,False,False
97001,2023,379,1.0,213.1292875989446,5.0,4.0,Mitú,Vaupés,6041.0,0.08276775368316504,False,False
97001,2024,338,1.0,215.34615384615384,58.0,4.0,Mitú,Vaupés,6189.0,0.9371465503312328,False,False
99001,2022,241,1.0,227.98340248962654,867.5,4.0,Puerto Carreño,Vichada,7095.0,12.22692036645525,False,False
99001,2023,238,1.0,233.63025210084032,738.0,4.0,Puerto Carreño,Vichada,7310.0,10.09575923392613,False,False
99001,2024,235,1.0,238.08510638297872,532.25,4.0,Puerto Carreño,Vichada,7529.0,7.069331916589189,False,False
99524,2022,111,1.0,237.63063063063063,10.0,1.0,La Primavera,Vichada,3130.0,0.3194888178913738,False,False
99524,2023,135,1.0,237.21481481481482,15.0,1.0,La Primavera,Vichada,3185.0,0.47095761381475665,False,False
99524,2024,116,1.0,233.58620689655172,31.0,2.0,La Primavera,Vichada,3240.0,0.9567901234567902,False,False
99624,2022,37,1.0,221.45945945945945,10.0,1.0,Santa Rosalía,Vichada,1176.0,0.8503401360544218,False,False
99624,2023,52,1.0,227.44230769230768,15.0,1.0,Santa Rosalía,Vichada,1192.0,1.2583892617449663,False,False
99624,2024,43,1.0,239.1860465116279,15.0,2.0,Santa Rosalía,Vichada,1201.0,1.2489592006661114,False,False
99773,2022,222,1.0,196.71621621621622,15.0,1.0,Cumaribo,Vichada,22114.0,0.06783033372524193,False,False
99773,2023,266,1.0,203.00375939849624,42.5,2.0,Cumaribo,Vichada,23698.0,0.1793400286944046,False,False
99773,2024,329,1.0,185.45896656534956,137.75,4.0,Cumaribo,Vichada,25325.0,0.543928923988154,False,False
99773,2025,16,1.0,186.0625,303.0,4.0,Cumaribo,Vichada,26975.0,1.123262279888786,False,False
